customer_id,tenure_months,contract,internet_service,monthly_charges,total_charges,tech_support,online_security,paperless_billing,payment_method,num_support_calls,senior_citizen,partner,dependents,churn
CUST-00000,11,Month-to-month,Fiber optic,107.02,1304.73,No,Yes,Yes,Electronic check,1,0,No,No,1
CUST-00001,72,Month-to-month,Fiber optic,64.94,4941.04,Yes,No,Yes,Electronic check,2,1,No,Yes,0
CUST-00002,31,Two year,Fiber optic,44.55,1481.94,No,Yes,Yes,Electronic check,1,0,No,No,0
CUST-00003,21,Month-to-month,DSL,68.08,1376.07,No,Yes,No,Mailed check,1,1,Yes,No,0
CUST-00004,4,Two year,DSL,51.24,232.68,Yes,No,Yes,Credit card,2,0,No,Yes,0
CUST-00005,4,Month-to-month,No,49.58,252.0,Yes,Yes,Yes,Credit card,0,0,Yes,Yes,0
CUST-00006,1,One year,Fiber optic,75.83,152.64,No,Yes,Yes,Bank transfer,0,1,Yes,No,0
CUST-00007,48,Two year,DSL,24.91,1130.79,No,No,Yes,Credit card,1,0,No,No,0
CUST-00008,22,Month-to-month,DSL,28.9,666.48,Yes,No,No,Bank transfer,2,0,Yes,Yes,0
CUST-00009,29,Month-to-month,DSL,65.48,1772.52,No,No,Yes,Mailed check,2,0,No,Yes,0
CUST-00010,0,Month-to-month,No,64.44,64.1,No,No,Yes,Electronic check,0,0,No,No,0
CUST-00011,72,One year,DSL,73.59,5505.54,No,Yes,No,Bank transfer,1,0,No,No,0
CUST-00012,42,Month-to-month,No,111.88,4792.92,Yes,Yes,No,Electronic check,1,1,No,No,0
CUST-00013,5,One year,Fiber optic,67.61,369.07,No,No,No,Mailed check,2,0,Yes,No,1
CUST-00014,4,Month-to-month,DSL,79.95,419.2,Yes,No,No,Credit card,0,0,Yes,No,0
CUST-00015,4,Month-to-month,Fiber optic,40.61,193.59,No,Yes,Yes,Electronic check,0,0,Yes,No,0
CUST-00016,8,Month-to-month,Fiber optic,84.2,725.27,No,Yes,Yes,Electronic check,2,0,No,No,0
CUST-00017,17,Month-to-month,Fiber optic,51.84,851.67,Yes,Yes,No,Electronic check,3,0,No,Yes,0
CUST-00018,13,One year,Fiber optic,66.79,864.99,No,No,No,Bank transfer,3,0,Yes,No,1
CUST-00019,8,Two year,Fiber optic,62.28,527.27,Yes,Yes,No,Electronic check,0,0,Yes,Yes,0
CUST-00020,22,One year,Fiber optic,90.82,2130.39,No,No,No,Mailed check,2,0,No,No,1
CUST-00021,3,Month-to-month,Fiber optic,32.25,129.49,Yes,Yes,No,Electronic check,2,0,No,No,1
CUST-00022,8,Two year,No,18.0,159.98,No,No,Yes,Mailed check,0,0,No,No,0
CUST-00023,10,One year,Fiber optic,59.66,675.67,Yes,No,Yes,Electronic check,0,0,No,Yes,0
CUST-00024,14,Two year,DSL,76.71,1207.8,No,No,No,Credit card,1,0,No,No,0
CUST-00025,36,Month-to-month,Fiber optic,68.81,2438.32,No,No,No,Mailed check,0,0,Yes,No,1
CUST-00026,5,Month-to-month,No,95.81,551.11,No,No,No,Bank transfer,1,0,No,Yes,0
CUST-00027,17,Month-to-month,No,75.93,1380.97,Yes,Yes,No,Bank transfer,2,0,No,Yes,0
CUST-00028,21,One year,DSL,50.9,1116.05,No,Yes,Yes,Mailed check,0,1,No,Yes,1
CUST-00029,1,Month-to-month,DSL,18.0,32.47,Yes,No,Yes,Electronic check,2,0,Yes,No,0
CUST-00030,22,Month-to-month,Fiber optic,59.07,1356.32,No,No,Yes,Mailed check,2,0,Yes,Yes,0
CUST-00031,4,Month-to-month,No,90.7,457.1,No,No,No,Bank transfer,1,0,No,Yes,0
CUST-00032,1,One year,No,55.2,115.69,No,No,Yes,Mailed check,1,0,No,Yes,0
CUST-00033,71,One year,No,65.71,4674.42,No,No,Yes,Electronic check,2,0,No,No,0
CUST-00034,72,Month-to-month,DSL,75.53,5528.37,Yes,No,No,Electronic check,1,0,No,No,0
CUST-00035,39,Month-to-month,Fiber optic,39.62,1613.82,No,No,Yes,Electronic check,0,0,No,Yes,0
CUST-00036,8,One year,No,80.58,663.14,Yes,No,No,Electronic check,4,1,No,No,1
CUST-00037,2,Two year,Fiber optic,105.93,321.03,No,No,Yes,Credit card,1,0,No,No,1
CUST-00038,27,One year,DSL,60.68,1668.51,No,No,Yes,Electronic check,4,0,No,No,0
CUST-00039,13,Two year,Fiber optic,36.77,471.03,No,No,No,Mailed check,3,0,No,No,0
CUST-00040,3,One year,No,63.33,253.44,No,No,No,Bank transfer,2,0,No,No,0
CUST-00041,16,One year,Fiber optic,18.0,286.16,Yes,No,Yes,Credit card,2,0,Yes,No,0
CUST-00042,0,Month-to-month,Fiber optic,73.42,72.0,No,No,No,Mailed check,2,0,Yes,No,1
CUST-00043,57,One year,DSL,76.31,4169.91,Yes,Yes,Yes,Electronic check,0,0,Yes,No,0
CUST-00044,7,One year,DSL,106.89,783.02,No,No,Yes,Electronic check,2,0,No,No,1
CUST-00045,26,One year,DSL,60.15,1522.76,No,Yes,Yes,Mailed check,3,0,Yes,No,0
CUST-00046,8,Month-to-month,Fiber optic,75.21,653.75,Yes,No,No,Mailed check,1,0,Yes,No,0
CUST-00047,17,Month-to-month,Fiber optic,43.47,762.21,Yes,Yes,Yes,Electronic check,0,0,Yes,No,1
CUST-00048,18,Month-to-month,DSL,56.09,982.87,Yes,Yes,Yes,Electronic check,1,1,No,Yes,0
CUST-00049,4,Month-to-month,No,26.87,127.38,No,No,No,Credit card,1,0,Yes,No,0
CUST-00050,72,Month-to-month,No,60.13,4516.38,Yes,No,Yes,Electronic check,3,1,Yes,No,0
CUST-00051,35,Two year,DSL,57.37,2140.82,No,No,Yes,Mailed check,1,0,Yes,No,0
CUST-00052,67,Month-to-month,No,72.48,4831.43,No,Yes,Yes,Credit card,2,0,Yes,Yes,0
CUST-00053,54,Month-to-month,Fiber optic,49.41,2645.68,Yes,Yes,No,Bank transfer,2,0,No,Yes,0
CUST-00054,21,Month-to-month,DSL,67.08,1456.89,No,Yes,Yes,Mailed check,2,1,No,No,0
CUST-00055,61,One year,DSL,56.67,3275.27,No,No,No,Electronic check,1,0,No,No,0
CUST-00056,2,Month-to-month,Fiber optic,56.71,178.47,Yes,No,Yes,Credit card,1,0,No,Yes,1
CUST-00057,5,Month-to-month,DSL,67.01,406.8,No,No,Yes,Electronic check,2,0,No,No,1
CUST-00058,1,One year,DSL,66.01,123.55,Yes,No,No,Bank transfer,1,1,Yes,Yes,0
CUST-00059,9,Month-to-month,Fiber optic,84.03,790.57,Yes,No,Yes,Credit card,2,1,Yes,Yes,1
CUST-00060,11,Two year,Fiber optic,61.98,741.72,No,Yes,No,Electronic check,2,0,No,Yes,1
CUST-00061,7,Two year,Fiber optic,56.25,426.79,No,No,Yes,Bank transfer,2,0,No,Yes,0
CUST-00062,42,Month-to-month,DSL,60.48,2479.18,No,No,Yes,Credit card,4,0,No,No,0
CUST-00063,10,Month-to-month,Fiber optic,47.13,527.32,No,Yes,Yes,Bank transfer,0,0,Yes,Yes,0
CUST-00064,7,One year,Fiber optic,56.0,421.14,No,Yes,Yes,Mailed check,2,1,No,No,0
CUST-00065,18,Month-to-month,DSL,115.78,2212.55,Yes,Yes,Yes,Credit card,0,0,No,No,1
CUST-00066,3,Month-to-month,DSL,42.18,175.51,Yes,No,Yes,Bank transfer,2,0,No,No,0
CUST-00067,38,Month-to-month,DSL,58.03,2078.99,Yes,No,Yes,Bank transfer,1,0,Yes,No,0
CUST-00068,1,Two year,DSL,55.31,101.95,No,No,Yes,Bank transfer,1,0,Yes,No,0
CUST-00069,72,Month-to-month,No,58.82,4471.76,No,No,Yes,Electronic check,2,0,Yes,Yes,0
CUST-00070,35,One year,No,56.72,1900.06,Yes,No,Yes,Electronic check,2,0,No,No,0
CUST-00071,5,One year,No,71.98,390.05,Yes,No,Yes,Electronic check,2,0,Yes,No,0
CUST-00072,0,Month-to-month,DSL,22.25,22.92,No,No,Yes,Electronic check,0,0,No,No,1
CUST-00073,40,Month-to-month,Fiber optic,90.93,3513.19,Yes,Yes,Yes,Electronic check,2,0,Yes,No,1
CUST-00074,29,Two year,No,80.81,2290.36,No,Yes,No,Mailed check,2,0,Yes,No,0
CUST-00075,31,Month-to-month,Fiber optic,33.93,1014.14,No,No,No,Electronic check,2,1,Yes,No,1
CUST-00076,35,One year,Fiber optic,18.0,672.4,No,No,Yes,Credit card,0,0,Yes,No,0
CUST-00077,1,Month-to-month,Fiber optic,40.57,82.45,Yes,No,Yes,Bank transfer,3,0,Yes,No,1
CUST-00078,10,Month-to-month,Fiber optic,58.93,641.44,No,No,Yes,Bank transfer,1,0,Yes,Yes,0
CUST-00079,2,Month-to-month,No,120.0,348.48,Yes,Yes,No,Mailed check,2,0,Yes,No,1
CUST-00080,47,Month-to-month,DSL,78.58,3475.86,No,Yes,Yes,Electronic check,6,0,Yes,No,1
CUST-00081,23,Month-to-month,DSL,19.81,493.93,Yes,No,Yes,Mailed check,1,0,No,No,0
CUST-00082,9,Two year,DSL,47.76,483.55,No,No,Yes,Bank transfer,1,1,Yes,No,0
CUST-00083,1,Month-to-month,DSL,63.67,119.93,No,Yes,No,Bank transfer,2,1,Yes,Yes,0
CUST-00084,8,Month-to-month,Fiber optic,71.34,669.11,Yes,No,No,Electronic check,0,0,No,No,1
CUST-00085,9,Month-to-month,DSL,32.13,334.24,No,Yes,Yes,Bank transfer,1,0,Yes,No,0
CUST-00086,31,One year,DSL,61.63,1970.05,No,No,Yes,Bank transfer,3,0,No,No,0
CUST-00087,24,Month-to-month,Fiber optic,47.06,1232.68,Yes,No,No,Bank transfer,0,0,Yes,No,0
CUST-00088,52,One year,DSL,37.41,1840.15,Yes,Yes,Yes,Electronic check,2,0,No,No,0
CUST-00089,15,Month-to-month,Fiber optic,71.49,1154.95,No,Yes,Yes,Mailed check,0,0,Yes,No,1
CUST-00090,3,Month-to-month,Fiber optic,84.35,311.36,No,Yes,No,Mailed check,0,0,Yes,No,1
CUST-00091,29,Month-to-month,Fiber optic,86.03,2590.59,No,No,Yes,Mailed check,1,0,No,No,0
CUST-00092,34,Two year,Fiber optic,79.36,2883.09,No,No,Yes,Mailed check,3,0,Yes,Yes,0
CUST-00093,19,Month-to-month,No,52.57,1030.81,No,Yes,Yes,Electronic check,4,0,No,No,1
CUST-00094,35,Month-to-month,No,82.86,3026.09,No,No,No,Electronic check,0,1,Yes,No,0
CUST-00095,16,Month-to-month,Fiber optic,72.73,1139.31,No,Yes,Yes,Electronic check,4,0,Yes,No,0
CUST-00096,17,Two year,DSL,68.35,1224.12,Yes,Yes,No,Electronic check,2,0,No,No,0
CUST-00097,13,Month-to-month,DSL,49.71,632.94,No,Yes,Yes,Electronic check,0,1,Yes,No,1
CUST-00098,0,Month-to-month,Fiber optic,52.58,47.61,Yes,Yes,No,Electronic check,1,0,No,Yes,1
CUST-00099,2,Month-to-month,Fiber optic,66.85,199.57,Yes,No,No,Electronic check,1,0,Yes,No,0
CUST-00100,0,Month-to-month,No,120.0,118.31,No,Yes,Yes,Bank transfer,3,0,No,No,1
CUST-00101,24,One year,DSL,72.53,1721.48,No,No,Yes,Credit card,1,0,Yes,Yes,0
CUST-00102,9,One year,No,49.72,485.73,Yes,No,No,Electronic check,1,0,No,No,0
CUST-00103,17,Month-to-month,Fiber optic,44.19,797.53,Yes,No,No,Electronic check,1,1,Yes,Yes,1
CUST-00104,57,Month-to-month,DSL,52.71,3047.12,No,No,Yes,Credit card,1,0,No,No,0
CUST-00105,6,Month-to-month,Fiber optic,119.43,761.64,No,No,No,Bank transfer,1,1,No,No,1
CUST-00106,12,Month-to-month,Fiber optic,55.02,716.49,No,No,Yes,Electronic check,2,0,Yes,Yes,1
CUST-00107,33,Month-to-month,DSL,87.67,2977.59,No,Yes,Yes,Bank transfer,2,0,No,No,1
CUST-00108,6,One year,Fiber optic,55.6,389.37,Yes,No,No,Electronic check,0,0,No,No,1
CUST-00109,1,Two year,Fiber optic,71.53,146.94,Yes,No,Yes,Bank transfer,3,0,No,No,0
CUST-00110,8,Two year,Fiber optic,84.79,752.81,Yes,No,Yes,Credit card,3,0,Yes,No,0
CUST-00111,4,Two year,Fiber optic,50.7,263.81,Yes,No,No,Electronic check,1,1,Yes,Yes,1
CUST-00112,63,One year,DSL,48.97,3281.39,No,No,No,Credit card,0,0,Yes,No,0
CUST-00113,39,One year,DSL,106.47,4313.21,Yes,No,No,Electronic check,1,0,Yes,No,0
CUST-00114,24,Month-to-month,Fiber optic,89.61,2136.76,Yes,Yes,No,Mailed check,2,1,No,No,0
CUST-00115,49,One year,Fiber optic,84.77,3905.63,No,Yes,No,Mailed check,2,0,No,Yes,0
CUST-00116,39,Month-to-month,Fiber optic,84.68,3465.18,No,No,Yes,Bank transfer,3,0,Yes,Yes,1
CUST-00117,4,Month-to-month,DSL,76.49,352.62,No,Yes,Yes,Electronic check,3,0,No,No,0
CUST-00118,53,One year,Fiber optic,115.44,5747.06,No,No,Yes,Bank transfer,2,0,Yes,Yes,0
CUST-00119,18,Month-to-month,DSL,66.1,1303.44,Yes,No,Yes,Bank transfer,2,0,Yes,No,0
CUST-00120,39,Month-to-month,Fiber optic,79.43,3126.3,No,No,No,Mailed check,2,0,No,No,0
CUST-00121,54,Two year,Fiber optic,28.73,1491.66,Yes,No,Yes,Electronic check,1,0,No,No,0
CUST-00122,9,Month-to-month,No,44.38,463.53,No,No,Yes,Electronic check,0,0,No,No,0
CUST-00123,2,Month-to-month,DSL,34.98,105.58,No,No,No,Bank transfer,2,1,No,Yes,1
CUST-00124,6,Two year,Fiber optic,96.85,664.54,No,Yes,Yes,Credit card,1,0,Yes,No,0
CUST-00125,13,One year,No,18.0,239.25,No,No,Yes,Mailed check,1,0,Yes,Yes,0
CUST-00126,40,Month-to-month,DSL,54.94,2255.9,No,No,Yes,Bank transfer,0,0,No,No,0
CUST-00127,47,Month-to-month,No,18.0,872.32,No,No,No,Electronic check,0,0,Yes,No,0
CUST-00128,0,Month-to-month,DSL,44.22,44.52,Yes,No,Yes,Mailed check,3,0,No,No,1
CUST-00129,17,Two year,DSL,52.73,882.04,No,Yes,Yes,Electronic check,1,0,Yes,Yes,0
CUST-00130,12,One year,No,99.62,1301.0,Yes,No,Yes,Bank transfer,0,1,No,No,0
CUST-00131,6,Month-to-month,Fiber optic,74.92,517.74,No,No,Yes,Credit card,4,0,No,No,1
CUST-00132,3,Month-to-month,DSL,44.17,181.54,Yes,No,Yes,Credit card,1,0,No,No,1
CUST-00133,9,Month-to-month,DSL,91.65,910.74,Yes,No,No,Electronic check,1,0,No,Yes,0
CUST-00134,68,Two year,Fiber optic,65.45,4163.53,No,No,Yes,Bank transfer,2,0,Yes,No,0
CUST-00135,9,Month-to-month,Fiber optic,65.94,624.97,Yes,No,Yes,Electronic check,0,0,Yes,Yes,0
CUST-00136,17,One year,Fiber optic,34.93,636.02,No,No,No,Electronic check,3,1,No,No,1
CUST-00137,29,Month-to-month,DSL,40.25,1220.78,Yes,Yes,No,Electronic check,3,0,Yes,No,1
CUST-00138,10,One year,DSL,44.37,455.57,No,No,Yes,Electronic check,1,0,No,No,0
CUST-00139,72,Two year,DSL,66.16,4603.6,No,Yes,Yes,Bank transfer,1,0,Yes,Yes,0
CUST-00140,72,One year,Fiber optic,66.95,4409.85,No,Yes,No,Mailed check,1,0,No,Yes,0
CUST-00141,6,Month-to-month,DSL,103.6,688.76,Yes,No,Yes,Credit card,1,0,Yes,Yes,0
CUST-00142,16,One year,No,74.63,1146.85,Yes,Yes,Yes,Electronic check,2,0,No,No,0
CUST-00143,8,One year,Fiber optic,18.0,167.01,No,No,Yes,Mailed check,0,0,Yes,Yes,0
CUST-00144,8,Month-to-month,DSL,71.57,644.13,Yes,Yes,Yes,Electronic check,2,0,Yes,No,1
CUST-00145,0,Two year,DSL,28.75,30.05,Yes,No,No,Electronic check,1,0,Yes,Yes,0
CUST-00146,22,One year,DSL,40.85,971.3,No,Yes,Yes,Credit card,1,1,No,Yes,0
CUST-00147,16,Two year,DSL,44.7,752.7,No,No,Yes,Mailed check,0,0,No,No,0
CUST-00148,1,One year,No,48.42,94.46,Yes,No,No,Credit card,1,0,Yes,No,0
CUST-00149,7,Month-to-month,Fiber optic,30.62,252.94,Yes,No,Yes,Mailed check,0,0,Yes,Yes,0
CUST-00150,57,Month-to-month,No,70.09,3840.67,Yes,No,Yes,Electronic check,2,0,Yes,No,0
CUST-00151,6,Month-to-month,Fiber optic,29.73,194.28,No,Yes,Yes,Electronic check,4,0,No,No,1
CUST-00152,3,Two year,Fiber optic,73.92,284.3,Yes,Yes,No,Credit card,1,0,No,No,0
CUST-00153,16,One year,Fiber optic,120.0,1852.28,No,No,Yes,Electronic check,2,0,Yes,No,0
CUST-00154,72,One year,DSL,31.77,2192.34,Yes,No,No,Credit card,1,0,No,No,0
CUST-00155,6,Month-to-month,Fiber optic,57.89,369.79,Yes,Yes,Yes,Mailed check,1,0,Yes,No,1
CUST-00156,26,Month-to-month,Fiber optic,18.0,441.24,No,Yes,No,Electronic check,1,0,Yes,No,1
CUST-00157,34,One year,Fiber optic,57.48,1977.0,Yes,No,No,Bank transfer,0,0,Yes,No,0
CUST-00158,6,Month-to-month,No,81.07,571.02,No,No,No,Electronic check,2,0,No,No,0
CUST-00159,31,Month-to-month,No,83.02,2604.84,No,No,Yes,Electronic check,1,0,No,No,1
CUST-00160,11,One year,DSL,66.93,731.35,Yes,Yes,Yes,Credit card,0,1,Yes,No,0
CUST-00161,24,Month-to-month,DSL,87.23,2091.87,No,No,Yes,Mailed check,2,0,No,No,0
CUST-00162,24,Month-to-month,DSL,120.0,2749.93,Yes,Yes,Yes,Mailed check,2,0,Yes,No,0
CUST-00163,18,Month-to-month,Fiber optic,107.81,2043.29,Yes,No,Yes,Electronic check,1,1,Yes,No,1
CUST-00164,2,Month-to-month,No,51.94,159.55,Yes,No,Yes,Electronic check,1,0,No,No,1
CUST-00165,43,Two year,Fiber optic,28.72,1159.43,No,No,No,Mailed check,2,0,No,No,0
CUST-00166,9,Month-to-month,Fiber optic,54.85,499.15,Yes,No,No,Mailed check,2,1,Yes,Yes,1
CUST-00167,4,Month-to-month,Fiber optic,41.33,198.57,No,Yes,Yes,Bank transfer,1,0,No,Yes,0
CUST-00168,0,Month-to-month,DSL,76.28,72.12,No,No,Yes,Mailed check,0,0,No,No,0
CUST-00169,21,One year,DSL,35.47,732.82,Yes,No,No,Bank transfer,2,0,Yes,Yes,0
CUST-00170,27,Month-to-month,DSL,63.18,1648.23,No,Yes,Yes,Electronic check,1,1,Yes,No,1
CUST-00171,0,One year,Fiber optic,85.95,81.44,No,Yes,Yes,Electronic check,3,0,Yes,No,0
CUST-00172,17,Month-to-month,DSL,62.48,1175.03,No,No,Yes,Electronic check,0,1,No,No,1
CUST-00173,6,Month-to-month,Fiber optic,41.34,297.67,No,No,Yes,Bank transfer,0,0,No,Yes,0
CUST-00174,24,Month-to-month,Fiber optic,94.37,2336.14,No,No,No,Bank transfer,0,0,Yes,Yes,0
CUST-00175,4,Two year,Fiber optic,18.03,91.96,Yes,No,No,Electronic check,5,1,Yes,No,1
CUST-00176,28,Two year,DSL,56.81,1486.38,No,No,Yes,Electronic check,0,0,No,No,0
CUST-00177,11,Month-to-month,Fiber optic,63.96,703.6,No,No,Yes,Bank transfer,2,1,No,Yes,1
CUST-00178,66,Month-to-month,DSL,65.4,4135.85,No,No,Yes,Credit card,1,0,No,Yes,0
CUST-00179,3,Two year,DSL,69.51,277.09,No,No,No,Bank transfer,2,1,Yes,Yes,1
CUST-00180,10,Month-to-month,DSL,80.26,911.56,No,No,No,Electronic check,1,1,No,No,0
CUST-00181,2,Two year,DSL,64.11,179.77,No,Yes,Yes,Bank transfer,2,0,Yes,No,0
CUST-00182,62,Month-to-month,Fiber optic,55.8,3237.26,No,No,No,Bank transfer,1,0,No,No,0
CUST-00183,50,Two year,Fiber optic,54.81,2871.31,Yes,No,Yes,Electronic check,3,0,No,No,1
CUST-00184,7,One year,DSL,49.71,382.32,No,Yes,Yes,Mailed check,2,0,No,No,0
CUST-00185,25,Two year,DSL,84.69,2212.79,Yes,Yes,No,Electronic check,0,0,Yes,No,0
CUST-00186,40,One year,No,48.84,1966.81,No,No,Yes,Electronic check,4,0,No,No,0
CUST-00187,19,Month-to-month,No,86.17,1596.53,Yes,No,Yes,Credit card,1,0,No,Yes,0
CUST-00188,18,Two year,Fiber optic,65.47,1250.26,Yes,No,No,Credit card,7,0,No,No,1
CUST-00189,6,Month-to-month,Fiber optic,51.97,350.37,Yes,No,Yes,Mailed check,0,1,No,Yes,0
CUST-00190,2,Month-to-month,DSL,80.46,227.66,No,Yes,Yes,Electronic check,3,0,Yes,No,1
CUST-00191,54,One year,Fiber optic,46.81,2665.7,Yes,No,Yes,Bank transfer,2,0,Yes,No,0
CUST-00192,55,One year,Fiber optic,80.95,4083.95,No,Yes,Yes,Electronic check,5,0,Yes,Yes,0
CUST-00193,24,Two year,No,70.32,1688.96,Yes,No,Yes,Electronic check,0,0,No,Yes,0
CUST-00194,9,Month-to-month,Fiber optic,50.09,473.39,No,No,Yes,Mailed check,3,1,Yes,No,1
CUST-00195,10,One year,No,78.22,781.41,Yes,No,No,Mailed check,1,0,Yes,No,0
CUST-00196,31,One year,DSL,78.66,2295.77,Yes,No,No,Electronic check,1,0,No,Yes,1
CUST-00197,54,Month-to-month,DSL,93.94,4783.55,No,No,Yes,Bank transfer,0,0,No,Yes,0
CUST-00198,52,Month-to-month,Fiber optic,89.15,4610.37,No,No,Yes,Electronic check,1,0,Yes,No,0
CUST-00199,36,Month-to-month,Fiber optic,77.28,2694.65,Yes,No,No,Credit card,2,0,No,No,0
CUST-00200,24,Month-to-month,DSL,36.81,943.88,No,No,No,Credit card,0,0,No,No,0
CUST-00201,2,Two year,Fiber optic,120.0,336.96,No,No,Yes,Bank transfer,1,0,No,No,0
CUST-00202,4,One year,Fiber optic,29.91,150.75,Yes,Yes,No,Mailed check,2,0,No,No,0
CUST-00203,54,One year,Fiber optic,88.73,4546.14,Yes,No,Yes,Electronic check,1,1,Yes,Yes,0
CUST-00204,22,Two year,Fiber optic,75.78,1579.77,No,No,No,Bank transfer,1,0,No,Yes,0
CUST-00205,0,Month-to-month,Fiber optic,35.65,33.5,Yes,Yes,Yes,Credit card,1,0,No,No,1
CUST-00206,2,Two year,DSL,61.89,190.43,No,No,No,Electronic check,2,0,Yes,No,0
CUST-00207,26,Month-to-month,Fiber optic,63.03,1552.63,No,Yes,Yes,Mailed check,0,1,No,No,1
CUST-00208,0,Two year,Fiber optic,97.64,92.92,No,No,No,Electronic check,4,1,No,No,1
CUST-00209,4,Month-to-month,DSL,47.17,212.55,No,Yes,Yes,Mailed check,0,0,Yes,Yes,0
CUST-00210,19,Two year,No,58.45,1162.61,No,No,Yes,Mailed check,2,1,Yes,No,0
CUST-00211,28,Month-to-month,Fiber optic,18.0,543.62,Yes,No,No,Credit card,3,1,Yes,No,0
CUST-00212,25,Month-to-month,Fiber optic,108.37,2698.31,No,No,No,Electronic check,2,0,Yes,No,1
CUST-00213,6,One year,DSL,38.24,264.08,No,Yes,No,Mailed check,2,0,Yes,No,0
CUST-00214,29,Month-to-month,No,73.17,2124.51,Yes,Yes,Yes,Credit card,2,0,Yes,Yes,0
CUST-00215,6,One year,DSL,62.46,457.33,No,Yes,No,Mailed check,1,0,No,No,0
CUST-00216,9,Month-to-month,DSL,62.55,632.01,Yes,No,No,Credit card,1,0,No,Yes,0
CUST-00217,32,One year,Fiber optic,85.25,2550.59,Yes,Yes,Yes,Electronic check,2,0,Yes,No,0
CUST-00218,25,Month-to-month,DSL,106.78,2543.93,No,No,Yes,Credit card,0,1,No,Yes,0
CUST-00219,45,Month-to-month,Fiber optic,71.29,3182.84,No,No,No,Electronic check,1,0,No,No,1
CUST-00220,25,Month-to-month,DSL,81.38,2104.8,No,No,No,Credit card,2,0,Yes,Yes,0
CUST-00221,20,Month-to-month,DSL,73.22,1450.84,Yes,Yes,No,Electronic check,0,0,No,Yes,0
CUST-00222,2,Month-to-month,No,90.44,271.64,No,No,No,Mailed check,0,0,No,Yes,0
CUST-00223,11,Month-to-month,Fiber optic,53.43,632.49,Yes,Yes,No,Electronic check,0,0,No,Yes,1
CUST-00224,7,Month-to-month,Fiber optic,91.88,709.51,No,No,No,Mailed check,2,0,Yes,Yes,1
CUST-00225,6,Month-to-month,DSL,92.76,641.1,No,No,No,Electronic check,0,0,Yes,Yes,0
CUST-00226,72,One year,DSL,92.06,6972.19,No,Yes,No,Credit card,1,0,Yes,No,0
CUST-00227,11,Two year,DSL,48.5,545.03,No,Yes,No,Electronic check,1,0,Yes,Yes,0
CUST-00228,53,Month-to-month,Fiber optic,60.79,3343.99,No,No,Yes,Bank transfer,0,0,Yes,No,0
CUST-00229,23,One year,Fiber optic,70.99,1536.44,No,No,Yes,Electronic check,2,0,Yes,Yes,1
CUST-00230,38,One year,DSL,30.73,1093.87,No,No,Yes,Credit card,1,0,Yes,No,0
CUST-00231,16,Month-to-month,Fiber optic,104.87,1858.47,No,No,No,Mailed check,2,0,No,No,1
CUST-00232,20,One year,No,64.69,1364.82,No,No,Yes,Credit card,1,0,No,No,0
CUST-00233,16,Month-to-month,DSL,72.1,1219.57,No,No,Yes,Mailed check,4,0,Yes,Yes,0
CUST-00234,5,Month-to-month,DSL,50.57,288.28,No,No,Yes,Electronic check,3,1,No,Yes,1
CUST-00235,30,Month-to-month,DSL,31.83,915.34,Yes,No,No,Electronic check,3,0,No,No,0
CUST-00236,7,One year,DSL,49.9,382.03,Yes,No,No,Bank transfer,4,1,Yes,No,0
CUST-00237,0,One year,Fiber optic,70.48,69.76,No,Yes,No,Bank transfer,0,0,No,No,1
CUST-00238,24,Month-to-month,No,81.84,2036.09,No,No,Yes,Bank transfer,1,0,No,No,0
CUST-00239,4,Month-to-month,Fiber optic,69.04,319.46,No,Yes,Yes,Electronic check,2,0,Yes,No,1
CUST-00240,67,Two year,DSL,73.67,4843.37,Yes,Yes,Yes,Bank transfer,4,0,Yes,No,0
CUST-00241,72,Month-to-month,Fiber optic,56.57,4067.72,Yes,No,Yes,Credit card,1,1,Yes,No,0
CUST-00242,59,Month-to-month,DSL,77.41,4848.94,No,No,No,Electronic check,0,0,Yes,No,1
CUST-00243,11,Two year,Fiber optic,102.07,1203.3,No,Yes,Yes,Electronic check,0,0,No,No,0
CUST-00244,0,One year,Fiber optic,82.62,81.55,Yes,No,Yes,Bank transfer,1,0,No,No,1
CUST-00245,63,One year,No,85.24,5535.98,No,No,Yes,Electronic check,1,0,Yes,No,0
CUST-00246,13,One year,Fiber optic,72.35,975.26,No,Yes,Yes,Bank transfer,2,1,No,No,1
CUST-00247,72,Two year,DSL,27.42,1916.75,Yes,No,Yes,Mailed check,2,0,Yes,No,0
CUST-00248,72,Month-to-month,No,38.88,2805.99,Yes,No,Yes,Credit card,2,1,Yes,No,0
CUST-00249,46,Month-to-month,Fiber optic,76.37,3652.19,Yes,Yes,Yes,Credit card,0,0,Yes,No,0
CUST-00250,8,Month-to-month,DSL,64.73,580.03,Yes,No,Yes,Bank transfer,1,0,Yes,No,1
CUST-00251,11,Two year,Fiber optic,76.0,846.26,No,No,Yes,Electronic check,1,0,Yes,No,1
CUST-00252,45,One year,Fiber optic,106.91,4719.45,Yes,No,No,Electronic check,3,0,No,Yes,0
CUST-00253,9,Month-to-month,Fiber optic,83.15,812.28,Yes,Yes,No,Credit card,3,0,Yes,No,0
CUST-00254,4,Two year,No,96.47,472.01,No,No,Yes,Bank transfer,3,0,No,Yes,1
CUST-00255,19,Month-to-month,Fiber optic,67.37,1281.3,No,Yes,No,Bank transfer,2,0,Yes,Yes,0
CUST-00256,66,Month-to-month,DSL,44.82,2937.96,No,No,No,Mailed check,2,0,No,No,0
CUST-00257,28,Month-to-month,DSL,63.55,1844.69,Yes,Yes,Yes,Electronic check,1,0,No,No,0
CUST-00258,20,Month-to-month,No,44.88,914.39,No,No,Yes,Electronic check,2,1,Yes,Yes,1
CUST-00259,2,Two year,Fiber optic,103.96,301.81,No,No,Yes,Electronic check,1,0,No,No,0
CUST-00260,22,Month-to-month,DSL,84.76,1988.93,No,Yes,Yes,Bank transfer,2,0,No,No,0
CUST-00261,72,Two year,DSL,78.01,5771.76,No,Yes,No,Bank transfer,0,1,Yes,No,0
CUST-00262,3,One year,DSL,95.9,369.55,No,Yes,Yes,Electronic check,1,0,Yes,No,0
CUST-00263,17,Month-to-month,No,18.0,340.01,No,Yes,No,Bank transfer,2,0,No,Yes,1
CUST-00264,50,Two year,No,79.7,3698.76,No,No,Yes,Credit card,1,0,Yes,No,0
CUST-00265,32,Month-to-month,Fiber optic,32.23,1009.24,Yes,No,No,Bank transfer,0,1,Yes,No,0
CUST-00266,28,Month-to-month,DSL,64.82,1702.19,Yes,No,No,Mailed check,1,0,No,No,0
CUST-00267,29,Month-to-month,Fiber optic,57.21,1760.79,Yes,No,No,Electronic check,1,0,No,Yes,0
CUST-00268,10,Two year,Fiber optic,81.54,908.91,Yes,No,No,Credit card,2,0,Yes,Yes,0
CUST-00269,8,Month-to-month,DSL,70.7,637.92,Yes,Yes,Yes,Mailed check,1,0,No,No,0
CUST-00270,39,Month-to-month,Fiber optic,98.63,3677.6,No,No,No,Credit card,0,1,No,Yes,0
CUST-00271,39,Month-to-month,Fiber optic,49.95,2010.3,Yes,No,Yes,Bank transfer,1,0,Yes,Yes,0
CUST-00272,48,Month-to-month,No,82.73,3864.45,No,No,No,Credit card,3,0,No,Yes,0
CUST-00273,58,One year,Fiber optic,69.06,4197.94,No,No,Yes,Credit card,0,1,Yes,No,1
CUST-00274,17,Month-to-month,No,24.12,403.74,Yes,No,Yes,Bank transfer,6,0,No,No,0
CUST-00275,16,Month-to-month,DSL,42.03,666.41,No,No,No,Electronic check,2,0,Yes,No,0
CUST-00276,38,Month-to-month,DSL,61.25,2494.07,Yes,Yes,Yes,Electronic check,1,0,Yes,No,0
CUST-00277,25,Month-to-month,No,92.81,2358.89,No,Yes,Yes,Electronic check,0,1,No,No,1
CUST-00278,29,Two year,Fiber optic,76.59,2221.78,No,No,Yes,Electronic check,0,0,No,No,1
CUST-00279,38,Month-to-month,Fiber optic,35.81,1330.62,Yes,No,No,Electronic check,3,0,Yes,No,0
CUST-00280,52,Two year,Fiber optic,61.49,3339.41,No,Yes,No,Mailed check,1,0,No,No,0
CUST-00281,9,Month-to-month,Fiber optic,115.45,1100.13,No,No,No,Electronic check,2,1,No,No,1
CUST-00282,11,Month-to-month,No,67.78,775.48,Yes,No,No,Mailed check,2,0,No,Yes,1
CUST-00283,2,Two year,No,56.82,156.57,No,No,Yes,Credit card,2,0,No,No,0
CUST-00284,20,Month-to-month,Fiber optic,77.29,1587.56,No,Yes,Yes,Bank transfer,0,0,No,No,0
CUST-00285,0,One year,Fiber optic,84.08,87.32,Yes,No,No,Credit card,1,1,No,Yes,1
CUST-00286,15,Two year,Fiber optic,53.6,895.02,No,No,No,Electronic check,1,1,No,No,1
CUST-00287,18,Month-to-month,Fiber optic,77.56,1546.33,Yes,Yes,Yes,Mailed check,0,0,No,No,0
CUST-00288,8,Month-to-month,DSL,56.78,496.18,No,No,Yes,Electronic check,0,1,No,Yes,1
CUST-00289,21,One year,Fiber optic,82.98,1855.21,Yes,No,Yes,Mailed check,2,0,No,Yes,1
CUST-00290,0,Month-to-month,DSL,69.24,68.05,No,No,Yes,Bank transfer,4,0,No,Yes,1
CUST-00291,0,Month-to-month,Fiber optic,77.05,75.68,No,Yes,Yes,Electronic check,6,0,Yes,No,1
CUST-00292,41,Month-to-month,Fiber optic,46.02,1973.31,Yes,No,Yes,Electronic check,1,0,Yes,No,0
CUST-00293,10,Month-to-month,DSL,44.47,501.55,Yes,Yes,Yes,Bank transfer,4,1,No,No,0
CUST-00294,3,One year,DSL,88.64,320.16,Yes,No,Yes,Bank transfer,1,0,No,No,0
CUST-00295,17,Month-to-month,No,63.02,1181.34,No,No,No,Bank transfer,0,0,No,Yes,1
CUST-00296,35,Month-to-month,No,72.13,2657.57,Yes,No,No,Electronic check,2,0,No,No,1
CUST-00297,5,One year,Fiber optic,57.34,346.85,No,No,Yes,Mailed check,1,0,Yes,No,1
CUST-00298,23,Month-to-month,Fiber optic,87.47,2157.65,No,No,Yes,Electronic check,2,0,Yes,No,0
CUST-00299,2,Month-to-month,No,49.8,146.5,No,No,No,Credit card,1,0,No,No,1
CUST-00300,1,One year,No,61.61,125.19,Yes,No,Yes,Credit card,1,0,Yes,No,0
CUST-00301,18,Month-to-month,No,84.65,1591.94,Yes,Yes,No,Electronic check,1,0,No,Yes,0
CUST-00302,18,One year,Fiber optic,94.32,1758.82,No,Yes,Yes,Electronic check,2,0,No,Yes,0
CUST-00303,24,Two year,No,51.91,1209.17,No,Yes,No,Bank transfer,0,0,No,No,0
CUST-00304,31,Month-to-month,Fiber optic,113.99,3746.58,No,No,Yes,Electronic check,2,0,Yes,No,1
CUST-00305,72,Month-to-month,DSL,72.83,5489.81,No,No,Yes,Credit card,2,1,Yes,Yes,0
CUST-00306,17,Month-to-month,No,38.93,732.75,Yes,No,No,Bank transfer,0,0,Yes,No,1
CUST-00307,9,Month-to-month,Fiber optic,74.23,681.48,No,Yes,No,Electronic check,2,0,No,No,1
CUST-00308,38,Two year,No,55.43,2040.14,Yes,No,Yes,Electronic check,1,0,Yes,No,0
CUST-00309,7,Two year,Fiber optic,75.85,608.51,No,Yes,No,Bank transfer,1,1,No,Yes,0
CUST-00310,13,Month-to-month,No,63.93,920.34,No,No,Yes,Mailed check,3,0,Yes,No,0
CUST-00311,1,One year,Fiber optic,66.86,135.42,Yes,No,No,Bank transfer,2,0,No,Yes,0
CUST-00312,0,Two year,No,42.21,40.87,No,Yes,Yes,Electronic check,1,0,No,No,0
CUST-00313,72,Two year,Fiber optic,89.75,6610.04,No,No,Yes,Electronic check,1,0,Yes,No,0
CUST-00314,43,Month-to-month,DSL,36.1,1446.74,No,Yes,No,Bank transfer,2,0,No,Yes,0
CUST-00315,28,Month-to-month,DSL,37.28,1080.45,Yes,No,Yes,Mailed check,0,1,Yes,Yes,0
CUST-00316,12,Month-to-month,DSL,74.18,869.07,Yes,No,Yes,Electronic check,3,0,No,No,1
CUST-00317,4,Two year,Fiber optic,105.07,476.56,Yes,No,Yes,Electronic check,1,0,Yes,No,1
CUST-00318,4,Month-to-month,DSL,56.19,284.77,Yes,No,Yes,Bank transfer,2,0,No,Yes,0
CUST-00319,6,One year,Fiber optic,82.52,561.26,No,No,No,Bank transfer,1,1,Yes,Yes,0
CUST-00320,19,Month-to-month,DSL,91.83,1669.35,No,No,Yes,Electronic check,0,0,No,Yes,0
CUST-00321,30,Month-to-month,Fiber optic,85.37,2573.11,Yes,No,No,Bank transfer,2,0,Yes,No,1
CUST-00322,25,Month-to-month,No,57.22,1352.95,No,No,Yes,Electronic check,2,0,No,No,0
CUST-00323,7,Two year,Fiber optic,37.72,287.25,No,Yes,Yes,Electronic check,1,0,Yes,No,0
CUST-00324,72,Month-to-month,Fiber optic,18.0,1213.62,Yes,No,Yes,Bank transfer,0,0,Yes,No,0
CUST-00325,32,One year,Fiber optic,58.43,1798.82,Yes,Yes,No,Bank transfer,1,0,No,No,0
CUST-00326,19,Month-to-month,Fiber optic,94.45,1755.52,Yes,Yes,Yes,Electronic check,0,0,No,Yes,1
CUST-00327,22,Month-to-month,Fiber optic,36.9,811.16,No,Yes,Yes,Electronic check,2,0,No,Yes,1
CUST-00328,13,Month-to-month,DSL,82.51,1058.32,No,Yes,Yes,Electronic check,3,0,Yes,No,1
CUST-00329,6,Month-to-month,No,41.25,282.73,No,Yes,No,Credit card,0,0,No,Yes,0
CUST-00330,10,Month-to-month,DSL,67.65,715.18,Yes,Yes,Yes,Electronic check,1,0,No,No,0
CUST-00331,34,Month-to-month,DSL,82.69,2969.34,No,No,No,Electronic check,0,0,Yes,No,1
CUST-00332,0,Month-to-month,Fiber optic,48.51,49.67,Yes,Yes,Yes,Electronic check,1,0,No,Yes,1
CUST-00333,2,Month-to-month,DSL,69.26,212.69,No,Yes,Yes,Mailed check,4,0,No,No,1
CUST-00334,1,Two year,Fiber optic,54.62,106.01,No,No,Yes,Bank transfer,2,0,No,Yes,0
CUST-00335,0,Two year,DSL,82.63,77.97,Yes,Yes,Yes,Electronic check,5,1,No,Yes,0
CUST-00336,46,Month-to-month,Fiber optic,70.88,3205.8,No,Yes,Yes,Mailed check,0,0,No,Yes,0
CUST-00337,29,One year,Fiber optic,66.41,1998.49,No,No,No,Electronic check,0,0,No,No,0
CUST-00338,15,Two year,Fiber optic,103.96,1629.21,No,Yes,Yes,Mailed check,0,0,No,No,1
CUST-00339,2,Month-to-month,No,81.56,243.13,Yes,Yes,Yes,Electronic check,2,0,Yes,Yes,0
CUST-00340,16,Two year,Fiber optic,47.74,814.87,No,No,Yes,Electronic check,1,0,No,No,0
CUST-00341,15,Two year,DSL,62.85,1043.57,No,No,Yes,Mailed check,3,1,No,Yes,0
CUST-00342,4,Month-to-month,Fiber optic,63.1,328.62,No,No,Yes,Bank transfer,2,0,Yes,No,1
CUST-00343,13,Month-to-month,DSL,67.01,962.6,Yes,No,No,Bank transfer,1,0,No,No,0
CUST-00344,12,Two year,No,120.0,1419.22,No,No,Yes,Mailed check,1,1,No,No,0
CUST-00345,22,Month-to-month,Fiber optic,74.27,1788.33,Yes,No,No,Electronic check,2,0,No,No,1
CUST-00346,24,Month-to-month,DSL,18.0,452.5,No,Yes,Yes,Electronic check,1,0,No,Yes,1
CUST-00347,1,Month-to-month,No,51.43,103.27,Yes,No,Yes,Mailed check,2,0,Yes,Yes,0
CUST-00348,11,Month-to-month,DSL,18.0,195.15,Yes,Yes,Yes,Credit card,1,0,No,No,0
CUST-00349,23,One year,DSL,56.76,1323.97,No,No,Yes,Credit card,2,0,Yes,No,0
CUST-00350,16,One year,DSL,18.0,304.16,No,No,Yes,Bank transfer,1,0,No,No,0
CUST-00351,46,Two year,DSL,43.21,1912.63,No,No,Yes,Mailed check,3,0,Yes,Yes,0
CUST-00352,25,Month-to-month,Fiber optic,26.98,640.09,No,No,Yes,Bank transfer,2,0,No,No,1
CUST-00353,4,Month-to-month,No,74.6,365.49,Yes,No,No,Electronic check,2,0,Yes,No,0
CUST-00354,1,Month-to-month,Fiber optic,65.01,125.72,Yes,Yes,Yes,Bank transfer,4,0,Yes,Yes,1
CUST-00355,24,Month-to-month,Fiber optic,72.57,1644.82,No,Yes,No,Electronic check,1,0,No,No,1
CUST-00356,0,Month-to-month,DSL,62.39,61.01,Yes,No,Yes,Electronic check,4,0,No,No,0
CUST-00357,21,Two year,Fiber optic,30.14,607.49,No,No,No,Electronic check,0,0,Yes,Yes,0
CUST-00358,67,Two year,Fiber optic,77.84,5100.89,No,No,Yes,Mailed check,3,0,Yes,Yes,0
CUST-00359,20,Month-to-month,DSL,113.06,2233.14,No,No,Yes,Bank transfer,0,0,No,Yes,0
CUST-00360,11,One year,No,75.23,943.9,No,No,No,Bank transfer,3,0,No,Yes,0
CUST-00361,24,Month-to-month,No,54.35,1229.95,Yes,No,Yes,Credit card,4,0,No,No,0
CUST-00362,14,Month-to-month,No,29.3,432.47,No,No,Yes,Credit card,0,0,Yes,No,0
CUST-00363,18,One year,No,42.3,741.64,No,No,Yes,Electronic check,3,0,No,No,0
CUST-00364,68,Month-to-month,Fiber optic,76.33,4992.34,No,No,Yes,Mailed check,2,0,No,No,0
CUST-00365,11,Two year,Fiber optic,91.83,1022.16,No,No,No,Mailed check,0,0,No,No,0
CUST-00366,72,One year,No,71.52,5478.21,No,No,No,Credit card,3,0,Yes,No,0
CUST-00367,56,Month-to-month,Fiber optic,85.0,4384.02,No,No,No,Electronic check,2,0,No,Yes,0
CUST-00368,5,One year,DSL,82.69,486.81,Yes,No,No,Electronic check,0,0,No,No,0
CUST-00369,1,Month-to-month,DSL,77.66,153.95,No,No,Yes,Electronic check,3,0,Yes,No,1
CUST-00370,2,Month-to-month,Fiber optic,48.54,147.92,Yes,No,Yes,Credit card,1,0,Yes,No,0
CUST-00371,0,Month-to-month,No,69.35,68.93,Yes,No,No,Credit card,2,0,Yes,No,0
CUST-00372,2,Month-to-month,DSL,43.79,122.79,Yes,No,Yes,Mailed check,2,0,No,No,0
CUST-00373,27,One year,DSL,65.44,1813.46,Yes,Yes,Yes,Credit card,1,0,No,No,0
CUST-00374,1,Month-to-month,No,73.27,153.32,Yes,No,Yes,Electronic check,2,0,Yes,No,1
CUST-00375,9,One year,DSL,106.97,1098.87,No,No,No,Electronic check,2,0,No,Yes,1
CUST-00376,44,One year,Fiber optic,32.26,1405.28,Yes,No,Yes,Bank transfer,3,0,Yes,No,0
CUST-00377,0,Month-to-month,DSL,77.04,74.85,No,No,No,Electronic check,0,0,No,Yes,0
CUST-00378,40,Two year,No,102.03,3848.3,Yes,No,Yes,Electronic check,1,0,No,Yes,0
CUST-00379,7,Month-to-month,DSL,83.97,662.01,No,No,Yes,Credit card,1,0,Yes,No,1
CUST-00380,3,Month-to-month,DSL,85.82,323.38,Yes,Yes,No,Bank transfer,2,0,No,No,1
CUST-00381,28,Month-to-month,DSL,79.69,2117.39,Yes,Yes,No,Credit card,1,0,No,No,0
CUST-00382,23,Month-to-month,Fiber optic,97.46,2271.52,Yes,No,Yes,Electronic check,1,0,Yes,No,0
CUST-00383,50,Month-to-month,No,37.81,1748.52,No,No,Yes,Mailed check,4,0,Yes,No,0
CUST-00384,31,One year,No,30.35,891.58,No,Yes,Yes,Electronic check,2,0,No,No,0
CUST-00385,39,Month-to-month,Fiber optic,64.84,2419.46,Yes,Yes,No,Credit card,1,0,Yes,No,0
CUST-00386,7,Month-to-month,Fiber optic,18.0,151.0,Yes,No,Yes,Electronic check,2,0,No,No,1
CUST-00387,4,Two year,No,95.77,489.04,Yes,No,Yes,Mailed check,4,0,No,No,1
CUST-00388,33,One year,No,95.52,3186.83,No,No,No,Electronic check,2,0,Yes,No,1
CUST-00389,39,Two year,No,54.17,2025.71,No,No,Yes,Bank transfer,0,0,No,Yes,0
CUST-00390,72,Month-to-month,No,55.73,3978.13,Yes,No,Yes,Electronic check,0,1,No,No,0
CUST-00391,12,One year,DSL,63.19,819.29,Yes,No,No,Electronic check,1,1,Yes,No,0
CUST-00392,11,Two year,DSL,66.3,716.58,No,No,No,Mailed check,1,0,Yes,No,1
CUST-00393,35,One year,DSL,68.18,2572.75,Yes,No,No,Mailed check,1,0,No,No,0
CUST-00394,10,One year,Fiber optic,78.96,863.36,No,No,Yes,Electronic check,4,0,No,No,1
CUST-00395,64,Month-to-month,DSL,60.68,4134.46,Yes,No,No,Electronic check,2,0,No,No,0
CUST-00396,46,Month-to-month,DSL,88.58,4039.86,No,Yes,No,Credit card,0,0,Yes,No,0
CUST-00397,13,Month-to-month,DSL,76.15,1059.2,No,Yes,Yes,Electronic check,1,0,Yes,Yes,0
CUST-00398,33,Month-to-month,DSL,49.83,1642.07,No,Yes,No,Electronic check,3,0,Yes,Yes,0
CUST-00399,33,Two year,DSL,98.38,3015.19,No,No,Yes,Electronic check,1,0,No,No,1
CUST-00400,2,Month-to-month,Fiber optic,31.04,95.68,No,No,No,Credit card,1,1,Yes,Yes,1
CUST-00401,55,Two year,Fiber optic,62.7,3396.56,No,No,No,Electronic check,1,0,No,Yes,0
CUST-00402,16,Two year,Fiber optic,89.17,1471.38,Yes,Yes,No,Credit card,1,1,No,No,0
CUST-00403,42,Month-to-month,Fiber optic,46.92,1924.74,No,No,Yes,Credit card,2,0,No,No,0
CUST-00404,9,Month-to-month,No,72.74,701.87,No,No,No,Mailed check,1,0,No,Yes,1
CUST-00405,54,Two year,Fiber optic,78.58,4360.07,No,No,Yes,Electronic check,2,0,No,Yes,0
CUST-00406,11,Two year,Fiber optic,43.49,524.54,Yes,Yes,No,Bank transfer,0,0,No,No,0
CUST-00407,0,Month-to-month,DSL,63.19,64.53,No,No,No,Bank transfer,0,0,Yes,Yes,0
CUST-00408,56,Month-to-month,DSL,61.09,3643.0,No,No,Yes,Bank transfer,3,0,Yes,Yes,0
CUST-00409,2,Month-to-month,Fiber optic,51.21,147.28,No,No,Yes,Credit card,2,0,No,Yes,1
CUST-00410,9,One year,DSL,120.0,1141.01,Yes,No,No,Electronic check,0,0,No,No,1
CUST-00411,71,Month-to-month,DSL,45.92,3220.37,Yes,No,Yes,Bank transfer,1,0,Yes,Yes,0
CUST-00412,72,One year,Fiber optic,90.12,6073.24,Yes,No,No,Electronic check,2,0,No,No,0
CUST-00413,20,Month-to-month,Fiber optic,55.18,1174.66,No,No,Yes,Mailed check,0,1,Yes,Yes,1
CUST-00414,23,Month-to-month,No,37.83,896.27,No,No,No,Bank transfer,2,1,No,No,0
CUST-00415,14,Month-to-month,No,67.57,944.33,No,Yes,Yes,Electronic check,2,0,No,No,1
CUST-00416,8,Month-to-month,DSL,81.23,752.71,No,No,Yes,Electronic check,2,0,No,No,1
CUST-00417,9,Month-to-month,Fiber optic,88.01,873.82,No,Yes,No,Electronic check,3,0,No,Yes,1
CUST-00418,26,Month-to-month,Fiber optic,104.06,2543.0,No,Yes,No,Mailed check,1,0,Yes,No,1
CUST-00419,33,Month-to-month,DSL,120.0,3792.27,No,No,Yes,Credit card,2,0,No,No,0
CUST-00420,37,Month-to-month,Fiber optic,71.26,2799.04,No,Yes,No,Mailed check,0,0,No,No,0
CUST-00421,37,Month-to-month,Fiber optic,48.42,1761.13,No,Yes,Yes,Bank transfer,1,0,No,No,1
CUST-00422,2,Two year,DSL,76.32,239.87,No,No,No,Electronic check,3,1,Yes,Yes,0
CUST-00423,16,Month-to-month,Fiber optic,58.34,971.41,Yes,No,Yes,Electronic check,2,0,Yes,No,1
CUST-00424,1,Month-to-month,DSL,88.15,164.17,Yes,Yes,Yes,Electronic check,1,1,Yes,Yes,1
CUST-00425,19,One year,No,32.57,644.29,No,No,Yes,Electronic check,0,0,No,No,0
CUST-00426,13,Two year,Fiber optic,120.0,1537.79,No,Yes,Yes,Mailed check,1,0,Yes,No,0
CUST-00427,52,Month-to-month,No,86.4,4675.95,No,Yes,No,Credit card,0,0,Yes,Yes,0
CUST-00428,10,One year,Fiber optic,22.9,250.43,Yes,No,No,Mailed check,0,1,No,No,0
CUST-00429,2,One year,No,47.27,148.13,No,Yes,Yes,Mailed check,0,0,No,No,0
CUST-00430,3,One year,Fiber optic,85.4,342.8,No,No,Yes,Electronic check,0,0,Yes,Yes,0
CUST-00431,34,Month-to-month,Fiber optic,94.41,2998.28,No,Yes,No,Electronic check,1,1,No,No,0
CUST-00432,23,One year,DSL,33.19,773.83,No,No,Yes,Electronic check,1,0,No,Yes,0
CUST-00433,2,Month-to-month,DSL,82.83,243.44,No,No,Yes,Bank transfer,1,0,No,No,0
CUST-00434,2,One year,No,18.0,56.03,No,No,Yes,Mailed check,1,0,No,No,0
CUST-00435,28,One year,Fiber optic,62.77,1756.38,No,No,Yes,Electronic check,1,0,No,No,0
CUST-00436,1,Month-to-month,Fiber optic,92.8,183.56,Yes,No,Yes,Bank transfer,1,0,No,No,1
CUST-00437,41,Two year,DSL,51.21,1995.73,Yes,No,No,Mailed check,1,0,No,No,0
CUST-00438,29,Month-to-month,DSL,27.33,768.0,Yes,Yes,Yes,Electronic check,4,0,No,No,1
CUST-00439,2,Two year,Fiber optic,68.66,202.33,Yes,No,No,Bank transfer,2,0,Yes,No,0
CUST-00440,2,Month-to-month,DSL,49.88,150.32,Yes,Yes,Yes,Bank transfer,2,1,No,No,1
CUST-00441,72,Month-to-month,DSL,80.74,5689.61,Yes,No,Yes,Electronic check,3,0,No,Yes,1
CUST-00442,11,Month-to-month,No,42.87,496.38,Yes,No,Yes,Bank transfer,1,1,No,Yes,0
CUST-00443,11,Two year,No,45.68,514.39,Yes,Yes,No,Electronic check,2,1,Yes,No,0
CUST-00444,40,Month-to-month,Fiber optic,18.0,741.48,Yes,No,Yes,Bank transfer,1,0,Yes,No,1
CUST-00445,70,Month-to-month,DSL,69.25,4429.11,Yes,Yes,Yes,Credit card,1,0,No,No,0
CUST-00446,72,Month-to-month,Fiber optic,60.98,4348.78,No,No,No,Mailed check,3,0,Yes,Yes,0
CUST-00447,33,One year,DSL,35.29,1080.52,No,Yes,Yes,Electronic check,4,0,Yes,No,0
CUST-00448,11,Month-to-month,DSL,69.84,828.88,Yes,No,No,Mailed check,1,0,No,Yes,0
CUST-00449,2,Month-to-month,No,90.68,246.1,No,Yes,No,Electronic check,1,0,Yes,No,0
CUST-00450,36,Month-to-month,DSL,59.61,2296.02,No,Yes,Yes,Electronic check,2,0,No,No,0
CUST-00451,19,Month-to-month,No,71.7,1393.41,No,No,Yes,Bank transfer,2,0,No,No,1
CUST-00452,13,Month-to-month,No,71.83,1008.24,Yes,Yes,Yes,Electronic check,1,0,No,No,0
CUST-00453,56,Month-to-month,No,34.89,2044.49,No,No,No,Electronic check,0,0,No,No,0
CUST-00454,2,One year,No,116.41,326.64,Yes,No,Yes,Bank transfer,0,0,Yes,Yes,0
CUST-00455,16,Month-to-month,DSL,53.23,887.72,Yes,Yes,No,Bank transfer,2,0,No,No,0
CUST-00456,0,Month-to-month,Fiber optic,81.4,83.8,Yes,No,No,Electronic check,1,0,No,No,1
CUST-00457,15,Month-to-month,Fiber optic,84.23,1321.62,Yes,Yes,Yes,Bank transfer,2,0,No,No,0
CUST-00458,1,Two year,Fiber optic,61.51,117.97,No,Yes,No,Credit card,1,0,No,No,0
CUST-00459,3,Two year,DSL,80.17,306.36,No,Yes,Yes,Electronic check,5,0,Yes,No,1
CUST-00460,3,Two year,DSL,71.15,272.54,No,No,Yes,Mailed check,1,0,Yes,No,0
CUST-00461,25,Month-to-month,DSL,29.56,762.65,Yes,Yes,No,Bank transfer,3,0,No,Yes,1
CUST-00462,32,Month-to-month,No,56.69,1696.51,Yes,No,Yes,Bank transfer,1,0,Yes,No,0
CUST-00463,21,Month-to-month,No,49.69,1051.98,Yes,No,Yes,Electronic check,2,0,No,No,0
CUST-00464,72,Month-to-month,Fiber optic,53.46,3840.48,Yes,No,No,Electronic check,1,1,Yes,No,0
CUST-00465,11,Month-to-month,Fiber optic,32.4,395.78,No,No,No,Bank transfer,5,0,Yes,No,0
CUST-00466,8,One year,Fiber optic,93.16,821.25,No,No,Yes,Credit card,2,0,Yes,Yes,0
CUST-00467,48,Two year,Fiber optic,105.05,5347.82,No,No,No,Bank transfer,2,0,No,Yes,0
CUST-00468,6,Two year,DSL,89.45,605.22,No,Yes,Yes,Credit card,4,0,No,No,1
CUST-00469,72,Month-to-month,DSL,96.76,7046.66,No,No,No,Bank transfer,1,0,Yes,Yes,0
CUST-00470,0,One year,DSL,56.38,50.89,Yes,No,No,Credit card,3,0,No,No,0
CUST-00471,72,Month-to-month,No,49.09,3353.39,No,No,Yes,Bank transfer,4,0,No,No,0
CUST-00472,1,Month-to-month,No,45.54,93.11,No,Yes,Yes,Credit card,1,0,Yes,No,0
CUST-00473,53,One year,Fiber optic,81.1,4326.55,No,Yes,No,Electronic check,0,0,Yes,No,0
CUST-00474,18,Month-to-month,DSL,70.68,1399.22,No,No,No,Credit card,0,0,No,No,1
CUST-00475,72,Month-to-month,Fiber optic,63.07,4663.65,Yes,Yes,Yes,Electronic check,1,0,Yes,No,0
CUST-00476,1,Month-to-month,Fiber optic,97.38,188.42,No,No,Yes,Electronic check,3,0,No,No,1
CUST-00477,19,One year,Fiber optic,75.12,1527.65,No,Yes,Yes,Mailed check,3,0,Yes,No,0
CUST-00478,72,One year,DSL,44.03,3118.3,No,No,Yes,Electronic check,1,0,No,No,0
CUST-00479,17,Month-to-month,Fiber optic,47.98,820.05,No,No,No,Electronic check,7,0,No,No,1
CUST-00480,23,Two year,Fiber optic,82.05,1786.19,Yes,Yes,Yes,Credit card,2,0,Yes,No,0
CUST-00481,28,Month-to-month,DSL,91.04,2718.95,No,Yes,No,Bank transfer,1,0,No,No,1
CUST-00482,14,Month-to-month,DSL,78.79,1137.93,Yes,No,No,Credit card,2,0,Yes,Yes,1
CUST-00483,23,One year,Fiber optic,112.42,2705.57,Yes,Yes,No,Credit card,2,0,Yes,No,0
CUST-00484,21,One year,Fiber optic,105.88,2149.9,No,No,Yes,Mailed check,3,0,Yes,Yes,0
CUST-00485,55,Two year,No,76.03,4361.33,Yes,No,No,Electronic check,3,0,No,Yes,0
CUST-00486,1,Month-to-month,Fiber optic,44.04,90.16,No,Yes,No,Electronic check,2,0,Yes,No,1
CUST-00487,7,One year,No,32.25,250.86,No,No,Yes,Mailed check,0,1,No,No,0
CUST-00488,72,One year,DSL,55.32,4041.68,Yes,No,Yes,Bank transfer,2,0,No,No,0
CUST-00489,53,Two year,Fiber optic,83.83,4428.22,No,No,No,Mailed check,1,0,Yes,Yes,0
CUST-00490,14,Month-to-month,Fiber optic,110.67,1631.56,No,Yes,Yes,Mailed check,5,0,No,Yes,1
CUST-00491,23,One year,Fiber optic,75.44,1870.89,Yes,No,No,Electronic check,1,0,No,Yes,0
CUST-00492,7,One year,Fiber optic,94.22,787.71,No,No,Yes,Mailed check,3,0,No,Yes,0
CUST-00493,5,Month-to-month,Fiber optic,58.87,337.37,No,No,Yes,Electronic check,3,0,Yes,No,0
CUST-00494,14,Month-to-month,DSL,80.57,1147.83,No,Yes,Yes,Credit card,3,0,No,No,0
CUST-00495,10,Month-to-month,Fiber optic,85.58,890.14,No,Yes,Yes,Electronic check,0,0,Yes,No,1
CUST-00496,21,One year,DSL,18.0,402.18,No,No,Yes,Mailed check,2,0,No,No,0
CUST-00497,1,Two year,DSL,54.66,110.24,No,No,Yes,Electronic check,2,0,No,No,0
CUST-00498,72,One year,Fiber optic,88.74,5872.78,No,No,Yes,Bank transfer,2,0,Yes,No,0
CUST-00499,72,One year,Fiber optic,71.86,4790.79,Yes,Yes,Yes,Electronic check,2,0,Yes,Yes,0
CUST-00500,28,Month-to-month,Fiber optic,35.09,1014.49,No,No,Yes,Electronic check,4,1,Yes,No,1
CUST-00501,18,Month-to-month,Fiber optic,18.0,321.91,Yes,No,No,Mailed check,3,0,No,No,0
CUST-00502,8,Month-to-month,DSL,55.86,459.37,No,No,Yes,Credit card,1,0,No,No,1
CUST-00503,40,Month-to-month,Fiber optic,63.21,2493.26,No,Yes,No,Credit card,2,0,No,No,1
CUST-00504,27,Month-to-month,DSL,42.9,1239.18,No,No,No,Electronic check,0,0,Yes,No,0
CUST-00505,4,Month-to-month,Fiber optic,68.58,327.45,Yes,No,Yes,Bank transfer,0,0,No,Yes,1
CUST-00506,58,Month-to-month,DSL,77.66,4601.85,No,Yes,Yes,Electronic check,2,0,Yes,No,0
CUST-00507,41,Month-to-month,DSL,81.77,3554.84,Yes,No,No,Electronic check,0,0,No,Yes,0
CUST-00508,71,Month-to-month,DSL,18.0,1199.31,No,No,No,Mailed check,2,0,Yes,Yes,0
CUST-00509,31,Month-to-month,Fiber optic,32.14,1019.69,No,No,Yes,Electronic check,2,0,Yes,Yes,1
CUST-00510,22,Month-to-month,Fiber optic,57.38,1367.45,No,No,No,Bank transfer,1,0,Yes,No,0
CUST-00511,13,Two year,DSL,79.3,1031.39,Yes,No,Yes,Credit card,1,0,Yes,Yes,1
CUST-00512,64,Two year,Fiber optic,77.23,5262.45,No,Yes,Yes,Electronic check,1,0,Yes,No,0
CUST-00513,48,One year,Fiber optic,76.8,3592.96,No,Yes,Yes,Electronic check,0,0,Yes,No,0
CUST-00514,1,Month-to-month,DSL,55.41,103.35,No,No,Yes,Mailed check,2,0,Yes,No,1
CUST-00515,0,One year,DSL,56.81,58.27,No,Yes,No,Bank transfer,0,0,No,No,0
CUST-00516,11,Two year,DSL,46.79,544.74,Yes,No,No,Credit card,4,0,Yes,No,0
CUST-00517,39,One year,DSL,84.2,3370.03,No,No,No,Credit card,1,0,Yes,No,0
CUST-00518,72,Month-to-month,DSL,41.99,2983.86,No,Yes,Yes,Bank transfer,0,0,No,No,0
CUST-00519,3,One year,DSL,86.25,343.8,No,No,Yes,Electronic check,1,0,Yes,No,0
CUST-00520,21,Two year,DSL,70.2,1398.15,No,No,Yes,Bank transfer,0,0,Yes,Yes,0
CUST-00521,11,One year,DSL,63.87,730.05,Yes,Yes,Yes,Electronic check,1,0,Yes,Yes,0
CUST-00522,72,One year,No,48.58,3541.36,No,No,Yes,Credit card,0,0,No,No,0
CUST-00523,44,Month-to-month,Fiber optic,31.11,1333.62,Yes,No,Yes,Electronic check,1,0,Yes,Yes,1
CUST-00524,43,Month-to-month,Fiber optic,48.81,2182.78,No,No,Yes,Bank transfer,1,0,Yes,Yes,0
CUST-00525,15,Month-to-month,DSL,56.75,948.07,No,No,No,Electronic check,0,1,No,No,0
CUST-00526,12,One year,DSL,18.0,211.91,No,Yes,No,Mailed check,2,1,Yes,No,0
CUST-00527,7,Month-to-month,Fiber optic,60.07,494.16,No,Yes,Yes,Bank transfer,2,0,Yes,No,1
CUST-00528,1,Month-to-month,No,88.11,163.07,Yes,Yes,No,Bank transfer,2,0,Yes,No,0
CUST-00529,48,Month-to-month,Fiber optic,79.18,4025.7,Yes,No,Yes,Bank transfer,3,1,Yes,No,0
CUST-00530,40,Month-to-month,DSL,52.59,2246.79,Yes,No,Yes,Bank transfer,0,0,Yes,No,0
CUST-00531,72,Month-to-month,DSL,66.17,4759.77,Yes,Yes,No,Electronic check,1,1,Yes,Yes,0
CUST-00532,72,One year,No,51.1,3625.3,No,No,No,Credit card,2,0,No,No,0
CUST-00533,19,One year,Fiber optic,68.72,1393.33,Yes,Yes,Yes,Credit card,0,1,Yes,Yes,0
CUST-00534,35,Month-to-month,DSL,103.5,3866.48,No,Yes,Yes,Electronic check,3,0,Yes,Yes,1
CUST-00535,69,Month-to-month,Fiber optic,89.21,5837.96,No,No,No,Credit card,1,0,Yes,Yes,0
CUST-00536,45,Month-to-month,Fiber optic,78.02,3435.91,No,Yes,Yes,Credit card,0,0,Yes,No,0
CUST-00537,6,Two year,Fiber optic,52.68,354.98,No,No,Yes,Bank transfer,0,0,Yes,No,1
CUST-00538,14,Month-to-month,DSL,83.75,1290.01,Yes,Yes,No,Electronic check,2,0,No,No,0
CUST-00539,3,Month-to-month,DSL,22.83,84.06,Yes,No,Yes,Bank transfer,1,0,Yes,No,1
CUST-00540,72,Month-to-month,Fiber optic,58.69,4256.34,Yes,No,Yes,Electronic check,0,0,No,Yes,1
CUST-00541,22,One year,DSL,79.59,1743.88,No,No,Yes,Bank transfer,2,0,No,No,0
CUST-00542,6,Two year,DSL,83.51,603.76,No,No,No,Mailed check,2,0,Yes,Yes,0
CUST-00543,26,Two year,DSL,81.75,2099.03,Yes,No,No,Credit card,1,0,No,No,0
CUST-00544,23,One year,No,72.37,1817.98,No,No,Yes,Bank transfer,1,0,No,No,0
CUST-00545,10,Month-to-month,Fiber optic,60.11,596.64,Yes,No,Yes,Electronic check,1,0,Yes,Yes,1
CUST-00546,2,Month-to-month,No,78.45,220.27,No,No,Yes,Bank transfer,0,0,Yes,Yes,1
CUST-00547,26,Month-to-month,No,41.18,1076.95,No,No,Yes,Electronic check,2,1,Yes,No,0
CUST-00548,17,Month-to-month,Fiber optic,43.88,741.22,No,No,Yes,Electronic check,4,0,Yes,Yes,0
CUST-00549,35,Month-to-month,Fiber optic,66.54,2420.85,No,Yes,Yes,Mailed check,3,0,No,No,0
CUST-00550,17,Month-to-month,Fiber optic,69.33,1275.62,No,No,Yes,Electronic check,0,0,No,No,1
CUST-00551,45,Month-to-month,Fiber optic,19.36,894.68,No,No,No,Credit card,1,0,No,Yes,0
CUST-00552,19,Two year,DSL,76.38,1597.2,Yes,No,Yes,Mailed check,2,0,Yes,No,0
CUST-00553,19,One year,DSL,84.32,1633.12,No,Yes,Yes,Bank transfer,2,0,No,No,1
CUST-00554,50,Two year,DSL,63.07,3367.64,No,Yes,Yes,Electronic check,2,1,Yes,No,0
CUST-00555,12,One year,DSL,120.0,1433.16,Yes,Yes,No,Bank transfer,2,0,Yes,No,0
CUST-00556,3,Month-to-month,Fiber optic,47.93,196.88,No,No,Yes,Bank transfer,2,0,No,No,0
CUST-00557,0,One year,No,55.97,50.7,Yes,Yes,Yes,Mailed check,2,0,No,No,0
CUST-00558,33,Month-to-month,Fiber optic,55.12,1836.2,Yes,No,No,Credit card,1,1,Yes,Yes,0
CUST-00559,23,One year,No,63.1,1473.01,No,Yes,No,Mailed check,2,1,No,No,0
CUST-00560,29,Month-to-month,Fiber optic,56.78,1751.85,No,Yes,No,Bank transfer,3,0,Yes,No,1
CUST-00561,5,Two year,No,29.83,179.89,Yes,No,Yes,Electronic check,2,0,Yes,No,0
CUST-00562,3,Month-to-month,Fiber optic,51.34,198.41,No,No,Yes,Electronic check,1,0,Yes,Yes,0
CUST-00563,0,Month-to-month,Fiber optic,62.56,64.71,No,Yes,No,Credit card,0,0,Yes,No,0
CUST-00564,10,Two year,Fiber optic,95.71,1087.43,Yes,No,Yes,Bank transfer,4,0,No,No,1
CUST-00565,21,Month-to-month,DSL,120.0,2385.79,No,Yes,Yes,Mailed check,1,0,No,Yes,0
CUST-00566,11,One year,No,98.39,1216.87,No,Yes,No,Credit card,1,0,Yes,No,0
CUST-00567,13,One year,Fiber optic,45.62,625.26,Yes,No,No,Mailed check,1,1,No,No,0
CUST-00568,56,Two year,No,47.6,2783.32,No,No,No,Bank transfer,3,0,No,Yes,0
CUST-00569,10,Two year,DSL,61.02,622.35,Yes,No,No,Mailed check,2,1,Yes,No,0
CUST-00570,17,Two year,DSL,109.61,1820.4,No,No,No,Bank transfer,2,0,No,No,0
CUST-00571,36,Month-to-month,No,60.86,2270.58,No,No,No,Electronic check,2,0,No,No,0
CUST-00572,12,Two year,Fiber optic,31.81,389.26,Yes,Yes,Yes,Mailed check,3,0,Yes,No,0
CUST-00573,23,One year,Fiber optic,52.47,1238.91,No,Yes,No,Credit card,1,1,Yes,No,0
CUST-00574,47,One year,No,83.93,4042.02,No,Yes,Yes,Electronic check,0,0,No,Yes,0
CUST-00575,71,Month-to-month,No,82.25,5872.02,Yes,No,Yes,Electronic check,1,0,No,No,0
CUST-00576,3,One year,No,59.99,241.12,No,Yes,Yes,Electronic check,3,0,Yes,No,0
CUST-00577,62,Two year,No,82.09,5135.75,Yes,Yes,Yes,Electronic check,1,1,No,No,0
CUST-00578,16,Two year,Fiber optic,18.0,292.8,No,No,Yes,Mailed check,3,1,No,No,1
CUST-00579,7,Month-to-month,No,67.6,494.06,No,Yes,Yes,Electronic check,2,0,Yes,No,1
CUST-00580,14,Month-to-month,Fiber optic,86.52,1334.53,No,Yes,Yes,Mailed check,3,0,No,No,1
CUST-00581,72,Month-to-month,No,44.18,3311.9,No,Yes,Yes,Bank transfer,4,0,No,Yes,0
CUST-00582,16,Two year,DSL,44.09,675.22,No,Yes,Yes,Bank transfer,0,0,Yes,No,0
CUST-00583,9,One year,DSL,18.34,188.19,No,No,Yes,Credit card,1,0,Yes,Yes,0
CUST-00584,24,Month-to-month,DSL,104.75,2416.19,No,No,Yes,Bank transfer,1,0,No,No,0
CUST-00585,6,Month-to-month,Fiber optic,47.0,312.53,No,Yes,No,Electronic check,2,0,No,No,0
CUST-00586,1,Month-to-month,Fiber optic,71.03,136.66,No,Yes,Yes,Electronic check,1,0,Yes,No,1
CUST-00587,3,Month-to-month,No,80.1,321.02,Yes,No,Yes,Bank transfer,1,0,No,Yes,0
CUST-00588,3,Two year,No,102.8,375.78,No,No,Yes,Bank transfer,4,0,Yes,No,0
CUST-00589,3,One year,Fiber optic,61.15,250.47,No,No,No,Electronic check,0,0,No,No,0
CUST-00590,3,Month-to-month,DSL,51.51,214.57,No,No,No,Electronic check,4,1,Yes,No,0
CUST-00591,24,Month-to-month,DSL,69.33,1807.61,No,Yes,Yes,Bank transfer,1,0,Yes,Yes,0
CUST-00592,4,Month-to-month,Fiber optic,97.1,443.64,Yes,No,No,Bank transfer,1,0,Yes,Yes,1
CUST-00593,10,Two year,Fiber optic,60.75,693.58,No,No,No,Bank transfer,0,1,Yes,No,0
CUST-00594,54,Month-to-month,No,41.13,2228.61,Yes,Yes,No,Electronic check,1,0,Yes,Yes,0
CUST-00595,15,Month-to-month,DSL,26.48,427.51,No,No,Yes,Bank transfer,3,0,No,Yes,1
CUST-00596,26,Month-to-month,DSL,34.47,967.54,No,Yes,No,Bank transfer,0,1,No,No,0
CUST-00597,4,One year,DSL,86.61,432.68,No,Yes,Yes,Credit card,2,0,No,Yes,0
CUST-00598,5,One year,Fiber optic,56.98,331.11,No,No,No,Bank transfer,0,0,No,Yes,1
CUST-00599,1,One year,DSL,49.81,97.5,No,No,No,Bank transfer,1,1,Yes,No,1
CUST-00600,4,Month-to-month,Fiber optic,47.1,236.13,No,Yes,No,Bank transfer,4,0,No,Yes,1
CUST-00601,7,Month-to-month,Fiber optic,67.13,559.44,No,No,Yes,Mailed check,2,0,Yes,Yes,1
CUST-00602,4,Month-to-month,DSL,59.01,304.93,Yes,No,No,Electronic check,1,0,Yes,No,1
CUST-00603,2,One year,No,58.17,172.16,No,Yes,Yes,Credit card,1,0,No,Yes,1
CUST-00604,3,Month-to-month,Fiber optic,98.73,367.93,No,No,Yes,Mailed check,2,1,Yes,Yes,1
CUST-00605,14,One year,Fiber optic,103.45,1477.28,No,No,Yes,Bank transfer,0,0,Yes,No,0
CUST-00606,5,Two year,DSL,24.75,141.71,No,No,No,Credit card,1,0,No,No,0
CUST-00607,10,Two year,No,73.19,759.5,No,No,Yes,Credit card,3,0,Yes,Yes,0
CUST-00608,16,Month-to-month,DSL,45.58,784.17,Yes,No,Yes,Bank transfer,1,0,No,No,0
CUST-00609,28,Month-to-month,No,58.79,1748.21,Yes,No,Yes,Electronic check,2,0,No,No,0
CUST-00610,0,Month-to-month,DSL,72.73,68.95,No,Yes,No,Mailed check,1,0,No,No,1
CUST-00611,38,One year,DSL,59.68,2390.17,Yes,No,No,Credit card,1,1,Yes,No,0
CUST-00612,23,Two year,Fiber optic,70.76,1715.5,Yes,Yes,No,Electronic check,1,1,Yes,Yes,0
CUST-00613,2,Month-to-month,Fiber optic,81.82,237.16,No,Yes,Yes,Credit card,0,0,No,No,1
CUST-00614,49,Month-to-month,Fiber optic,72.36,3635.36,No,Yes,No,Electronic check,2,0,Yes,Yes,0
CUST-00615,60,Two year,DSL,48.83,3024.5,No,No,No,Bank transfer,1,0,No,No,0
CUST-00616,1,Two year,No,49.27,96.98,Yes,Yes,No,Mailed check,2,1,No,No,0
CUST-00617,7,Month-to-month,No,29.01,224.3,No,No,No,Electronic check,0,0,No,No,1
CUST-00618,39,One year,Fiber optic,43.65,1598.04,No,No,No,Credit card,0,0,No,No,0
CUST-00619,33,Month-to-month,Fiber optic,114.05,3490.73,Yes,Yes,No,Bank transfer,1,1,No,Yes,1
CUST-00620,4,Month-to-month,Fiber optic,45.2,235.17,No,No,Yes,Electronic check,1,0,Yes,Yes,0
CUST-00621,5,Two year,Fiber optic,35.17,198.38,No,No,Yes,Mailed check,2,0,No,No,1
CUST-00622,11,Two year,DSL,73.0,875.52,No,No,No,Bank transfer,4,0,Yes,No,0
CUST-00623,15,One year,No,62.24,1037.17,Yes,Yes,Yes,Electronic check,2,1,Yes,Yes,0
CUST-00624,23,Month-to-month,No,60.11,1475.45,No,No,No,Credit card,1,0,Yes,No,0
CUST-00625,11,Two year,DSL,100.23,1104.6,Yes,No,Yes,Electronic check,1,1,No,No,0
CUST-00626,14,Month-to-month,No,78.73,1204.91,Yes,No,Yes,Electronic check,2,1,No,Yes,0
CUST-00627,33,Month-to-month,DSL,51.75,1775.26,No,Yes,Yes,Electronic check,1,0,No,No,0
CUST-00628,0,Month-to-month,Fiber optic,54.39,51.64,No,No,No,Electronic check,4,0,Yes,No,1
CUST-00629,6,Month-to-month,DSL,52.44,368.34,No,No,No,Electronic check,1,0,No,No,1
CUST-00630,29,One year,DSL,86.87,2668.34,No,Yes,Yes,Credit card,1,0,Yes,Yes,0
CUST-00631,54,One year,DSL,57.3,2974.11,Yes,Yes,Yes,Electronic check,2,0,No,No,0
CUST-00632,17,Month-to-month,Fiber optic,20.17,374.08,No,No,Yes,Electronic check,0,0,No,Yes,0
CUST-00633,18,Month-to-month,Fiber optic,63.79,1105.14,Yes,Yes,Yes,Electronic check,0,1,Yes,No,0
CUST-00634,2,Month-to-month,Fiber optic,26.57,78.05,No,No,Yes,Bank transfer,2,1,Yes,No,1
CUST-00635,14,Month-to-month,No,119.61,1677.5,No,Yes,No,Bank transfer,1,0,Yes,No,1
CUST-00636,18,One year,Fiber optic,40.86,783.48,No,No,No,Bank transfer,2,0,Yes,No,0
CUST-00637,6,Two year,DSL,60.95,395.18,No,Yes,Yes,Electronic check,1,0,No,Yes,0
CUST-00638,7,Month-to-month,DSL,71.46,543.79,No,No,Yes,Bank transfer,0,0,Yes,No,0
CUST-00639,11,Month-to-month,Fiber optic,57.78,637.27,No,No,No,Bank transfer,1,0,Yes,No,0
CUST-00640,0,One year,DSL,57.75,59.01,No,No,No,Mailed check,2,0,No,No,1
CUST-00641,9,Two year,No,75.55,694.94,No,No,No,Mailed check,2,0,No,No,0
CUST-00642,5,Month-to-month,DSL,103.16,624.2,No,Yes,Yes,Bank transfer,2,0,Yes,Yes,1
CUST-00643,9,Month-to-month,No,84.19,847.02,No,Yes,Yes,Electronic check,1,1,Yes,No,1
CUST-00644,3,One year,Fiber optic,101.96,375.77,No,No,Yes,Electronic check,1,0,Yes,No,0
CUST-00645,53,Month-to-month,Fiber optic,38.83,2065.17,Yes,No,No,Electronic check,0,1,Yes,No,0
CUST-00646,21,Month-to-month,No,72.93,1563.6,Yes,No,No,Mailed check,0,0,Yes,No,0
CUST-00647,27,One year,No,68.88,1907.76,No,No,Yes,Electronic check,0,0,No,Yes,0
CUST-00648,37,One year,No,73.78,2917.42,No,No,No,Bank transfer,2,0,Yes,Yes,0
CUST-00649,16,One year,DSL,99.41,1541.39,No,No,Yes,Credit card,2,0,Yes,No,0
CUST-00650,2,One year,No,59.48,182.56,No,Yes,No,Bank transfer,2,0,Yes,No,0
CUST-00651,18,One year,No,54.86,1072.9,Yes,No,Yes,Mailed check,3,0,No,No,0
CUST-00652,21,Month-to-month,No,78.35,1583.98,No,No,Yes,Bank transfer,3,0,Yes,No,0
CUST-00653,32,Month-to-month,DSL,20.54,676.75,No,No,Yes,Bank transfer,0,0,No,Yes,0
CUST-00654,13,Month-to-month,Fiber optic,59.08,831.52,No,Yes,Yes,Mailed check,0,0,No,Yes,0
CUST-00655,3,Month-to-month,No,61.65,242.24,No,Yes,No,Bank transfer,0,0,No,Yes,0
CUST-00656,8,One year,Fiber optic,41.99,368.63,Yes,Yes,Yes,Bank transfer,1,0,Yes,No,0
CUST-00657,10,Two year,DSL,91.43,953.1,Yes,No,No,Electronic check,1,0,Yes,No,1
CUST-00658,24,Two year,Fiber optic,38.44,964.23,No,No,Yes,Mailed check,1,0,No,No,0
CUST-00659,20,One year,DSL,61.6,1219.65,No,Yes,Yes,Electronic check,4,0,No,No,0
CUST-00660,10,Month-to-month,DSL,72.33,770.97,No,No,No,Credit card,2,1,No,Yes,1
CUST-00661,72,Month-to-month,Fiber optic,98.84,7421.72,No,No,No,Electronic check,0,0,No,No,0
CUST-00662,22,Two year,No,64.74,1360.12,Yes,No,Yes,Electronic check,0,0,No,No,0
CUST-00663,6,One year,Fiber optic,88.4,605.96,No,Yes,No,Mailed check,2,0,No,No,1
CUST-00664,2,One year,DSL,82.51,240.82,No,No,No,Credit card,1,0,No,No,0
CUST-00665,3,One year,Fiber optic,68.09,260.59,No,No,Yes,Mailed check,0,0,Yes,No,0
CUST-00666,6,One year,Fiber optic,37.76,261.58,No,Yes,No,Bank transfer,2,0,Yes,No,0
CUST-00667,4,Two year,Fiber optic,29.14,131.47,No,No,Yes,Bank transfer,2,0,No,Yes,0
CUST-00668,4,Month-to-month,DSL,67.66,329.46,No,No,Yes,Bank transfer,1,0,Yes,No,1
CUST-00669,8,One year,Fiber optic,51.43,450.3,Yes,Yes,No,Credit card,1,0,Yes,No,1
CUST-00670,4,Two year,No,87.98,429.97,Yes,Yes,Yes,Electronic check,4,0,Yes,No,0
CUST-00671,54,Month-to-month,Fiber optic,83.65,4287.28,No,No,Yes,Credit card,0,0,No,No,0
CUST-00672,2,One year,Fiber optic,60.38,168.67,No,Yes,Yes,Credit card,1,0,Yes,Yes,0
CUST-00673,17,Month-to-month,Fiber optic,36.06,647.18,No,Yes,No,Credit card,0,1,No,No,0
CUST-00674,12,Two year,Fiber optic,77.77,923.97,No,No,No,Bank transfer,0,0,Yes,Yes,0
CUST-00675,72,Month-to-month,DSL,39.55,2730.92,No,No,Yes,Credit card,1,0,No,Yes,0
CUST-00676,2,One year,No,46.04,141.52,No,No,No,Electronic check,1,0,Yes,No,0
CUST-00677,12,Month-to-month,DSL,40.51,482.16,Yes,No,Yes,Electronic check,2,0,Yes,No,0
CUST-00678,72,One year,Fiber optic,61.54,4358.59,Yes,Yes,No,Electronic check,3,0,No,No,0
CUST-00679,48,Month-to-month,Fiber optic,94.25,4619.61,Yes,No,No,Electronic check,2,1,No,No,1
CUST-00680,40,Month-to-month,DSL,64.87,2450.21,No,No,No,Bank transfer,1,0,Yes,No,0
CUST-00681,7,Month-to-month,No,53.92,408.44,Yes,No,Yes,Electronic check,2,0,No,Yes,1
CUST-00682,4,Two year,Fiber optic,26.86,132.13,No,No,No,Electronic check,0,0,No,No,0
CUST-00683,26,Month-to-month,DSL,78.8,2019.27,Yes,Yes,Yes,Bank transfer,4,1,Yes,Yes,0
CUST-00684,63,Month-to-month,Fiber optic,45.49,2668.23,No,No,No,Credit card,0,0,Yes,No,0
CUST-00685,19,One year,Fiber optic,67.94,1270.29,No,Yes,Yes,Bank transfer,1,0,No,No,0
CUST-00686,20,Month-to-month,DSL,56.14,1080.4,No,No,Yes,Credit card,1,0,Yes,No,1
CUST-00687,7,Two year,Fiber optic,85.95,720.28,Yes,Yes,Yes,Bank transfer,1,1,Yes,Yes,1
CUST-00688,35,Month-to-month,DSL,61.07,2056.38,Yes,Yes,Yes,Credit card,0,0,No,No,0
CUST-00689,4,One year,Fiber optic,63.53,311.16,No,No,Yes,Mailed check,4,0,Yes,No,1
CUST-00690,9,Month-to-month,DSL,77.14,743.84,No,No,No,Credit card,2,0,Yes,No,0
CUST-00691,13,Month-to-month,Fiber optic,117.67,1623.37,No,No,Yes,Electronic check,1,0,No,No,0
CUST-00692,17,One year,No,87.21,1530.09,No,No,Yes,Credit card,0,0,Yes,No,0
CUST-00693,6,One year,Fiber optic,62.78,443.45,Yes,No,Yes,Bank transfer,5,1,No,No,1
CUST-00694,2,One year,No,65.08,201.28,Yes,No,No,Bank transfer,1,0,Yes,Yes,0
CUST-00695,22,Month-to-month,No,51.88,1124.98,No,No,Yes,Bank transfer,4,0,No,No,0
CUST-00696,8,Month-to-month,No,41.25,344.35,No,Yes,Yes,Credit card,0,0,Yes,No,1
CUST-00697,20,Month-to-month,DSL,51.18,1125.99,Yes,No,Yes,Credit card,1,0,Yes,No,0
CUST-00698,4,Two year,DSL,45.7,235.33,No,No,No,Electronic check,2,0,Yes,No,0
CUST-00699,15,Month-to-month,Fiber optic,81.33,1242.19,No,No,Yes,Electronic check,0,0,No,Yes,1
CUST-00700,18,Month-to-month,Fiber optic,38.22,751.03,No,No,Yes,Electronic check,3,0,No,No,1
CUST-00701,1,Month-to-month,Fiber optic,98.33,196.77,Yes,No,No,Electronic check,1,0,Yes,No,1
CUST-00702,9,One year,Fiber optic,83.8,809.18,Yes,No,Yes,Electronic check,3,0,Yes,No,1
CUST-00703,3,Month-to-month,No,65.51,270.17,No,No,Yes,Bank transfer,0,0,Yes,No,0
CUST-00704,1,Two year,Fiber optic,65.01,130.19,Yes,No,Yes,Mailed check,2,0,No,No,0
CUST-00705,72,Month-to-month,DSL,51.07,3817.46,Yes,No,No,Bank transfer,1,0,Yes,No,0
CUST-00706,9,Two year,DSL,71.75,690.71,No,Yes,Yes,Mailed check,1,0,No,Yes,0
CUST-00707,39,Month-to-month,DSL,92.2,3761.05,Yes,No,Yes,Bank transfer,1,0,No,No,0
CUST-00708,7,One year,DSL,47.42,362.3,No,No,Yes,Electronic check,3,1,No,No,0
CUST-00709,27,Two year,Fiber optic,26.67,754.42,No,Yes,No,Bank transfer,4,0,No,No,0
CUST-00710,34,Month-to-month,DSL,82.58,2790.09,No,No,Yes,Bank transfer,2,1,Yes,No,0
CUST-00711,21,Two year,Fiber optic,73.11,1545.34,Yes,No,Yes,Electronic check,2,0,Yes,Yes,0
CUST-00712,15,Month-to-month,No,37.0,603.54,No,No,No,Electronic check,0,0,Yes,No,0
CUST-00713,12,Two year,DSL,46.67,557.42,No,No,No,Electronic check,3,1,No,No,0
CUST-00714,10,One year,No,43.52,497.5,No,Yes,No,Credit card,0,0,Yes,No,0
CUST-00715,63,Month-to-month,Fiber optic,46.89,2929.84,Yes,No,Yes,Bank transfer,3,0,Yes,No,0
CUST-00716,42,Month-to-month,Fiber optic,56.91,2435.9,Yes,Yes,Yes,Bank transfer,2,1,Yes,Yes,1
CUST-00717,72,Month-to-month,Fiber optic,58.34,4091.83,No,Yes,Yes,Electronic check,1,1,No,No,0
CUST-00718,3,Month-to-month,Fiber optic,48.73,194.31,No,No,No,Electronic check,2,0,No,No,1
CUST-00719,31,Month-to-month,Fiber optic,46.05,1483.15,No,Yes,No,Electronic check,3,0,Yes,Yes,0
CUST-00720,66,Month-to-month,DSL,59.28,4091.99,No,Yes,No,Electronic check,0,0,Yes,No,0
CUST-00721,4,Month-to-month,Fiber optic,69.19,355.69,No,No,Yes,Electronic check,4,0,Yes,No,1
CUST-00722,1,One year,DSL,57.09,108.89,No,No,No,Electronic check,0,0,Yes,No,0
CUST-00723,32,Month-to-month,No,93.97,3077.37,No,No,No,Bank transfer,1,0,No,No,1
CUST-00724,20,Month-to-month,DSL,77.7,1659.58,No,No,No,Mailed check,2,1,No,Yes,1
CUST-00725,44,One year,Fiber optic,25.23,1152.07,Yes,No,No,Mailed check,4,0,No,No,0
CUST-00726,3,Month-to-month,Fiber optic,78.09,322.87,No,Yes,No,Bank transfer,0,0,No,No,1
CUST-00727,38,Month-to-month,DSL,80.14,3202.94,No,No,Yes,Bank transfer,1,0,Yes,No,0
CUST-00728,5,Month-to-month,Fiber optic,54.13,327.27,No,No,Yes,Bank transfer,1,0,No,Yes,1
CUST-00729,4,Two year,DSL,27.62,139.8,No,Yes,Yes,Electronic check,1,0,No,Yes,0
CUST-00730,4,Two year,Fiber optic,65.2,332.88,No,No,Yes,Credit card,3,0,No,No,1
CUST-00731,40,Month-to-month,No,64.81,2725.46,Yes,No,Yes,Credit card,3,0,No,No,0
CUST-00732,26,One year,DSL,36.96,950.92,Yes,Yes,Yes,Electronic check,0,0,No,Yes,0
CUST-00733,17,Month-to-month,DSL,28.72,525.89,No,Yes,No,Electronic check,3,1,No,No,1
CUST-00734,10,One year,Fiber optic,62.81,720.19,Yes,Yes,Yes,Credit card,1,1,Yes,No,0
CUST-00735,50,One year,Fiber optic,59.17,2821.35,No,No,Yes,Credit card,1,0,Yes,Yes,1
CUST-00736,11,One year,DSL,54.57,594.09,Yes,No,Yes,Electronic check,0,0,No,Yes,0
CUST-00737,40,Month-to-month,DSL,62.91,2349.39,Yes,No,Yes,Electronic check,2,0,Yes,No,0
CUST-00738,13,Month-to-month,Fiber optic,37.43,488.65,Yes,No,Yes,Credit card,2,0,No,No,0
CUST-00739,11,Month-to-month,Fiber optic,54.13,674.22,No,No,No,Electronic check,4,1,No,No,1
CUST-00740,14,Two year,Fiber optic,78.33,1079.8,No,No,Yes,Credit card,1,1,No,No,0
CUST-00741,8,One year,DSL,56.25,512.4,Yes,No,Yes,Electronic check,1,0,Yes,No,0
CUST-00742,33,Two year,Fiber optic,23.2,812.51,Yes,No,Yes,Credit card,1,0,Yes,No,0
CUST-00743,16,Two year,DSL,53.18,932.65,No,No,No,Electronic check,0,0,No,No,0
CUST-00744,6,Month-to-month,DSL,38.25,257.71,No,No,No,Electronic check,2,0,No,No,0
CUST-00745,55,One year,DSL,71.68,3910.88,No,No,Yes,Credit card,0,0,No,No,1
CUST-00746,11,One year,No,72.97,830.53,No,No,No,Electronic check,3,0,No,No,0
CUST-00747,18,Two year,No,23.53,412.24,No,No,No,Electronic check,3,1,Yes,Yes,0
CUST-00748,56,Two year,DSL,83.98,4460.52,No,No,Yes,Credit card,2,1,Yes,Yes,0
CUST-00749,23,One year,Fiber optic,37.2,821.57,Yes,No,Yes,Electronic check,1,0,No,No,1
CUST-00750,2,Month-to-month,Fiber optic,103.98,299.81,No,No,Yes,Electronic check,1,0,Yes,No,1
CUST-00751,67,One year,DSL,63.78,4014.16,No,No,Yes,Electronic check,0,0,Yes,No,0
CUST-00752,23,Month-to-month,DSL,33.84,780.09,No,No,No,Bank transfer,2,0,No,No,0
CUST-00753,9,One year,DSL,36.45,374.59,Yes,Yes,Yes,Bank transfer,0,0,No,No,0
CUST-00754,3,Two year,Fiber optic,73.7,294.26,No,Yes,Yes,Credit card,2,0,No,No,1
CUST-00755,37,Month-to-month,DSL,55.22,2097.13,No,No,Yes,Mailed check,4,1,Yes,Yes,1
CUST-00756,23,One year,Fiber optic,62.58,1534.63,No,Yes,Yes,Mailed check,1,0,No,No,1
CUST-00757,18,Month-to-month,DSL,105.32,1813.34,Yes,No,No,Mailed check,1,0,Yes,No,0
CUST-00758,53,Month-to-month,Fiber optic,47.52,2615.29,Yes,No,Yes,Credit card,4,0,Yes,Yes,0
CUST-00759,37,Month-to-month,DSL,66.5,2348.73,No,No,Yes,Bank transfer,3,0,No,No,0
CUST-00760,3,One year,Fiber optic,100.5,382.66,No,No,No,Credit card,2,0,Yes,Yes,0
CUST-00761,8,Two year,Fiber optic,71.76,611.1,Yes,No,Yes,Credit card,0,0,Yes,Yes,0
CUST-00762,6,Two year,DSL,24.83,159.18,No,No,Yes,Electronic check,3,0,No,Yes,0
CUST-00763,32,Month-to-month,Fiber optic,77.63,2372.36,Yes,No,Yes,Mailed check,0,0,No,Yes,0
CUST-00764,0,Two year,DSL,35.92,37.48,No,No,Yes,Bank transfer,0,0,No,No,0
CUST-00765,20,One year,DSL,100.17,2082.62,Yes,Yes,Yes,Electronic check,2,0,Yes,No,0
CUST-00766,34,Month-to-month,DSL,44.43,1510.1,Yes,Yes,Yes,Electronic check,2,0,Yes,No,0
CUST-00767,50,Month-to-month,Fiber optic,120.0,6203.66,Yes,No,Yes,Credit card,0,0,Yes,No,1
CUST-00768,10,Month-to-month,DSL,101.68,1143.15,Yes,No,Yes,Mailed check,0,0,No,No,1
CUST-00769,41,Two year,DSL,45.08,1735.34,Yes,No,Yes,Bank transfer,1,0,Yes,No,0
CUST-00770,2,One year,DSL,65.5,198.69,No,No,No,Bank transfer,1,0,Yes,Yes,0
CUST-00771,44,One year,DSL,83.84,3923.18,No,No,Yes,Bank transfer,0,0,No,Yes,1
CUST-00772,3,Month-to-month,Fiber optic,84.59,334.24,No,No,No,Electronic check,1,0,No,No,0
CUST-00773,12,One year,Fiber optic,76.06,980.99,Yes,Yes,No,Bank transfer,2,0,Yes,No,0
CUST-00774,38,Month-to-month,Fiber optic,96.3,3870.48,Yes,No,Yes,Mailed check,3,0,No,No,1
CUST-00775,3,Month-to-month,Fiber optic,61.93,248.2,No,No,No,Credit card,1,0,Yes,No,0
CUST-00776,6,One year,Fiber optic,55.83,410.07,No,No,No,Mailed check,1,0,No,Yes,1
CUST-00777,30,Month-to-month,DSL,56.33,1645.65,Yes,No,Yes,Credit card,4,0,No,No,0
CUST-00778,30,Two year,DSL,86.46,2752.15,Yes,No,No,Mailed check,2,0,No,No,0
CUST-00779,24,Month-to-month,Fiber optic,74.13,1838.17,No,No,Yes,Credit card,2,0,Yes,Yes,0
CUST-00780,28,One year,No,72.28,2001.5,No,No,Yes,Credit card,1,0,Yes,No,0
CUST-00781,18,Month-to-month,DSL,84.88,1665.07,No,No,No,Bank transfer,1,0,No,No,0
CUST-00782,6,One year,No,18.0,132.23,No,No,Yes,Mailed check,0,0,Yes,Yes,0
CUST-00783,10,Month-to-month,DSL,72.75,727.17,No,Yes,No,Mailed check,2,1,No,Yes,0
CUST-00784,4,Month-to-month,DSL,70.46,365.98,No,Yes,No,Bank transfer,2,0,No,No,0
CUST-00785,57,Two year,Fiber optic,106.72,5759.37,Yes,No,No,Bank transfer,1,1,Yes,No,0
CUST-00786,21,Month-to-month,Fiber optic,26.79,548.58,No,No,Yes,Mailed check,2,1,No,No,1
CUST-00787,12,Two year,Fiber optic,103.93,1224.44,Yes,No,No,Bank transfer,3,0,No,No,0
CUST-00788,14,Two year,DSL,66.89,1041.81,No,No,Yes,Bank transfer,0,0,Yes,Yes,0
CUST-00789,70,Month-to-month,Fiber optic,77.22,5558.88,No,No,Yes,Electronic check,3,1,Yes,No,0
CUST-00790,3,Month-to-month,DSL,106.9,388.27,No,No,Yes,Electronic check,1,0,Yes,No,1
CUST-00791,21,One year,Fiber optic,79.02,1729.8,No,Yes,No,Electronic check,1,0,No,Yes,0
CUST-00792,16,Two year,No,75.01,1170.63,Yes,No,Yes,Electronic check,4,0,Yes,Yes,0
CUST-00793,22,Two year,Fiber optic,71.06,1655.15,Yes,No,Yes,Mailed check,0,0,No,No,0
CUST-00794,0,Month-to-month,Fiber optic,52.91,50.87,No,Yes,Yes,Credit card,2,0,Yes,No,1
CUST-00795,49,One year,Fiber optic,64.29,2918.02,No,Yes,Yes,Mailed check,0,1,Yes,No,0
CUST-00796,64,Month-to-month,Fiber optic,47.11,3136.9,Yes,No,No,Electronic check,1,0,No,Yes,0
CUST-00797,19,Two year,Fiber optic,63.89,1259.73,No,No,Yes,Mailed check,0,1,Yes,No,0
CUST-00798,28,Two year,DSL,18.0,530.32,Yes,No,Yes,Credit card,0,0,No,No,0
CUST-00799,61,Month-to-month,Fiber optic,75.73,4700.8,No,No,No,Electronic check,0,0,Yes,No,1
CUST-00800,29,Month-to-month,Fiber optic,61.96,1794.04,Yes,No,Yes,Credit card,1,0,No,No,0
CUST-00801,3,Month-to-month,No,56.59,227.45,No,No,No,Electronic check,0,0,No,No,1
CUST-00802,20,Month-to-month,Fiber optic,70.49,1335.54,Yes,No,Yes,Electronic check,1,1,No,No,0
CUST-00803,22,Two year,No,29.16,637.79,No,No,Yes,Bank transfer,1,0,Yes,No,0
CUST-00804,13,Month-to-month,No,113.23,1611.66,Yes,Yes,Yes,Mailed check,1,0,No,Yes,0
CUST-00805,32,Month-to-month,Fiber optic,62.43,2089.98,Yes,No,Yes,Bank transfer,1,1,Yes,No,0
CUST-00806,65,Month-to-month,Fiber optic,61.35,4183.17,No,No,No,Credit card,1,0,No,No,0
CUST-00807,62,Two year,Fiber optic,40.87,2553.33,No,No,Yes,Electronic check,2,0,Yes,No,0
CUST-00808,14,One year,DSL,65.6,1024.67,Yes,No,No,Bank transfer,2,0,Yes,No,0
CUST-00809,2,Month-to-month,DSL,99.67,294.12,Yes,Yes,Yes,Bank transfer,1,0,No,No,0
CUST-00810,72,Month-to-month,DSL,90.9,6470.26,No,Yes,Yes,Credit card,4,0,Yes,No,0
CUST-00811,43,Two year,DSL,86.36,3532.26,Yes,No,No,Mailed check,2,0,Yes,No,0
CUST-00812,3,Two year,Fiber optic,78.66,319.93,No,No,No,Electronic check,0,0,No,No,0
CUST-00813,60,Month-to-month,No,56.04,3431.46,No,No,No,Bank transfer,3,0,No,No,0
CUST-00814,48,Month-to-month,DSL,28.75,1365.24,Yes,Yes,No,Credit card,1,0,Yes,No,0
CUST-00815,17,Month-to-month,DSL,59.97,985.62,No,No,Yes,Electronic check,2,0,No,No,1
CUST-00816,21,Month-to-month,No,59.1,1194.7,No,Yes,No,Electronic check,2,0,Yes,No,0
CUST-00817,12,One year,DSL,91.22,1087.63,Yes,No,Yes,Electronic check,1,0,No,No,0
CUST-00818,1,Two year,Fiber optic,72.73,139.11,No,Yes,Yes,Bank transfer,4,0,Yes,No,1
CUST-00819,9,Month-to-month,Fiber optic,105.31,972.9,No,No,No,Electronic check,3,1,Yes,No,1
CUST-00820,38,Two year,DSL,94.94,3810.5,No,No,Yes,Electronic check,5,1,No,No,0
CUST-00821,0,Month-to-month,Fiber optic,53.59,55.46,No,No,No,Bank transfer,1,0,Yes,No,1
CUST-00822,9,One year,No,20.12,206.94,Yes,Yes,Yes,Electronic check,2,0,Yes,No,0
CUST-00823,12,One year,Fiber optic,99.64,1284.09,Yes,No,Yes,Electronic check,1,0,Yes,No,1
CUST-00824,18,Month-to-month,DSL,98.98,1860.79,Yes,No,Yes,Mailed check,1,0,No,Yes,1
CUST-00825,60,Month-to-month,DSL,30.84,1944.52,Yes,Yes,Yes,Mailed check,1,0,Yes,Yes,0
CUST-00826,10,One year,Fiber optic,102.73,1085.9,Yes,No,Yes,Electronic check,1,0,Yes,No,0
CUST-00827,10,Month-to-month,No,74.55,745.71,No,No,Yes,Electronic check,3,0,No,No,1
CUST-00828,32,Month-to-month,No,69.02,2210.6,Yes,No,No,Mailed check,2,0,Yes,Yes,0
CUST-00829,14,Month-to-month,DSL,105.37,1553.77,Yes,Yes,Yes,Bank transfer,0,0,No,No,0
CUST-00830,6,Two year,Fiber optic,98.62,678.2,No,No,Yes,Mailed check,2,0,No,No,0
CUST-00831,14,Month-to-month,Fiber optic,81.28,1126.36,Yes,No,No,Bank transfer,3,0,No,Yes,0
CUST-00832,3,Two year,Fiber optic,76.83,312.7,Yes,No,No,Electronic check,0,0,Yes,Yes,0
CUST-00833,4,Month-to-month,Fiber optic,80.41,405.99,Yes,Yes,Yes,Electronic check,0,0,No,Yes,1
CUST-00834,16,One year,DSL,55.0,873.74,Yes,No,No,Credit card,0,0,Yes,No,0
CUST-00835,13,One year,No,63.62,875.26,No,No,Yes,Electronic check,1,0,No,No,0
CUST-00836,59,Two year,DSL,42.44,2593.63,No,Yes,Yes,Mailed check,1,0,No,Yes,0
CUST-00837,10,Month-to-month,No,56.67,561.75,Yes,No,No,Credit card,2,0,Yes,No,1
CUST-00838,20,One year,DSL,55.83,1103.58,Yes,No,No,Bank transfer,1,0,Yes,No,0
CUST-00839,24,One year,DSL,49.12,1192.15,Yes,Yes,Yes,Bank transfer,3,0,No,No,0
CUST-00840,0,Month-to-month,No,68.42,70.25,No,No,Yes,Bank transfer,2,0,No,No,1
CUST-00841,26,Month-to-month,DSL,56.9,1566.79,No,No,Yes,Electronic check,1,0,Yes,Yes,0
CUST-00842,4,Month-to-month,No,77.56,357.8,No,Yes,Yes,Credit card,2,1,Yes,No,1
CUST-00843,72,Month-to-month,Fiber optic,24.44,1729.55,Yes,Yes,No,Credit card,1,0,No,No,0
CUST-00844,3,Two year,Fiber optic,62.17,235.18,Yes,No,Yes,Electronic check,1,0,Yes,No,0
CUST-00845,12,Month-to-month,No,68.29,852.45,No,No,Yes,Credit card,0,1,No,Yes,0
CUST-00846,2,Month-to-month,DSL,57.23,168.44,No,Yes,Yes,Mailed check,2,0,Yes,Yes,0
CUST-00847,72,One year,No,60.69,4319.17,No,No,No,Bank transfer,1,0,Yes,No,0
CUST-00848,16,Month-to-month,No,25.37,397.32,Yes,No,Yes,Electronic check,1,0,Yes,Yes,0
CUST-00849,21,Month-to-month,Fiber optic,73.91,1493.1,No,Yes,No,Mailed check,2,1,No,No,0
CUST-00850,1,Month-to-month,DSL,81.19,149.31,No,No,No,Electronic check,0,0,Yes,Yes,1
CUST-00851,33,Two year,Fiber optic,77.34,2698.44,No,No,Yes,Mailed check,2,0,No,No,0
CUST-00852,5,Two year,DSL,90.97,492.87,Yes,Yes,No,Electronic check,0,0,No,Yes,0
CUST-00853,54,Two year,DSL,70.04,3583.94,No,No,No,Mailed check,2,0,No,No,0
CUST-00854,5,Month-to-month,Fiber optic,76.97,481.86,Yes,No,Yes,Bank transfer,2,0,No,Yes,0
CUST-00855,5,One year,DSL,68.9,376.15,No,Yes,Yes,Credit card,1,0,No,Yes,0
CUST-00856,0,Month-to-month,DSL,82.19,74.42,Yes,Yes,No,Electronic check,0,1,No,No,0
CUST-00857,15,Month-to-month,Fiber optic,25.57,391.98,No,Yes,Yes,Credit card,2,0,No,Yes,0
CUST-00858,19,Month-to-month,No,42.66,787.23,No,Yes,Yes,Mailed check,1,1,Yes,Yes,1
CUST-00859,1,One year,DSL,104.67,206.17,Yes,Yes,Yes,Credit card,3,0,No,Yes,1
CUST-00860,35,Month-to-month,No,18.0,616.11,No,No,No,Mailed check,2,0,No,Yes,0
CUST-00861,14,Month-to-month,Fiber optic,61.5,859.17,Yes,No,Yes,Credit card,0,0,No,No,0
CUST-00862,17,Month-to-month,Fiber optic,94.31,1782.1,No,Yes,Yes,Bank transfer,2,0,Yes,No,1
CUST-00863,13,Month-to-month,DSL,62.67,834.53,Yes,No,Yes,Mailed check,1,0,No,No,0
CUST-00864,12,One year,Fiber optic,54.87,710.56,Yes,Yes,No,Electronic check,2,0,Yes,No,0
CUST-00865,19,Month-to-month,No,68.24,1407.27,No,Yes,Yes,Credit card,1,1,Yes,Yes,0
CUST-00866,4,One year,Fiber optic,56.17,291.62,Yes,Yes,Yes,Credit card,1,0,No,No,1
CUST-00867,4,Month-to-month,DSL,65.77,316.2,No,No,Yes,Mailed check,0,0,No,Yes,1
CUST-00868,47,Two year,DSL,47.92,2406.94,No,No,Yes,Electronic check,1,0,Yes,No,0
CUST-00869,70,One year,Fiber optic,92.72,6640.29,No,No,Yes,Bank transfer,1,0,Yes,Yes,0
CUST-00870,11,Month-to-month,Fiber optic,100.58,1191.86,No,No,No,Credit card,1,0,Yes,No,1
CUST-00871,7,Month-to-month,DSL,61.67,495.33,Yes,Yes,No,Electronic check,1,1,No,No,1
CUST-00872,24,One year,DSL,30.34,723.62,No,Yes,No,Credit card,3,0,No,No,0
CUST-00873,12,Two year,Fiber optic,51.9,650.18,Yes,No,Yes,Electronic check,0,0,No,No,0
CUST-00874,0,Month-to-month,No,60.4,59.67,No,Yes,Yes,Credit card,1,0,No,No,0
CUST-00875,4,Month-to-month,Fiber optic,77.64,368.41,No,No,No,Bank transfer,2,1,No,Yes,0
CUST-00876,30,Two year,Fiber optic,39.8,1252.7,No,Yes,Yes,Electronic check,2,0,Yes,No,0
CUST-00877,25,One year,DSL,45.77,1115.84,Yes,No,No,Electronic check,4,0,Yes,No,0
CUST-00878,0,Month-to-month,Fiber optic,77.77,79.29,No,No,No,Bank transfer,2,0,No,No,1
CUST-00879,6,Month-to-month,No,88.47,571.5,No,Yes,No,Bank transfer,2,0,Yes,No,0
CUST-00880,6,Month-to-month,Fiber optic,49.46,322.89,No,No,Yes,Credit card,2,0,Yes,No,0
CUST-00881,26,One year,Fiber optic,31.67,866.18,Yes,No,Yes,Bank transfer,1,0,No,No,0
CUST-00882,0,Month-to-month,Fiber optic,120.0,112.74,No,Yes,Yes,Mailed check,1,0,Yes,No,1
CUST-00883,2,Two year,DSL,84.58,258.64,Yes,No,No,Credit card,0,0,No,Yes,0
CUST-00884,38,Month-to-month,DSL,58.32,2314.47,No,Yes,No,Bank transfer,0,0,Yes,No,0
CUST-00885,4,Month-to-month,DSL,86.73,407.02,No,Yes,No,Credit card,1,1,No,Yes,1
CUST-00886,25,One year,Fiber optic,61.89,1465.87,Yes,Yes,Yes,Credit card,0,0,Yes,No,0
CUST-00887,6,Two year,Fiber optic,86.68,561.23,Yes,No,No,Credit card,2,0,Yes,Yes,1
CUST-00888,2,Two year,No,68.98,209.61,No,Yes,No,Electronic check,1,0,No,No,0
CUST-00889,6,Month-to-month,Fiber optic,67.28,483.7,Yes,Yes,Yes,Bank transfer,1,0,No,No,0
CUST-00890,30,One year,No,62.16,1844.98,Yes,No,Yes,Mailed check,0,0,Yes,No,0
CUST-00891,46,One year,Fiber optic,28.82,1252.45,No,Yes,No,Mailed check,2,1,Yes,Yes,0
CUST-00892,42,Month-to-month,No,113.45,4445.74,No,No,Yes,Mailed check,0,0,No,No,1
CUST-00893,12,Month-to-month,Fiber optic,41.46,502.53,No,Yes,Yes,Credit card,0,0,Yes,No,0
CUST-00894,26,Month-to-month,DSL,31.0,876.3,Yes,No,Yes,Electronic check,0,0,No,No,0
CUST-00895,5,Month-to-month,Fiber optic,59.68,331.42,Yes,No,No,Mailed check,2,1,No,No,0
CUST-00896,8,Two year,Fiber optic,40.96,336.54,No,No,Yes,Electronic check,1,0,Yes,Yes,0
CUST-00897,54,Month-to-month,Fiber optic,63.71,3566.5,No,Yes,Yes,Electronic check,1,0,Yes,No,0
CUST-00898,0,Two year,Fiber optic,82.19,81.56,No,No,No,Bank transfer,1,0,Yes,No,1
CUST-00899,2,Month-to-month,Fiber optic,89.88,264.31,No,No,No,Electronic check,1,0,Yes,Yes,1
CUST-00900,5,One year,DSL,85.37,495.41,No,Yes,No,Electronic check,1,1,Yes,No,0
CUST-00901,0,Month-to-month,DSL,57.36,57.66,Yes,Yes,Yes,Mailed check,0,0,No,No,1
CUST-00902,4,Month-to-month,DSL,66.24,332.77,No,Yes,Yes,Electronic check,2,0,No,Yes,1
CUST-00903,20,Month-to-month,DSL,75.2,1521.82,No,No,No,Electronic check,2,0,No,No,1
CUST-00904,13,Month-to-month,DSL,21.06,275.71,No,No,No,Credit card,3,0,Yes,Yes,1
CUST-00905,53,One year,Fiber optic,79.26,4392.13,No,Yes,Yes,Credit card,3,1,No,No,0
CUST-00906,40,Month-to-month,DSL,28.57,1083.16,No,Yes,Yes,Electronic check,2,0,Yes,No,1
CUST-00907,10,One year,Fiber optic,116.01,1250.72,No,Yes,Yes,Electronic check,3,0,Yes,Yes,1
CUST-00908,7,Month-to-month,No,54.89,440.83,Yes,Yes,No,Credit card,1,0,Yes,No,1
CUST-00909,11,Month-to-month,Fiber optic,60.38,721.54,No,No,Yes,Electronic check,0,0,No,No,1
CUST-00910,21,Month-to-month,Fiber optic,45.76,999.49,No,No,Yes,Bank transfer,1,1,No,No,1
CUST-00911,7,Two year,DSL,49.25,393.75,No,Yes,Yes,Bank transfer,1,0,No,No,0
CUST-00912,23,One year,Fiber optic,120.0,2970.28,No,No,Yes,Bank transfer,2,0,Yes,Yes,1
CUST-00913,12,Month-to-month,No,88.51,1098.63,No,No,Yes,Credit card,1,0,Yes,Yes,0
CUST-00914,19,Month-to-month,No,26.27,522.31,No,No,No,Mailed check,0,0,Yes,No,0
CUST-00915,13,Month-to-month,Fiber optic,102.61,1443.07,No,No,No,Mailed check,2,0,Yes,Yes,1
CUST-00916,8,Two year,Fiber optic,94.83,843.7,No,Yes,Yes,Bank transfer,1,0,Yes,Yes,1
CUST-00917,71,One year,DSL,57.97,4321.8,No,No,Yes,Credit card,0,0,Yes,Yes,0
CUST-00918,34,Month-to-month,DSL,72.67,2538.91,No,Yes,Yes,Credit card,1,1,Yes,Yes,0
CUST-00919,3,One year,Fiber optic,64.63,249.13,No,No,No,Bank transfer,0,0,Yes,Yes,1
CUST-00920,48,Month-to-month,DSL,114.31,5751.52,No,No,Yes,Credit card,3,0,Yes,Yes,0
CUST-00921,16,Two year,DSL,45.09,746.17,Yes,Yes,No,Electronic check,0,0,No,Yes,0
CUST-00922,53,Month-to-month,Fiber optic,68.65,3631.2,Yes,No,No,Mailed check,0,0,No,Yes,0
CUST-00923,38,One year,Fiber optic,54.3,2090.89,No,No,Yes,Electronic check,2,0,No,Yes,0
CUST-00924,13,Month-to-month,DSL,29.17,387.31,No,No,No,Electronic check,0,0,Yes,Yes,1
CUST-00925,0,One year,Fiber optic,119.79,120.79,Yes,No,No,Bank transfer,0,0,Yes,No,1
CUST-00926,7,One year,No,35.46,259.49,Yes,Yes,Yes,Credit card,5,0,Yes,No,0
CUST-00927,18,One year,Fiber optic,70.5,1380.12,Yes,No,Yes,Bank transfer,1,0,Yes,No,0
CUST-00928,24,One year,DSL,21.48,544.08,No,No,Yes,Bank transfer,4,0,No,No,1
CUST-00929,7,Two year,No,55.02,419.49,No,No,Yes,Electronic check,1,0,Yes,No,0
CUST-00930,3,Month-to-month,No,75.55,282.24,Yes,No,Yes,Bank transfer,0,0,No,No,1
CUST-00931,43,Month-to-month,Fiber optic,44.38,1871.07,No,Yes,Yes,Mailed check,3,0,No,No,0
CUST-00932,72,Month-to-month,Fiber optic,79.67,5936.64,Yes,Yes,Yes,Bank transfer,1,0,No,No,0
CUST-00933,17,Two year,DSL,58.27,948.94,No,No,Yes,Electronic check,1,0,No,Yes,0
CUST-00934,4,Month-to-month,Fiber optic,94.0,455.99,No,No,No,Bank transfer,3,0,No,No,0
CUST-00935,7,One year,Fiber optic,99.04,743.29,No,No,No,Mailed check,1,0,No,No,0
CUST-00936,0,One year,No,50.33,51.9,Yes,No,No,Bank transfer,1,0,No,No,1
CUST-00937,58,Month-to-month,Fiber optic,66.92,3798.55,Yes,No,Yes,Electronic check,0,0,No,No,0
CUST-00938,3,Month-to-month,Fiber optic,69.59,279.66,No,No,No,Mailed check,0,0,Yes,No,1
CUST-00939,20,Month-to-month,Fiber optic,80.48,1611.8,Yes,No,No,Mailed check,3,0,Yes,Yes,1
CUST-00940,7,Month-to-month,DSL,65.36,496.45,No,No,Yes,Bank transfer,1,0,Yes,No,1
CUST-00941,19,Month-to-month,DSL,69.76,1323.88,No,No,No,Bank transfer,2,0,Yes,No,0
CUST-00942,25,Month-to-month,Fiber optic,58.91,1534.3,No,No,Yes,Credit card,0,0,No,No,0
CUST-00943,42,Two year,Fiber optic,67.88,3049.13,No,Yes,No,Bank transfer,1,0,Yes,Yes,0
CUST-00944,5,Two year,Fiber optic,97.45,544.49,Yes,Yes,No,Electronic check,0,1,Yes,No,0
CUST-00945,0,Month-to-month,DSL,81.15,80.87,No,Yes,No,Bank transfer,1,0,Yes,No,0
CUST-00946,3,Month-to-month,Fiber optic,82.53,310.25,No,Yes,Yes,Mailed check,2,0,No,No,1
CUST-00947,55,Month-to-month,No,83.08,4570.61,Yes,Yes,Yes,Electronic check,2,0,Yes,No,0
CUST-00948,49,One year,Fiber optic,61.15,3000.14,No,No,Yes,Bank transfer,2,0,Yes,No,0
CUST-00949,21,Two year,No,72.97,1553.18,No,No,Yes,Electronic check,1,0,No,No,0
CUST-00950,22,Month-to-month,Fiber optic,37.87,849.06,No,Yes,Yes,Electronic check,2,0,No,No,0
CUST-00951,26,Month-to-month,DSL,96.72,2695.1,Yes,No,Yes,Bank transfer,0,0,No,No,1
CUST-00952,4,One year,Fiber optic,18.0,82.2,No,No,No,Bank transfer,0,0,No,Yes,0
CUST-00953,58,One year,Fiber optic,62.82,3797.34,No,Yes,Yes,Bank transfer,0,0,No,No,0
CUST-00954,13,Month-to-month,No,93.52,1269.15,Yes,No,No,Electronic check,0,0,Yes,No,1
CUST-00955,11,One year,No,30.9,352.27,No,Yes,Yes,Credit card,1,0,Yes,No,0
CUST-00956,17,Month-to-month,Fiber optic,74.99,1250.71,No,No,Yes,Bank transfer,0,0,No,Yes,1
CUST-00957,1,Month-to-month,DSL,47.98,98.09,No,Yes,No,Credit card,3,0,Yes,No,0
CUST-00958,4,One year,DSL,55.78,275.78,No,No,No,Bank transfer,5,0,Yes,No,0
CUST-00959,32,Two year,No,88.65,2952.53,No,No,Yes,Bank transfer,0,0,No,No,0
CUST-00960,2,Month-to-month,Fiber optic,69.95,198.78,Yes,Yes,No,Electronic check,1,0,No,No,0
CUST-00961,22,Two year,DSL,18.0,397.0,No,No,Yes,Bank transfer,4,0,Yes,Yes,0
CUST-00962,6,Month-to-month,DSL,40.59,294.66,No,Yes,No,Bank transfer,0,0,Yes,No,0
CUST-00963,11,One year,Fiber optic,89.38,1119.94,Yes,No,No,Electronic check,1,0,Yes,No,1
CUST-00964,8,Month-to-month,No,76.22,693.51,No,No,Yes,Bank transfer,2,1,No,Yes,1
CUST-00965,10,Two year,Fiber optic,108.7,1210.54,No,No,No,Bank transfer,0,0,Yes,No,0
CUST-00966,30,Two year,Fiber optic,107.07,3332.98,No,Yes,No,Bank transfer,0,0,Yes,No,1
CUST-00967,8,Month-to-month,DSL,56.44,501.91,No,Yes,No,Mailed check,1,0,No,Yes,0
CUST-00968,20,Two year,DSL,120.0,2492.94,No,No,No,Electronic check,0,1,No,No,0
CUST-00969,15,Two year,Fiber optic,65.61,1096.55,Yes,Yes,No,Electronic check,2,0,No,No,0
CUST-00970,26,One year,Fiber optic,40.93,1119.07,No,No,Yes,Bank transfer,2,0,No,No,1
CUST-00971,66,Month-to-month,No,49.16,3288.12,No,No,Yes,Electronic check,1,0,Yes,Yes,0
CUST-00972,31,Two year,Fiber optic,18.0,534.74,Yes,No,No,Electronic check,3,0,No,No,0
CUST-00973,5,Two year,DSL,105.18,660.46,Yes,Yes,No,Credit card,2,0,No,No,0
CUST-00974,0,Month-to-month,DSL,104.87,102.57,No,No,Yes,Electronic check,3,0,No,No,0
CUST-00975,7,Two year,Fiber optic,39.61,330.05,No,No,Yes,Bank transfer,2,0,Yes,No,0
CUST-00976,21,Month-to-month,No,59.3,1313.78,Yes,No,No,Credit card,1,0,Yes,Yes,0
CUST-00977,1,Month-to-month,DSL,67.39,122.11,Yes,No,Yes,Bank transfer,0,0,Yes,No,1
CUST-00978,16,Month-to-month,DSL,40.99,683.49,Yes,Yes,Yes,Bank transfer,0,0,No,Yes,0
CUST-00979,21,One year,DSL,21.12,480.39,No,Yes,Yes,Credit card,1,0,Yes,No,0
CUST-00980,9,One year,DSL,59.74,542.3,Yes,Yes,No,Credit card,1,1,No,Yes,0
CUST-00981,35,Month-to-month,DSL,56.97,2112.47,No,No,Yes,Bank transfer,1,0,Yes,No,0
CUST-00982,2,Two year,No,55.29,164.54,Yes,Yes,Yes,Mailed check,0,0,Yes,No,0
CUST-00983,1,Month-to-month,Fiber optic,70.57,127.97,No,No,No,Mailed check,0,0,No,No,1
CUST-00984,31,Month-to-month,Fiber optic,100.74,3081.97,No,No,No,Credit card,1,0,No,No,0
CUST-00985,16,Month-to-month,Fiber optic,57.42,882.94,No,No,Yes,Credit card,1,1,Yes,No,1
CUST-00986,27,One year,Fiber optic,69.26,1745.85,No,Yes,Yes,Credit card,0,0,No,No,1
CUST-00987,13,Two year,Fiber optic,83.17,1204.51,Yes,No,Yes,Bank transfer,1,1,No,No,1
CUST-00988,6,One year,No,78.85,558.73,No,No,No,Mailed check,4,0,Yes,Yes,0
CUST-00989,41,Two year,DSL,49.64,1966.92,Yes,Yes,Yes,Electronic check,2,0,No,No,0
CUST-00990,38,Month-to-month,DSL,67.41,2410.93,No,Yes,Yes,Electronic check,1,1,Yes,No,0
CUST-00991,28,Month-to-month,DSL,78.69,2072.44,Yes,No,No,Bank transfer,0,0,No,No,0
CUST-00992,7,Month-to-month,No,36.79,305.38,No,No,No,Electronic check,2,0,Yes,No,0
CUST-00993,21,Month-to-month,DSL,96.59,2111.88,No,Yes,Yes,Electronic check,1,0,Yes,Yes,0
CUST-00994,10,Month-to-month,No,100.79,1024.52,No,Yes,Yes,Credit card,0,1,Yes,No,1
CUST-00995,2,One year,Fiber optic,46.93,141.1,No,Yes,Yes,Electronic check,1,0,Yes,No,0
CUST-00996,59,Month-to-month,No,69.84,4399.22,No,No,Yes,Credit card,1,0,Yes,No,0
CUST-00997,3,One year,DSL,81.06,330.14,No,No,Yes,Electronic check,3,0,No,Yes,0
CUST-00998,72,Month-to-month,Fiber optic,51.36,3625.48,No,No,Yes,Credit card,0,0,No,No,0
CUST-00999,14,Month-to-month,DSL,77.04,1181.17,Yes,No,Yes,Mailed check,3,0,Yes,Yes,0
CUST-01000,4,One year,DSL,69.08,349.42,No,No,Yes,Electronic check,1,1,Yes,No,0
CUST-01001,18,Month-to-month,Fiber optic,28.3,491.08,No,No,No,Bank transfer,2,0,Yes,No,0
CUST-01002,49,Two year,DSL,76.48,3972.58,Yes,Yes,No,Credit card,2,0,Yes,No,0
CUST-01003,31,One year,Fiber optic,37.5,1239.14,No,No,Yes,Mailed check,0,0,Yes,No,0
CUST-01004,39,Month-to-month,Fiber optic,88.48,3498.8,No,Yes,No,Bank transfer,1,0,Yes,No,0
CUST-01005,25,Two year,No,48.22,1223.91,No,No,No,Credit card,2,1,No,No,0
CUST-01006,28,Month-to-month,DSL,60.97,1651.72,No,Yes,No,Electronic check,1,0,Yes,No,0
CUST-01007,45,Month-to-month,No,99.31,4683.24,No,Yes,Yes,Credit card,0,0,Yes,No,0
CUST-01008,6,One year,DSL,77.41,522.79,Yes,Yes,Yes,Electronic check,1,0,Yes,Yes,0
CUST-01009,16,Month-to-month,Fiber optic,38.01,637.7,Yes,No,Yes,Mailed check,2,0,Yes,Yes,1
CUST-01010,6,Two year,DSL,39.63,256.75,No,No,Yes,Electronic check,1,0,Yes,Yes,0
CUST-01011,72,Two year,DSL,50.02,3403.43,No,No,Yes,Mailed check,1,0,No,Yes,0
CUST-01012,69,Two year,No,74.87,5491.31,No,No,No,Electronic check,0,0,No,Yes,0
CUST-01013,0,Month-to-month,Fiber optic,73.96,72.04,No,No,Yes,Electronic check,1,1,Yes,Yes,1
CUST-01014,29,Month-to-month,No,43.92,1347.06,Yes,No,No,Mailed check,2,0,Yes,No,0
CUST-01015,62,One year,No,35.82,2311.86,No,Yes,Yes,Bank transfer,0,0,Yes,Yes,0
CUST-01016,4,Month-to-month,DSL,72.04,377.21,Yes,No,No,Bank transfer,0,0,Yes,No,0
CUST-01017,20,Month-to-month,No,60.45,1329.67,Yes,Yes,Yes,Bank transfer,0,0,Yes,Yes,1
CUST-01018,59,Month-to-month,Fiber optic,118.93,6911.33,No,No,No,Electronic check,2,0,No,No,0
CUST-01019,0,Month-to-month,No,65.92,68.72,Yes,No,Yes,Credit card,1,0,No,No,1
CUST-01020,28,Month-to-month,DSL,110.36,3055.84,No,No,No,Mailed check,1,1,No,Yes,0
CUST-01021,8,Two year,Fiber optic,35.74,318.81,Yes,Yes,Yes,Electronic check,3,1,Yes,No,1
CUST-01022,61,Two year,No,25.67,1628.55,Yes,No,No,Bank transfer,3,0,No,No,0
CUST-01023,72,Month-to-month,DSL,37.0,2801.12,No,No,Yes,Bank transfer,2,0,Yes,No,0
CUST-01024,69,Month-to-month,DSL,94.73,6489.03,No,No,No,Electronic check,1,0,No,No,0
CUST-01025,15,Month-to-month,DSL,108.9,1677.37,Yes,No,No,Electronic check,2,0,Yes,No,0
CUST-01026,47,Two year,Fiber optic,45.45,2201.84,No,Yes,No,Credit card,0,1,Yes,No,0
CUST-01027,44,Month-to-month,DSL,53.49,2330.96,No,No,Yes,Mailed check,1,0,Yes,No,0
CUST-01028,9,One year,No,35.78,358.08,No,Yes,No,Mailed check,0,0,Yes,No,1
CUST-01029,42,Month-to-month,Fiber optic,19.71,865.02,Yes,No,Yes,Credit card,2,0,No,No,0
CUST-01030,0,One year,Fiber optic,82.96,85.13,No,Yes,Yes,Electronic check,1,0,Yes,No,0
CUST-01031,21,Month-to-month,Fiber optic,70.58,1456.72,No,No,Yes,Bank transfer,2,0,No,No,1
CUST-01032,6,One year,Fiber optic,65.26,450.3,Yes,No,Yes,Electronic check,1,0,No,No,0
CUST-01033,3,Month-to-month,DSL,30.0,108.45,Yes,No,No,Electronic check,3,0,No,No,0
CUST-01034,1,One year,DSL,106.0,216.17,No,No,Yes,Electronic check,1,1,No,No,1
CUST-01035,28,Month-to-month,No,52.42,1396.69,Yes,Yes,Yes,Bank transfer,1,0,Yes,No,0
CUST-01036,9,One year,DSL,78.34,807.49,Yes,No,No,Electronic check,4,0,Yes,Yes,1
CUST-01037,30,Two year,Fiber optic,28.64,853.23,Yes,No,No,Bank transfer,0,0,Yes,No,0
CUST-01038,1,Month-to-month,No,60.24,111.45,No,No,No,Credit card,2,0,Yes,No,1
CUST-01039,9,Two year,DSL,72.28,736.8,No,Yes,No,Bank transfer,0,0,No,No,0
CUST-01040,18,One year,DSL,73.18,1293.15,Yes,Yes,Yes,Electronic check,0,0,No,No,1
CUST-01041,37,Month-to-month,DSL,68.87,2510.19,No,Yes,No,Electronic check,2,1,No,No,0
CUST-01042,9,Month-to-month,No,77.36,762.02,No,No,No,Mailed check,1,0,Yes,No,0
CUST-01043,23,Month-to-month,DSL,36.74,841.2,Yes,Yes,Yes,Mailed check,0,0,No,No,0
CUST-01044,52,One year,Fiber optic,69.93,3435.19,No,No,Yes,Credit card,2,0,Yes,Yes,0
CUST-01045,22,One year,DSL,67.84,1499.33,No,No,No,Credit card,1,0,Yes,Yes,0
CUST-01046,6,Month-to-month,Fiber optic,70.79,456.7,No,No,No,Mailed check,4,0,No,No,1
CUST-01047,0,Month-to-month,Fiber optic,66.81,67.34,Yes,Yes,Yes,Electronic check,2,1,Yes,No,1
CUST-01048,48,Two year,Fiber optic,33.17,1504.61,No,No,Yes,Credit card,1,0,No,No,0
CUST-01049,0,Two year,Fiber optic,32.06,31.17,No,No,No,Bank transfer,5,0,No,No,1
CUST-01050,49,Month-to-month,Fiber optic,18.0,885.65,No,No,Yes,Mailed check,2,0,No,No,0
CUST-01051,18,Two year,Fiber optic,85.44,1691.15,No,No,Yes,Mailed check,3,0,Yes,No,1
CUST-01052,67,Month-to-month,DSL,85.69,5312.63,Yes,Yes,No,Mailed check,2,0,No,No,0
CUST-01053,38,Month-to-month,No,86.09,3490.36,No,No,Yes,Credit card,1,0,Yes,No,1
CUST-01054,72,Two year,No,72.67,4940.11,No,Yes,Yes,Electronic check,2,0,Yes,No,0
CUST-01055,10,Month-to-month,Fiber optic,18.0,203.18,Yes,No,No,Credit card,1,0,Yes,No,0
CUST-01056,34,Month-to-month,DSL,39.33,1257.58,Yes,No,No,Electronic check,3,0,Yes,Yes,0
CUST-01057,12,Month-to-month,No,69.26,943.87,Yes,Yes,No,Credit card,1,1,No,Yes,0
CUST-01058,15,Two year,Fiber optic,68.39,1117.38,No,No,No,Mailed check,2,1,No,No,0
CUST-01059,23,Two year,DSL,59.43,1297.16,No,No,No,Electronic check,1,0,No,No,0
CUST-01060,49,Month-to-month,DSL,74.22,3459.08,No,No,No,Electronic check,1,0,Yes,No,0
CUST-01061,72,Month-to-month,Fiber optic,65.29,4681.72,Yes,Yes,Yes,Bank transfer,2,0,No,Yes,0
CUST-01062,35,Month-to-month,No,68.02,2396.16,No,Yes,No,Electronic check,2,0,Yes,Yes,0
CUST-01063,12,One year,No,49.02,633.69,No,No,Yes,Bank transfer,0,1,Yes,No,1
CUST-01064,13,Month-to-month,Fiber optic,89.55,1215.49,Yes,Yes,No,Electronic check,2,0,No,No,0
CUST-01065,32,One year,Fiber optic,54.23,1807.71,Yes,No,Yes,Electronic check,3,0,No,No,0
CUST-01066,6,Month-to-month,Fiber optic,31.73,211.51,Yes,Yes,Yes,Mailed check,1,0,Yes,No,0
CUST-01067,2,Month-to-month,Fiber optic,45.73,127.1,No,Yes,Yes,Bank transfer,3,0,No,Yes,1
CUST-01068,10,Month-to-month,DSL,56.29,560.41,No,No,No,Mailed check,0,0,No,No,1
CUST-01069,8,Month-to-month,DSL,89.85,767.18,No,No,No,Mailed check,1,0,Yes,No,0
CUST-01070,8,Two year,Fiber optic,63.94,554.76,Yes,No,No,Bank transfer,0,1,No,No,1
CUST-01071,6,Month-to-month,No,60.35,421.97,No,No,Yes,Mailed check,0,0,No,No,1
CUST-01072,1,Month-to-month,Fiber optic,33.78,68.98,No,No,Yes,Electronic check,0,0,No,No,1
CUST-01073,0,Month-to-month,Fiber optic,84.64,79.22,No,No,Yes,Electronic check,2,0,Yes,No,1
CUST-01074,72,Month-to-month,Fiber optic,48.7,3462.6,Yes,No,Yes,Electronic check,2,0,No,No,0
CUST-01075,13,Month-to-month,DSL,62.5,818.18,No,No,No,Bank transfer,3,0,Yes,Yes,1
CUST-01076,11,Month-to-month,Fiber optic,102.0,1276.23,No,No,No,Mailed check,1,0,No,No,1
CUST-01077,27,Month-to-month,Fiber optic,77.72,2169.92,Yes,No,Yes,Mailed check,3,0,Yes,No,0
CUST-01078,5,One year,Fiber optic,24.29,145.99,Yes,No,Yes,Bank transfer,1,0,Yes,Yes,0
CUST-01079,71,Month-to-month,No,20.76,1464.35,No,Yes,Yes,Electronic check,1,0,No,Yes,0
CUST-01080,37,Month-to-month,No,63.39,2269.77,No,Yes,Yes,Bank transfer,2,0,Yes,No,1
CUST-01081,2,Two year,Fiber optic,34.68,96.76,No,Yes,No,Electronic check,1,0,No,Yes,0
CUST-01082,12,Month-to-month,Fiber optic,81.21,1054.14,Yes,Yes,No,Bank transfer,1,0,No,No,0
CUST-01083,50,Month-to-month,DSL,66.06,3497.95,No,Yes,No,Bank transfer,2,0,Yes,Yes,0
CUST-01084,69,Month-to-month,DSL,69.13,4509.72,Yes,No,Yes,Credit card,0,0,Yes,No,0
CUST-01085,15,Month-to-month,Fiber optic,47.33,746.5,No,No,Yes,Credit card,1,0,No,No,1
CUST-01086,22,One year,No,108.53,2444.77,No,Yes,Yes,Bank transfer,0,0,No,Yes,0
CUST-01087,4,Month-to-month,DSL,120.0,597.75,No,No,Yes,Credit card,1,0,Yes,No,1
CUST-01088,72,One year,DSL,58.04,4186.79,Yes,No,No,Electronic check,3,0,Yes,Yes,0
CUST-01089,6,Month-to-month,DSL,73.83,486.28,No,No,No,Electronic check,1,0,No,No,0
CUST-01090,68,Month-to-month,No,67.44,4670.65,No,No,No,Credit card,1,0,No,No,0
CUST-01091,25,One year,DSL,58.51,1431.35,No,No,Yes,Credit card,0,0,No,Yes,0
CUST-01092,22,Month-to-month,Fiber optic,44.2,1014.52,No,Yes,No,Mailed check,3,0,No,No,0
CUST-01093,17,One year,Fiber optic,37.88,644.33,No,Yes,Yes,Mailed check,0,0,No,No,0
CUST-01094,6,Month-to-month,DSL,36.61,233.81,No,Yes,Yes,Credit card,0,1,Yes,Yes,0
CUST-01095,4,One year,Fiber optic,75.13,345.25,Yes,No,Yes,Electronic check,4,0,Yes,No,1
CUST-01096,5,Month-to-month,DSL,52.01,319.9,No,No,Yes,Electronic check,2,1,Yes,No,0
CUST-01097,4,Two year,No,18.0,82.64,Yes,Yes,No,Bank transfer,1,0,No,No,0
CUST-01098,36,Month-to-month,DSL,76.12,2674.43,No,Yes,No,Electronic check,1,0,No,No,0
CUST-01099,10,Two year,No,64.04,664.39,No,No,Yes,Mailed check,2,0,Yes,No,0
CUST-01100,1,Month-to-month,Fiber optic,98.67,179.32,Yes,No,Yes,Credit card,2,0,No,Yes,0
CUST-01101,72,One year,No,74.33,5371.44,No,No,Yes,Electronic check,4,0,Yes,No,0
CUST-01102,51,Month-to-month,DSL,28.03,1486.45,No,No,Yes,Credit card,2,0,No,Yes,0
CUST-01103,63,Two year,Fiber optic,18.0,1208.27,No,No,Yes,Credit card,0,0,Yes,Yes,0
CUST-01104,72,Month-to-month,DSL,47.01,3570.39,No,Yes,No,Credit card,1,1,No,No,0
CUST-01105,4,Month-to-month,Fiber optic,49.37,223.99,No,No,Yes,Credit card,1,0,Yes,No,0
CUST-01106,12,Month-to-month,DSL,88.58,1080.87,No,Yes,No,Mailed check,4,0,No,No,1
CUST-01107,34,Month-to-month,DSL,64.78,2180.73,Yes,No,Yes,Bank transfer,3,0,Yes,No,1
CUST-01108,28,Month-to-month,Fiber optic,93.34,2791.46,Yes,No,Yes,Credit card,1,0,Yes,No,0
CUST-01109,4,Two year,DSL,31.88,152.07,No,Yes,Yes,Mailed check,3,0,No,No,0
CUST-01110,40,Two year,DSL,89.13,3601.51,No,No,No,Mailed check,0,0,No,No,0
CUST-01111,6,Month-to-month,Fiber optic,83.02,580.52,Yes,No,Yes,Bank transfer,1,0,Yes,No,1
CUST-01112,6,Two year,Fiber optic,18.0,119.03,No,Yes,Yes,Bank transfer,2,0,No,Yes,0
CUST-01113,18,Month-to-month,Fiber optic,98.07,1839.65,Yes,Yes,No,Bank transfer,3,0,No,Yes,0
CUST-01114,21,Month-to-month,DSL,67.34,1344.64,No,Yes,Yes,Bank transfer,5,0,Yes,No,1
CUST-01115,20,One year,No,74.8,1526.86,Yes,No,No,Bank transfer,2,0,No,Yes,0
CUST-01116,2,One year,No,43.38,124.52,No,No,Yes,Bank transfer,1,1,No,Yes,0
CUST-01117,50,Two year,DSL,96.88,4710.45,No,No,No,Mailed check,1,0,Yes,Yes,0
CUST-01118,7,Month-to-month,DSL,35.35,264.48,No,No,Yes,Electronic check,2,0,No,No,1
CUST-01119,3,One year,Fiber optic,85.8,350.98,No,No,Yes,Bank transfer,2,0,No,No,0
CUST-01120,52,Month-to-month,DSL,85.52,4678.91,No,No,Yes,Electronic check,0,0,No,No,0
CUST-01121,72,Month-to-month,Fiber optic,40.65,3066.03,No,No,Yes,Credit card,1,0,Yes,No,0
CUST-01122,47,Month-to-month,Fiber optic,114.58,5276.63,No,No,No,Credit card,4,0,No,No,0
CUST-01123,39,Two year,DSL,70.79,2658.52,Yes,No,No,Bank transfer,1,0,No,Yes,0
CUST-01124,25,Two year,Fiber optic,81.35,1934.81,No,Yes,Yes,Credit card,3,0,Yes,No,0
CUST-01125,19,One year,DSL,26.82,536.86,No,Yes,Yes,Bank transfer,2,0,No,No,0
CUST-01126,2,Month-to-month,No,117.94,335.96,No,Yes,Yes,Electronic check,1,1,Yes,No,1
CUST-01127,12,Month-to-month,Fiber optic,34.39,420.92,No,No,No,Bank transfer,2,0,Yes,No,1
CUST-01128,11,Month-to-month,Fiber optic,90.62,1039.28,No,No,Yes,Electronic check,1,0,No,No,1
CUST-01129,7,Month-to-month,No,40.13,315.65,No,Yes,Yes,Mailed check,0,1,Yes,No,0
CUST-01130,30,Month-to-month,DSL,49.53,1419.18,No,No,No,Mailed check,2,0,Yes,No,0
CUST-01131,16,One year,Fiber optic,84.72,1503.9,Yes,No,Yes,Bank transfer,2,0,Yes,Yes,0
CUST-01132,2,Month-to-month,Fiber optic,90.69,274.76,No,No,Yes,Mailed check,3,1,Yes,No,1
CUST-01133,5,Month-to-month,DSL,33.22,180.79,Yes,Yes,Yes,Mailed check,0,0,No,No,0
CUST-01134,27,Month-to-month,DSL,92.26,2443.83,Yes,No,No,Electronic check,2,0,No,Yes,0
CUST-01135,1,Month-to-month,Fiber optic,91.12,165.39,No,Yes,Yes,Mailed check,1,0,Yes,No,1
CUST-01136,45,Month-to-month,Fiber optic,41.55,1785.96,Yes,Yes,No,Electronic check,0,1,No,No,0
CUST-01137,16,Two year,No,104.97,1682.75,No,No,Yes,Electronic check,0,0,Yes,Yes,0
CUST-01138,15,One year,DSL,28.58,460.8,No,No,Yes,Bank transfer,2,0,Yes,No,0
CUST-01139,21,Two year,No,49.38,1094.85,No,Yes,No,Electronic check,1,0,No,No,0
CUST-01140,41,Month-to-month,DSL,76.98,2931.83,Yes,No,Yes,Electronic check,1,0,No,No,0
CUST-01141,10,Month-to-month,No,43.66,474.6,Yes,No,Yes,Electronic check,3,0,Yes,No,0
CUST-01142,27,Month-to-month,Fiber optic,71.6,2093.29,No,No,Yes,Bank transfer,2,1,No,No,0
CUST-01143,20,Two year,DSL,71.03,1483.06,Yes,No,Yes,Credit card,2,1,Yes,Yes,0
CUST-01144,7,One year,Fiber optic,60.32,503.83,No,Yes,No,Credit card,2,0,No,No,0
CUST-01145,50,Month-to-month,DSL,85.81,4188.5,No,No,Yes,Bank transfer,0,1,Yes,No,0
CUST-01146,38,Month-to-month,DSL,59.29,2240.55,No,Yes,No,Mailed check,1,1,No,Yes,0
CUST-01147,25,Month-to-month,Fiber optic,70.79,1793.28,No,No,No,Electronic check,3,0,Yes,Yes,1
CUST-01148,45,One year,No,93.66,4474.63,Yes,Yes,No,Electronic check,2,1,No,No,0
CUST-01149,48,Two year,No,84.77,3975.29,No,No,No,Bank transfer,2,1,No,No,0
CUST-01150,29,One year,Fiber optic,84.65,2660.16,Yes,Yes,No,Mailed check,0,0,Yes,No,0
CUST-01151,43,Month-to-month,DSL,36.27,1566.31,No,No,Yes,Bank transfer,3,0,Yes,Yes,0
CUST-01152,28,Month-to-month,Fiber optic,78.12,2113.05,No,No,Yes,Electronic check,2,0,No,No,0
CUST-01153,27,Month-to-month,Fiber optic,43.04,1103.35,Yes,No,Yes,Electronic check,3,0,Yes,No,0
CUST-01154,23,Month-to-month,No,32.96,732.45,Yes,Yes,No,Electronic check,0,0,No,No,0
CUST-01155,33,Month-to-month,Fiber optic,63.21,1946.89,No,No,No,Bank transfer,4,0,No,No,0
CUST-01156,4,One year,No,42.39,212.77,No,Yes,Yes,Electronic check,0,1,Yes,No,0
CUST-01157,51,One year,Fiber optic,84.77,4309.02,Yes,No,No,Bank transfer,1,0,No,Yes,0
CUST-01158,49,Month-to-month,DSL,85.36,4313.62,No,No,Yes,Electronic check,0,1,Yes,No,0
CUST-01159,0,Two year,DSL,18.0,18.31,No,No,Yes,Mailed check,4,1,No,Yes,0
CUST-01160,41,Month-to-month,Fiber optic,44.29,1934.04,No,No,Yes,Electronic check,1,0,Yes,Yes,0
CUST-01161,3,Month-to-month,Fiber optic,28.51,104.64,No,Yes,Yes,Electronic check,0,0,No,No,1
CUST-01162,9,Month-to-month,No,53.43,495.79,Yes,Yes,No,Electronic check,1,0,Yes,No,0
CUST-01163,32,Month-to-month,DSL,76.38,2475.78,No,No,Yes,Electronic check,1,0,No,Yes,1
CUST-01164,4,Month-to-month,Fiber optic,58.94,270.96,No,No,Yes,Electronic check,5,0,Yes,Yes,1
CUST-01165,40,Month-to-month,DSL,50.26,1883.25,No,No,No,Credit card,2,0,Yes,Yes,0
CUST-01166,42,Month-to-month,Fiber optic,97.5,4192.29,No,No,No,Electronic check,2,0,Yes,Yes,0
CUST-01167,16,Two year,Fiber optic,18.0,308.66,No,Yes,Yes,Electronic check,3,0,Yes,Yes,0
CUST-01168,0,Month-to-month,DSL,95.92,98.46,Yes,No,Yes,Bank transfer,1,1,Yes,No,1
CUST-01169,8,Month-to-month,Fiber optic,51.39,479.79,No,No,Yes,Bank transfer,3,0,Yes,Yes,1
CUST-01170,23,Month-to-month,No,63.05,1462.32,No,No,No,Electronic check,1,0,No,No,0
CUST-01171,72,One year,DSL,51.82,3960.58,Yes,No,No,Bank transfer,1,0,Yes,No,0
CUST-01172,23,Month-to-month,No,103.57,2251.24,No,No,No,Bank transfer,1,0,No,No,0
CUST-01173,7,Two year,DSL,34.23,282.2,Yes,No,Yes,Electronic check,1,1,Yes,Yes,0
CUST-01174,24,Month-to-month,No,65.29,1547.73,No,No,Yes,Mailed check,2,0,Yes,No,0
CUST-01175,18,Month-to-month,DSL,78.19,1542.45,No,No,Yes,Electronic check,3,0,Yes,No,1
CUST-01176,36,One year,DSL,24.72,853.72,No,Yes,Yes,Electronic check,1,0,No,No,0
CUST-01177,2,Month-to-month,No,42.0,127.4,No,Yes,Yes,Credit card,3,0,Yes,No,0
CUST-01178,34,Month-to-month,DSL,61.3,2067.87,No,Yes,No,Electronic check,1,0,No,No,0
CUST-01179,18,Month-to-month,Fiber optic,42.83,778.96,No,No,Yes,Electronic check,2,0,No,No,1
CUST-01180,72,One year,DSL,44.61,2959.9,No,No,Yes,Credit card,0,0,Yes,No,0
CUST-01181,10,Month-to-month,No,56.25,622.39,Yes,No,No,Bank transfer,0,0,Yes,Yes,0
CUST-01182,24,Month-to-month,DSL,81.24,1881.32,Yes,No,Yes,Bank transfer,1,0,Yes,No,0
CUST-01183,64,Two year,DSL,56.43,3555.89,No,Yes,No,Bank transfer,2,1,Yes,No,0
CUST-01184,2,Month-to-month,DSL,91.96,254.14,No,No,Yes,Bank transfer,2,0,Yes,No,1
CUST-01185,66,Two year,No,40.06,2658.98,No,Yes,Yes,Bank transfer,2,0,No,Yes,0
CUST-01186,27,One year,Fiber optic,33.7,881.94,No,No,Yes,Electronic check,0,0,No,No,0
CUST-01187,1,Month-to-month,DSL,113.16,223.87,No,Yes,No,Mailed check,0,0,No,No,0
CUST-01188,8,Month-to-month,Fiber optic,48.55,455.3,Yes,No,No,Electronic check,0,0,Yes,No,1
CUST-01189,29,Month-to-month,DSL,32.23,1003.78,No,No,Yes,Electronic check,1,0,Yes,No,0
CUST-01190,1,One year,DSL,21.45,39.9,No,No,Yes,Mailed check,4,0,Yes,No,0
CUST-01191,20,One year,Fiber optic,91.88,1765.24,No,No,No,Bank transfer,2,0,No,Yes,0
CUST-01192,10,One year,Fiber optic,56.47,563.03,No,Yes,Yes,Electronic check,1,0,No,No,1
CUST-01193,23,Two year,DSL,58.66,1442.02,No,Yes,No,Electronic check,1,0,No,No,0
CUST-01194,1,One year,Fiber optic,61.02,114.4,No,No,No,Bank transfer,2,0,Yes,No,1
CUST-01195,49,Month-to-month,Fiber optic,90.32,4256.74,No,No,No,Bank transfer,1,0,Yes,Yes,0
CUST-01196,72,Month-to-month,No,60.51,4125.41,No,No,No,Credit card,0,1,Yes,No,0
CUST-01197,72,Two year,Fiber optic,120.0,8987.87,No,Yes,Yes,Bank transfer,1,0,No,Yes,0
CUST-01198,33,Month-to-month,DSL,68.34,2432.38,Yes,No,Yes,Credit card,1,0,No,No,0
CUST-01199,3,Month-to-month,No,91.54,371.02,Yes,No,Yes,Bank transfer,0,0,No,No,1
CUST-01200,34,One year,Fiber optic,85.13,3049.68,Yes,No,Yes,Bank transfer,2,0,Yes,No,0
CUST-01201,0,Month-to-month,Fiber optic,64.09,63.65,No,No,No,Credit card,2,0,No,No,1
CUST-01202,0,Two year,DSL,50.33,49.29,Yes,No,Yes,Credit card,0,0,No,No,1
CUST-01203,9,One year,DSL,73.3,739.04,No,Yes,No,Bank transfer,1,0,Yes,No,0
CUST-01204,16,Month-to-month,No,77.75,1196.67,No,Yes,No,Mailed check,0,1,Yes,No,0
CUST-01205,35,Two year,No,50.69,1659.16,No,No,Yes,Electronic check,3,1,No,Yes,0
CUST-01206,27,Month-to-month,DSL,69.16,1942.47,Yes,No,Yes,Credit card,2,0,Yes,No,0
CUST-01207,14,Month-to-month,Fiber optic,95.91,1367.09,Yes,Yes,Yes,Bank transfer,3,0,Yes,No,1
CUST-01208,7,Month-to-month,Fiber optic,116.75,909.09,Yes,No,Yes,Credit card,0,1,No,No,0
CUST-01209,72,Month-to-month,Fiber optic,86.36,6413.34,No,Yes,Yes,Electronic check,3,0,Yes,No,0
CUST-01210,13,Month-to-month,Fiber optic,111.57,1541.01,No,No,Yes,Electronic check,1,0,Yes,No,1
CUST-01211,14,Month-to-month,DSL,49.27,754.41,No,Yes,Yes,Mailed check,1,0,Yes,No,0
CUST-01212,4,Month-to-month,DSL,82.55,397.43,No,No,No,Credit card,1,0,Yes,Yes,0
CUST-01213,38,Month-to-month,Fiber optic,98.46,3621.5,No,No,Yes,Credit card,1,0,Yes,Yes,0
CUST-01214,28,One year,No,42.59,1155.11,Yes,Yes,Yes,Electronic check,0,0,Yes,No,0
CUST-01215,5,Two year,Fiber optic,52.86,291.71,No,No,No,Bank transfer,0,0,Yes,No,0
CUST-01216,2,Month-to-month,Fiber optic,108.45,294.61,No,Yes,Yes,Electronic check,1,0,No,No,1
CUST-01217,27,Month-to-month,DSL,40.62,1032.69,No,No,Yes,Mailed check,2,0,No,No,0
CUST-01218,25,Month-to-month,Fiber optic,31.47,769.66,Yes,No,No,Mailed check,1,0,No,No,0
CUST-01219,7,Month-to-month,Fiber optic,103.2,777.52,No,No,No,Bank transfer,0,1,Yes,No,1
CUST-01220,72,One year,Fiber optic,94.92,6633.06,Yes,No,No,Credit card,1,0,Yes,Yes,0
CUST-01221,3,One year,Fiber optic,75.8,299.79,No,No,Yes,Electronic check,1,0,Yes,No,1
CUST-01222,13,Month-to-month,DSL,63.86,906.46,No,No,Yes,Mailed check,1,0,Yes,No,1
CUST-01223,69,Month-to-month,No,54.04,3516.7,No,Yes,Yes,Bank transfer,0,0,Yes,No,0
CUST-01224,13,Month-to-month,Fiber optic,72.05,1022.71,No,Yes,No,Electronic check,1,1,Yes,No,1
CUST-01225,24,One year,Fiber optic,104.5,2405.72,Yes,No,Yes,Credit card,2,0,No,Yes,0
CUST-01226,12,Month-to-month,DSL,70.96,967.04,No,No,Yes,Credit card,2,0,No,No,1
CUST-01227,7,Two year,No,119.17,898.78,Yes,No,No,Electronic check,1,0,No,No,0
CUST-01228,72,One year,Fiber optic,42.55,3185.67,No,Yes,No,Mailed check,3,0,No,No,0
CUST-01229,12,Month-to-month,Fiber optic,64.51,778.73,No,No,No,Electronic check,1,0,Yes,No,1
CUST-01230,53,One year,DSL,55.67,3134.23,No,No,Yes,Mailed check,1,0,No,Yes,0
CUST-01231,6,Two year,DSL,37.87,271.45,No,No,Yes,Bank transfer,0,0,Yes,No,0
CUST-01232,5,One year,Fiber optic,61.17,350.1,No,Yes,No,Electronic check,3,0,Yes,No,0
CUST-01233,0,Month-to-month,DSL,75.43,72.66,No,Yes,Yes,Credit card,4,0,No,No,0
CUST-01234,25,Month-to-month,Fiber optic,78.11,1828.94,Yes,Yes,Yes,Bank transfer,2,0,Yes,No,0
CUST-01235,11,Two year,DSL,119.26,1341.98,No,No,Yes,Credit card,0,1,Yes,No,1
CUST-01236,47,One year,DSL,76.61,3469.13,No,No,No,Electronic check,0,0,Yes,No,0
CUST-01237,15,One year,No,93.75,1451.87,No,Yes,Yes,Credit card,1,1,Yes,No,0
CUST-01238,72,Two year,DSL,66.65,4480.39,No,No,No,Bank transfer,0,0,No,Yes,0
CUST-01239,4,Two year,Fiber optic,106.95,519.68,No,No,Yes,Electronic check,1,0,Yes,Yes,0
CUST-01240,48,Two year,Fiber optic,120.0,5881.59,No,Yes,Yes,Electronic check,0,0,No,No,0
CUST-01241,35,Month-to-month,No,78.28,2693.22,Yes,No,No,Credit card,0,0,Yes,Yes,0
CUST-01242,35,Month-to-month,Fiber optic,40.18,1352.21,No,No,Yes,Mailed check,1,1,Yes,No,1
CUST-01243,44,One year,Fiber optic,51.28,2266.43,No,No,No,Mailed check,3,0,Yes,No,0
CUST-01244,34,One year,Fiber optic,72.05,2280.55,No,No,Yes,Credit card,2,0,Yes,No,1
CUST-01245,23,One year,DSL,76.41,1744.21,Yes,No,Yes,Electronic check,1,0,Yes,No,0
CUST-01246,3,Month-to-month,DSL,82.46,322.96,No,Yes,No,Mailed check,1,0,No,Yes,0
CUST-01247,0,One year,Fiber optic,76.5,72.7,Yes,Yes,No,Bank transfer,2,0,Yes,Yes,0
CUST-01248,60,One year,Fiber optic,65.17,3783.82,No,Yes,No,Bank transfer,1,1,No,Yes,0
CUST-01249,23,Month-to-month,No,49.1,1210.5,Yes,No,Yes,Electronic check,2,0,No,No,1
CUST-01250,38,Month-to-month,DSL,75.03,3043.51,No,Yes,Yes,Bank transfer,3,0,Yes,No,0
CUST-01251,15,Month-to-month,DSL,111.37,1824.88,Yes,Yes,No,Bank transfer,2,0,No,Yes,0
CUST-01252,2,Month-to-month,No,90.5,248.38,Yes,No,Yes,Bank transfer,1,0,No,No,0
CUST-01253,3,Month-to-month,No,78.37,295.76,No,No,No,Bank transfer,1,1,No,No,1
CUST-01254,27,Month-to-month,Fiber optic,90.74,2557.73,Yes,Yes,Yes,Electronic check,4,0,Yes,No,0
CUST-01255,13,Month-to-month,No,55.72,816.09,Yes,Yes,No,Credit card,3,0,Yes,No,0
CUST-01256,5,One year,Fiber optic,52.29,293.77,Yes,No,No,Mailed check,2,0,No,Yes,1
CUST-01257,16,One year,Fiber optic,46.31,814.61,No,Yes,Yes,Credit card,1,0,Yes,No,1
CUST-01258,1,Two year,No,61.87,125.08,No,No,No,Electronic check,1,0,Yes,No,1
CUST-01259,20,Month-to-month,Fiber optic,54.45,1197.78,Yes,No,Yes,Mailed check,1,0,Yes,No,1
CUST-01260,7,Month-to-month,Fiber optic,95.21,696.2,No,Yes,Yes,Electronic check,1,1,Yes,Yes,1
CUST-01261,38,Two year,Fiber optic,53.12,1987.18,Yes,Yes,Yes,Bank transfer,0,0,Yes,No,0
CUST-01262,8,Month-to-month,DSL,44.93,392.93,No,Yes,Yes,Electronic check,3,1,Yes,Yes,1
CUST-01263,14,Two year,Fiber optic,113.56,1704.78,No,Yes,Yes,Bank transfer,1,0,Yes,No,0
CUST-01264,0,Two year,DSL,53.72,53.62,No,No,Yes,Credit card,0,0,Yes,Yes,1
CUST-01265,1,Month-to-month,No,68.84,142.63,No,No,Yes,Electronic check,0,0,Yes,Yes,1
CUST-01266,11,Two year,DSL,76.28,938.98,Yes,No,Yes,Electronic check,0,0,No,No,0
CUST-01267,15,Month-to-month,Fiber optic,36.58,531.61,Yes,No,Yes,Credit card,1,0,No,No,0
CUST-01268,21,Month-to-month,No,95.89,2052.58,No,Yes,Yes,Mailed check,2,0,Yes,No,0
CUST-01269,8,One year,Fiber optic,80.93,700.01,Yes,Yes,No,Mailed check,5,1,Yes,No,0
CUST-01270,28,Month-to-month,Fiber optic,103.96,3164.29,Yes,No,No,Electronic check,1,0,Yes,No,1
CUST-01271,47,Two year,Fiber optic,48.02,2222.19,Yes,No,No,Mailed check,1,0,No,No,0
CUST-01272,36,Month-to-month,DSL,67.48,2502.73,No,No,Yes,Electronic check,2,0,No,Yes,0
CUST-01273,0,Month-to-month,Fiber optic,65.98,62.2,No,No,Yes,Bank transfer,0,0,Yes,No,0
CUST-01274,15,One year,Fiber optic,71.6,1136.66,Yes,No,No,Mailed check,1,0,No,No,0
CUST-01275,2,One year,Fiber optic,28.63,79.96,Yes,Yes,No,Bank transfer,0,0,Yes,No,0
CUST-01276,6,Month-to-month,Fiber optic,67.77,469.9,No,Yes,Yes,Electronic check,2,0,Yes,Yes,1
CUST-01277,72,Month-to-month,DSL,29.34,2206.56,Yes,Yes,No,Mailed check,2,0,Yes,Yes,0
CUST-01278,3,Two year,No,73.96,267.11,No,No,Yes,Electronic check,1,0,Yes,Yes,0
CUST-01279,16,Month-to-month,DSL,18.0,298.56,Yes,Yes,Yes,Credit card,2,1,No,Yes,1
CUST-01280,23,Two year,Fiber optic,18.71,470.3,No,No,No,Mailed check,2,0,No,No,0
CUST-01281,29,One year,Fiber optic,85.46,2368.67,No,No,Yes,Electronic check,0,0,No,No,1
CUST-01282,19,One year,No,51.33,952.18,Yes,No,Yes,Electronic check,1,0,No,No,0
CUST-01283,0,One year,Fiber optic,40.3,39.12,No,Yes,Yes,Electronic check,3,0,Yes,Yes,1
CUST-01284,9,Month-to-month,No,96.77,997.36,No,No,Yes,Electronic check,1,0,No,No,1
CUST-01285,17,One year,Fiber optic,73.19,1296.89,No,No,Yes,Mailed check,1,0,Yes,No,0
CUST-01286,2,Two year,No,86.8,254.23,No,Yes,Yes,Electronic check,2,0,Yes,Yes,0
CUST-01287,10,Month-to-month,Fiber optic,60.84,611.03,Yes,Yes,No,Credit card,2,1,No,No,0
CUST-01288,0,Two year,Fiber optic,120.0,125.32,Yes,No,No,Electronic check,0,0,No,No,0
CUST-01289,1,Month-to-month,DSL,49.89,95.0,Yes,Yes,Yes,Bank transfer,1,1,Yes,Yes,0
CUST-01290,12,Month-to-month,DSL,108.61,1324.07,Yes,No,Yes,Electronic check,3,0,Yes,Yes,1
CUST-01291,3,Month-to-month,Fiber optic,63.47,244.17,No,No,Yes,Electronic check,2,1,Yes,No,1
CUST-01292,20,Two year,DSL,23.64,477.64,No,Yes,No,Credit card,0,0,No,Yes,0
CUST-01293,28,Month-to-month,DSL,77.07,2165.25,No,No,Yes,Credit card,3,0,No,Yes,1
CUST-01294,38,Two year,Fiber optic,72.87,2851.25,No,No,Yes,Bank transfer,1,0,No,Yes,0
CUST-01295,5,Two year,Fiber optic,38.72,239.33,No,Yes,Yes,Bank transfer,1,0,Yes,No,0
CUST-01296,4,Month-to-month,DSL,41.94,190.53,No,Yes,Yes,Credit card,2,0,No,No,1
CUST-01297,2,Month-to-month,Fiber optic,64.38,188.04,Yes,No,No,Bank transfer,1,0,Yes,No,1
CUST-01298,24,One year,DSL,73.74,1773.63,No,Yes,No,Electronic check,2,0,Yes,No,0
CUST-01299,29,Month-to-month,Fiber optic,18.0,486.88,No,Yes,No,Electronic check,0,0,No,No,1
CUST-01300,0,One year,Fiber optic,91.33,93.38,Yes,Yes,Yes,Bank transfer,1,0,No,No,1
CUST-01301,66,Month-to-month,Fiber optic,52.64,3229.38,Yes,Yes,No,Bank transfer,4,0,No,Yes,0
CUST-01302,1,Month-to-month,DSL,31.71,58.17,No,No,Yes,Bank transfer,1,0,No,No,0
CUST-01303,18,One year,Fiber optic,88.53,1526.05,No,No,Yes,Electronic check,0,0,No,Yes,1
CUST-01304,29,Month-to-month,Fiber optic,64.41,1797.16,Yes,No,Yes,Credit card,2,0,Yes,No,0
CUST-01305,49,Month-to-month,Fiber optic,95.4,4419.51,No,No,Yes,Bank transfer,1,0,No,No,0
CUST-01306,30,Month-to-month,No,75.95,2241.86,No,No,Yes,Bank transfer,1,0,Yes,Yes,1
CUST-01307,38,Month-to-month,Fiber optic,64.96,2530.63,No,Yes,No,Electronic check,2,0,Yes,No,0
CUST-01308,9,Month-to-month,DSL,61.18,555.6,Yes,Yes,Yes,Credit card,0,0,Yes,Yes,1
CUST-01309,40,Two year,Fiber optic,77.07,3251.64,Yes,No,Yes,Bank transfer,0,0,No,No,0
CUST-01310,2,Month-to-month,Fiber optic,54.66,155.61,No,No,No,Bank transfer,4,0,No,No,1
CUST-01311,54,Month-to-month,DSL,43.69,2381.3,No,No,Yes,Credit card,0,0,Yes,No,0
CUST-01312,19,One year,DSL,80.25,1447.39,No,Yes,No,Credit card,2,0,No,No,0
CUST-01313,40,Month-to-month,No,61.39,2403.4,Yes,Yes,No,Electronic check,4,0,Yes,Yes,0
CUST-01314,14,Month-to-month,No,65.84,889.14,No,No,Yes,Credit card,0,0,Yes,No,0
CUST-01315,24,Two year,DSL,92.23,2132.4,Yes,No,Yes,Bank transfer,0,0,Yes,No,0
CUST-01316,17,One year,DSL,62.15,1081.98,No,No,No,Electronic check,0,0,Yes,No,0
CUST-01317,31,One year,DSL,65.38,2050.87,No,Yes,No,Electronic check,0,0,Yes,No,0
CUST-01318,2,One year,Fiber optic,50.01,138.47,No,No,Yes,Mailed check,1,0,No,Yes,1
CUST-01319,1,Month-to-month,No,75.77,153.33,Yes,Yes,Yes,Bank transfer,3,0,Yes,No,1
CUST-01320,6,One year,DSL,73.75,479.26,Yes,Yes,Yes,Bank transfer,1,0,No,No,0
CUST-01321,4,Month-to-month,DSL,87.52,401.44,No,Yes,No,Electronic check,1,0,Yes,No,1
CUST-01322,49,Month-to-month,Fiber optic,50.52,2399.73,No,No,Yes,Credit card,0,0,No,Yes,0
CUST-01323,5,Month-to-month,Fiber optic,53.55,315.75,No,No,No,Credit card,1,0,No,No,0
CUST-01324,72,Month-to-month,No,84.8,6489.61,No,No,No,Bank transfer,4,1,No,No,0
CUST-01325,9,Month-to-month,Fiber optic,71.31,686.58,No,Yes,No,Credit card,1,0,Yes,Yes,0
CUST-01326,4,Two year,Fiber optic,42.34,204.06,No,Yes,No,Credit card,4,0,Yes,Yes,0
CUST-01327,37,Month-to-month,Fiber optic,97.66,3373.0,No,Yes,Yes,Electronic check,0,1,No,Yes,1
CUST-01328,25,Month-to-month,No,22.54,594.76,Yes,No,Yes,Bank transfer,2,0,Yes,No,0
CUST-01329,16,Month-to-month,Fiber optic,84.61,1333.75,No,No,Yes,Credit card,2,0,Yes,No,1
CUST-01330,19,Month-to-month,No,33.37,675.22,Yes,Yes,Yes,Electronic check,1,0,No,No,0
CUST-01331,30,One year,Fiber optic,112.14,3603.55,No,No,Yes,Credit card,3,1,Yes,No,0
CUST-01332,6,Month-to-month,No,26.39,187.54,Yes,No,No,Electronic check,0,1,No,No,1
CUST-01333,72,Month-to-month,DSL,93.81,6823.26,No,No,Yes,Mailed check,2,0,Yes,No,1
CUST-01334,72,Month-to-month,Fiber optic,62.96,4552.82,No,No,No,Bank transfer,0,0,Yes,Yes,0
CUST-01335,25,One year,DSL,55.83,1405.19,No,Yes,Yes,Bank transfer,1,0,Yes,No,0
CUST-01336,5,Month-to-month,Fiber optic,69.63,385.06,No,No,Yes,Bank transfer,2,1,Yes,No,1
CUST-01337,27,Month-to-month,Fiber optic,80.8,2300.47,Yes,No,Yes,Mailed check,1,0,Yes,Yes,0
CUST-01338,1,Month-to-month,No,42.39,82.37,No,Yes,No,Bank transfer,1,1,No,No,1
CUST-01339,0,Month-to-month,Fiber optic,44.61,44.34,Yes,No,No,Bank transfer,3,0,No,No,1
CUST-01340,7,Month-to-month,Fiber optic,81.24,621.39,Yes,No,Yes,Mailed check,2,0,No,No,1
CUST-01341,14,One year,Fiber optic,22.32,311.4,Yes,Yes,Yes,Bank transfer,1,0,Yes,No,0
CUST-01342,48,One year,Fiber optic,50.39,2520.9,Yes,No,No,Credit card,3,0,No,No,0
CUST-01343,31,Two year,No,120.0,3653.22,No,No,Yes,Electronic check,2,0,No,No,0
CUST-01344,32,Month-to-month,Fiber optic,40.8,1386.79,No,Yes,Yes,Mailed check,1,0,Yes,No,0
CUST-01345,13,Month-to-month,No,93.7,1370.65,No,Yes,Yes,Electronic check,0,0,Yes,No,1
CUST-01346,10,Month-to-month,No,50.35,567.42,Yes,No,Yes,Bank transfer,2,0,No,Yes,0
CUST-01347,11,Two year,Fiber optic,77.73,857.41,Yes,Yes,Yes,Electronic check,3,0,No,Yes,0
CUST-01348,72,One year,Fiber optic,81.36,6107.07,Yes,No,Yes,Mailed check,6,0,No,Yes,0
CUST-01349,0,One year,No,93.22,91.16,Yes,Yes,No,Electronic check,3,0,No,Yes,0
CUST-01350,48,Month-to-month,Fiber optic,59.99,2752.0,Yes,Yes,Yes,Electronic check,2,1,Yes,No,0
CUST-01351,20,Month-to-month,Fiber optic,114.72,2201.87,Yes,Yes,No,Mailed check,2,0,No,Yes,1
CUST-01352,13,Month-to-month,Fiber optic,50.27,662.8,No,No,Yes,Mailed check,1,0,Yes,Yes,0
CUST-01353,31,One year,DSL,70.86,2087.51,No,No,Yes,Mailed check,0,0,Yes,Yes,0
CUST-01354,16,Two year,DSL,71.13,1092.94,No,No,Yes,Electronic check,3,0,No,No,0
CUST-01355,49,Two year,Fiber optic,36.95,1936.48,Yes,Yes,No,Credit card,2,0,No,Yes,0
CUST-01356,55,Month-to-month,Fiber optic,57.85,3319.72,No,No,Yes,Electronic check,2,0,No,No,1
CUST-01357,13,Month-to-month,No,69.04,977.04,No,Yes,Yes,Credit card,1,0,No,Yes,0
CUST-01358,7,Two year,DSL,54.2,402.79,Yes,Yes,Yes,Bank transfer,1,0,Yes,No,0
CUST-01359,21,One year,DSL,120.0,2386.98,Yes,Yes,No,Electronic check,2,1,Yes,Yes,0
CUST-01360,58,Month-to-month,DSL,44.03,2527.06,Yes,Yes,Yes,Mailed check,1,0,Yes,Yes,0
CUST-01361,5,Month-to-month,Fiber optic,94.49,573.32,Yes,No,Yes,Credit card,1,0,No,No,1
CUST-01362,23,Month-to-month,DSL,86.41,2165.97,No,Yes,Yes,Bank transfer,2,1,No,No,1
CUST-01363,23,Month-to-month,Fiber optic,64.65,1592.85,Yes,Yes,No,Electronic check,0,0,No,No,0
CUST-01364,31,Month-to-month,Fiber optic,43.37,1435.06,No,No,Yes,Mailed check,2,0,No,No,0
CUST-01365,3,One year,DSL,45.79,171.4,Yes,Yes,No,Mailed check,2,1,No,No,1
CUST-01366,30,Month-to-month,Fiber optic,52.05,1489.79,No,No,No,Credit card,1,0,No,No,0
CUST-01367,57,Month-to-month,No,20.36,1106.68,Yes,No,No,Credit card,0,0,Yes,No,0
CUST-01368,4,Month-to-month,Fiber optic,39.91,183.74,No,Yes,Yes,Electronic check,2,1,Yes,No,1
CUST-01369,6,Two year,No,27.94,199.45,Yes,No,Yes,Electronic check,1,0,No,Yes,0
CUST-01370,72,One year,No,98.65,7456.79,Yes,No,No,Electronic check,1,0,Yes,No,0
CUST-01371,4,Month-to-month,Fiber optic,80.46,380.62,No,Yes,Yes,Credit card,1,0,No,Yes,1
CUST-01372,46,Two year,DSL,84.65,4104.03,No,No,Yes,Bank transfer,1,0,No,No,0
CUST-01373,16,Two year,Fiber optic,79.72,1230.9,Yes,No,Yes,Credit card,2,0,No,Yes,0
CUST-01374,6,Month-to-month,No,69.17,484.97,No,No,No,Mailed check,1,0,Yes,Yes,0
CUST-01375,49,Month-to-month,DSL,101.52,4970.03,No,No,Yes,Bank transfer,1,0,Yes,No,0
CUST-01376,14,One year,DSL,49.73,702.32,No,Yes,Yes,Electronic check,0,1,Yes,Yes,1
CUST-01377,17,Two year,DSL,67.67,1236.61,No,Yes,No,Credit card,1,0,No,No,0
CUST-01378,10,Two year,Fiber optic,83.68,857.71,No,Yes,Yes,Mailed check,1,0,No,No,0
CUST-01379,21,Two year,Fiber optic,31.97,676.91,Yes,No,No,Credit card,2,0,Yes,No,0
CUST-01380,4,One year,Fiber optic,120.0,603.89,Yes,No,Yes,Electronic check,1,0,Yes,No,0
CUST-01381,11,Month-to-month,DSL,65.71,749.67,Yes,No,No,Bank transfer,1,1,No,No,0
CUST-01382,72,Month-to-month,DSL,68.55,5145.79,No,Yes,Yes,Mailed check,1,1,Yes,No,0
CUST-01383,7,Month-to-month,DSL,96.42,794.36,No,Yes,No,Electronic check,1,0,No,No,0
CUST-01384,25,Month-to-month,Fiber optic,87.87,2125.56,No,No,No,Mailed check,0,0,No,No,0
CUST-01385,9,One year,DSL,65.95,637.12,No,No,No,Bank transfer,4,0,No,No,0
CUST-01386,35,One year,Fiber optic,68.25,2370.52,No,Yes,No,Electronic check,1,0,Yes,Yes,0
CUST-01387,3,One year,No,27.4,105.38,No,Yes,Yes,Electronic check,4,0,Yes,No,1
CUST-01388,72,Month-to-month,No,51.09,3637.43,No,Yes,No,Mailed check,1,0,Yes,No,0
CUST-01389,14,One year,Fiber optic,77.93,1065.09,No,Yes,No,Electronic check,2,0,No,No,0
CUST-01390,6,Month-to-month,Fiber optic,76.1,548.95,Yes,No,No,Mailed check,3,0,Yes,No,0
CUST-01391,1,Month-to-month,Fiber optic,95.53,180.26,No,No,No,Mailed check,3,0,No,No,1
CUST-01392,4,One year,DSL,61.99,279.04,No,No,Yes,Electronic check,3,0,Yes,Yes,0
CUST-01393,17,One year,DSL,30.32,547.27,No,No,No,Electronic check,0,0,No,No,0
CUST-01394,9,Two year,DSL,91.42,911.98,No,Yes,Yes,Credit card,2,0,Yes,No,0
CUST-01395,42,Month-to-month,Fiber optic,100.9,4544.68,No,Yes,No,Electronic check,0,0,Yes,No,0
CUST-01396,13,Month-to-month,DSL,87.46,1234.1,No,No,Yes,Bank transfer,0,0,Yes,No,1
CUST-01397,6,Month-to-month,DSL,60.91,405.01,No,No,Yes,Mailed check,1,1,No,No,1
CUST-01398,23,Month-to-month,Fiber optic,91.11,2280.43,Yes,No,No,Credit card,2,0,Yes,No,0
CUST-01399,29,Two year,DSL,120.0,3437.29,Yes,Yes,No,Electronic check,1,0,Yes,No,0
CUST-01400,4,One year,Fiber optic,67.88,347.27,No,Yes,No,Credit card,4,0,No,No,0
CUST-01401,4,Two year,DSL,32.21,153.05,No,Yes,No,Mailed check,1,0,Yes,No,0
CUST-01402,0,Month-to-month,No,50.34,45.67,No,No,No,Electronic check,2,0,No,No,1
CUST-01403,31,Two year,Fiber optic,80.64,2606.46,No,No,No,Electronic check,0,0,Yes,No,0
CUST-01404,26,Month-to-month,No,24.88,639.87,No,No,Yes,Mailed check,0,0,No,No,0
CUST-01405,15,Two year,DSL,69.24,1053.37,Yes,No,No,Electronic check,1,1,Yes,Yes,0
CUST-01406,44,Month-to-month,Fiber optic,74.51,3377.69,No,No,No,Mailed check,2,0,No,No,0
CUST-01407,39,Month-to-month,DSL,103.38,3921.43,No,No,No,Credit card,0,0,Yes,No,0
CUST-01408,21,Month-to-month,DSL,97.75,1973.52,No,Yes,No,Mailed check,0,0,No,Yes,0
CUST-01409,48,Two year,Fiber optic,86.61,4077.01,No,No,Yes,Mailed check,3,0,Yes,No,0
CUST-01410,5,Month-to-month,Fiber optic,18.0,110.55,No,No,Yes,Bank transfer,1,0,No,No,0
CUST-01411,2,Month-to-month,Fiber optic,88.03,242.84,No,Yes,No,Bank transfer,3,0,No,No,1
CUST-01412,7,Two year,Fiber optic,82.64,649.99,Yes,No,Yes,Electronic check,2,0,Yes,No,1
CUST-01413,1,Month-to-month,Fiber optic,71.4,131.35,Yes,No,No,Bank transfer,1,0,Yes,No,0
CUST-01414,18,Month-to-month,Fiber optic,21.74,374.8,Yes,No,Yes,Mailed check,3,0,Yes,No,0
CUST-01415,66,Month-to-month,Fiber optic,45.58,2921.95,Yes,No,No,Electronic check,3,0,No,No,0
CUST-01416,0,Month-to-month,No,35.83,35.78,Yes,No,No,Electronic check,1,1,Yes,Yes,0
CUST-01417,3,Two year,Fiber optic,18.0,67.77,Yes,No,No,Electronic check,1,1,No,No,0
CUST-01418,14,One year,DSL,64.93,941.67,No,Yes,Yes,Mailed check,0,0,Yes,No,0
CUST-01419,65,Month-to-month,DSL,45.05,2895.1,No,No,Yes,Electronic check,2,0,No,Yes,1
CUST-01420,9,Two year,DSL,120.0,1231.43,No,No,No,Mailed check,2,0,Yes,No,0
CUST-01421,16,Month-to-month,Fiber optic,60.78,1056.87,No,No,No,Bank transfer,0,0,Yes,No,0
CUST-01422,1,Month-to-month,No,97.34,175.28,No,No,Yes,Bank transfer,0,0,No,Yes,1
CUST-01423,3,Month-to-month,DSL,25.77,99.17,No,No,Yes,Bank transfer,3,0,No,Yes,0
CUST-01424,72,Month-to-month,No,51.75,3771.76,No,Yes,Yes,Bank transfer,2,1,No,Yes,0
CUST-01425,72,Month-to-month,Fiber optic,67.42,5058.77,Yes,Yes,No,Credit card,2,0,No,No,0
CUST-01426,0,Two year,Fiber optic,42.3,38.38,No,No,No,Credit card,4,0,No,Yes,0
CUST-01427,72,One year,DSL,54.44,3951.22,No,No,No,Credit card,1,0,No,Yes,0
CUST-01428,24,Month-to-month,Fiber optic,59.55,1527.91,No,No,Yes,Electronic check,3,0,Yes,No,1
CUST-01429,48,One year,DSL,59.15,2719.41,Yes,No,Yes,Electronic check,1,1,Yes,No,0
CUST-01430,14,One year,Fiber optic,111.38,1555.07,No,No,No,Mailed check,1,0,Yes,No,0
CUST-01431,17,Two year,DSL,74.46,1300.31,Yes,No,Yes,Mailed check,0,0,Yes,Yes,0
CUST-01432,16,Two year,No,76.99,1366.92,Yes,Yes,Yes,Electronic check,1,0,No,Yes,0
CUST-01433,26,Month-to-month,DSL,78.49,2127.56,No,No,Yes,Electronic check,1,0,No,No,0
CUST-01434,3,One year,No,80.32,309.61,No,Yes,Yes,Credit card,1,0,No,No,0
CUST-01435,0,One year,DSL,62.93,56.83,No,Yes,Yes,Electronic check,2,0,No,No,0
CUST-01436,8,One year,DSL,56.98,504.36,No,No,Yes,Mailed check,0,0,Yes,No,0
CUST-01437,29,Month-to-month,No,69.17,1976.16,No,Yes,Yes,Electronic check,0,0,Yes,No,0
CUST-01438,5,Month-to-month,No,93.92,522.87,No,Yes,Yes,Bank transfer,2,0,No,Yes,0
CUST-01439,26,Month-to-month,DSL,93.16,2452.49,Yes,Yes,No,Mailed check,0,0,Yes,No,0
CUST-01440,72,Month-to-month,Fiber optic,58.99,4096.16,Yes,Yes,Yes,Electronic check,1,0,No,No,0
CUST-01441,2,Month-to-month,DSL,84.2,228.81,No,Yes,Yes,Credit card,2,0,Yes,Yes,0
CUST-01442,26,One year,Fiber optic,60.14,1638.11,No,No,Yes,Bank transfer,2,0,No,No,0
CUST-01443,14,Month-to-month,Fiber optic,65.85,997.52,Yes,No,Yes,Bank transfer,0,0,No,Yes,0
CUST-01444,48,One year,DSL,53.16,2586.15,Yes,No,No,Credit card,2,1,Yes,No,0
CUST-01445,4,Month-to-month,No,60.46,310.2,No,No,No,Mailed check,1,0,Yes,Yes,0
CUST-01446,28,Two year,No,98.53,2658.72,No,No,No,Bank transfer,2,0,Yes,No,0
CUST-01447,43,Month-to-month,Fiber optic,67.31,2792.62,No,No,Yes,Electronic check,4,0,Yes,Yes,0
CUST-01448,69,Month-to-month,Fiber optic,68.38,4637.25,No,Yes,Yes,Bank transfer,1,0,No,No,0
CUST-01449,27,One year,No,28.82,733.55,Yes,Yes,Yes,Electronic check,1,1,Yes,Yes,0
CUST-01450,16,Two year,Fiber optic,57.27,1005.26,No,No,No,Electronic check,2,1,Yes,Yes,1
CUST-01451,23,Two year,DSL,58.97,1377.91,No,No,No,Mailed check,2,0,No,No,0
CUST-01452,48,Month-to-month,Fiber optic,44.27,2057.95,Yes,No,Yes,Electronic check,2,0,Yes,No,0
CUST-01453,20,Month-to-month,Fiber optic,65.54,1337.38,No,No,Yes,Mailed check,1,0,No,No,1
CUST-01454,0,Two year,No,54.27,51.49,No,Yes,Yes,Mailed check,2,0,Yes,No,0
CUST-01455,64,Month-to-month,Fiber optic,67.0,4106.5,No,No,Yes,Bank transfer,0,0,Yes,No,0
CUST-01456,28,One year,Fiber optic,68.04,1908.45,Yes,No,No,Electronic check,0,0,No,No,0
CUST-01457,27,Month-to-month,Fiber optic,41.11,1119.18,No,No,Yes,Electronic check,0,0,Yes,Yes,1
CUST-01458,5,Month-to-month,No,55.03,318.62,No,No,No,Bank transfer,1,0,No,No,0
CUST-01459,25,Month-to-month,No,66.93,1709.19,No,Yes,Yes,Bank transfer,1,0,Yes,No,1
CUST-01460,12,Month-to-month,Fiber optic,94.61,1251.46,Yes,Yes,Yes,Electronic check,1,0,Yes,No,0
CUST-01461,25,One year,Fiber optic,71.42,1687.18,No,Yes,Yes,Mailed check,3,0,Yes,Yes,0
CUST-01462,2,Two year,DSL,48.45,148.51,No,Yes,No,Bank transfer,1,0,Yes,Yes,0
CUST-01463,25,Month-to-month,Fiber optic,74.98,1821.36,Yes,Yes,Yes,Electronic check,1,0,No,No,1
CUST-01464,72,Two year,DSL,107.69,7372.5,Yes,No,Yes,Mailed check,1,0,Yes,No,0
CUST-01465,1,Month-to-month,Fiber optic,87.92,174.07,No,No,No,Electronic check,1,0,Yes,Yes,0
CUST-01466,72,Month-to-month,Fiber optic,78.69,6010.63,Yes,No,Yes,Credit card,1,0,Yes,No,0
CUST-01467,12,Month-to-month,DSL,83.14,975.56,No,No,Yes,Electronic check,0,0,Yes,Yes,0
CUST-01468,49,Two year,Fiber optic,101.0,5054.9,Yes,Yes,Yes,Electronic check,3,0,Yes,No,0
CUST-01469,36,One year,No,91.89,3415.35,Yes,Yes,No,Credit card,1,0,No,No,0
CUST-01470,20,One year,Fiber optic,79.17,1639.37,No,No,Yes,Electronic check,2,0,No,No,0
CUST-01471,32,Two year,Fiber optic,91.72,2728.48,Yes,Yes,No,Mailed check,1,0,Yes,No,0
CUST-01472,50,One year,No,37.96,1918.44,No,No,Yes,Electronic check,1,0,Yes,No,0
CUST-01473,12,Two year,Fiber optic,27.44,327.2,No,No,Yes,Credit card,2,0,No,Yes,0
CUST-01474,9,One year,DSL,68.93,628.44,No,No,No,Credit card,4,0,Yes,No,0
CUST-01475,26,Two year,Fiber optic,66.72,1809.38,No,No,No,Bank transfer,2,0,Yes,Yes,0
CUST-01476,39,Month-to-month,DSL,51.4,2066.35,No,Yes,No,Electronic check,4,0,Yes,No,1
CUST-01477,34,Month-to-month,DSL,85.65,3098.13,Yes,No,Yes,Electronic check,1,0,No,Yes,0
CUST-01478,38,Month-to-month,Fiber optic,18.43,647.26,No,Yes,Yes,Mailed check,1,0,Yes,No,0
CUST-01479,13,Month-to-month,No,51.63,691.6,Yes,Yes,No,Electronic check,0,0,Yes,No,0
CUST-01480,40,One year,DSL,52.88,1955.26,No,No,Yes,Bank transfer,2,0,No,Yes,0
CUST-01481,3,Month-to-month,Fiber optic,24.09,91.99,No,No,Yes,Bank transfer,0,0,No,No,0
CUST-01482,18,One year,DSL,102.37,1893.97,No,No,Yes,Credit card,1,0,No,No,0
CUST-01483,0,Month-to-month,DSL,31.02,30.38,Yes,No,Yes,Electronic check,1,1,No,No,0
CUST-01484,9,Month-to-month,Fiber optic,50.29,479.46,Yes,No,Yes,Bank transfer,1,0,Yes,Yes,0
CUST-01485,10,Month-to-month,Fiber optic,87.7,973.18,No,No,No,Bank transfer,3,1,Yes,Yes,1
CUST-01486,12,Two year,Fiber optic,81.15,1015.22,Yes,No,No,Mailed check,1,0,Yes,No,0
CUST-01487,28,Month-to-month,Fiber optic,37.3,1057.44,No,No,No,Credit card,1,1,No,No,1
CUST-01488,11,Month-to-month,DSL,82.06,1004.43,No,No,No,Electronic check,4,0,No,No,0
CUST-01489,14,One year,DSL,72.24,1003.57,Yes,No,Yes,Bank transfer,1,1,No,No,0
CUST-01490,6,One year,No,120.0,796.43,Yes,No,Yes,Credit card,4,1,No,Yes,1
CUST-01491,11,Month-to-month,Fiber optic,75.1,881.57,No,Yes,Yes,Electronic check,1,1,No,Yes,1
CUST-01492,6,Month-to-month,Fiber optic,61.47,436.81,No,Yes,No,Mailed check,1,0,No,Yes,0
CUST-01493,1,Month-to-month,DSL,43.59,84.02,Yes,No,Yes,Electronic check,1,0,No,No,0
CUST-01494,22,Two year,DSL,46.39,971.92,Yes,No,Yes,Bank transfer,0,0,Yes,No,0
CUST-01495,26,Month-to-month,DSL,44.36,1255.6,Yes,No,Yes,Bank transfer,0,1,No,No,1
CUST-01496,23,Month-to-month,Fiber optic,99.28,2397.46,Yes,No,Yes,Electronic check,1,0,No,No,0
CUST-01497,14,Month-to-month,Fiber optic,65.45,990.01,No,Yes,Yes,Bank transfer,1,0,Yes,Yes,1
CUST-01498,11,Month-to-month,Fiber optic,79.13,920.85,No,Yes,Yes,Credit card,1,0,Yes,No,1
CUST-01499,47,One year,No,102.86,4848.69,No,No,No,Credit card,0,0,No,Yes,0
CUST-01500,17,Month-to-month,Fiber optic,18.0,339.91,No,No,Yes,Mailed check,4,0,Yes,No,0
CUST-01501,15,Month-to-month,No,96.97,1534.87,Yes,No,No,Mailed check,0,1,Yes,Yes,1
CUST-01502,0,Month-to-month,DSL,66.38,61.92,No,Yes,Yes,Credit card,3,1,Yes,Yes,1
CUST-01503,10,Month-to-month,Fiber optic,75.88,871.95,No,No,No,Mailed check,1,0,No,No,0
CUST-01504,11,Month-to-month,DSL,44.29,521.2,No,No,Yes,Bank transfer,1,0,Yes,Yes,0
CUST-01505,12,Two year,No,46.12,541.46,No,No,No,Bank transfer,3,0,No,No,0
CUST-01506,20,One year,No,77.22,1598.92,No,No,Yes,Mailed check,0,0,No,No,0
CUST-01507,18,Two year,Fiber optic,120.0,2076.1,No,No,No,Electronic check,3,1,No,No,1
CUST-01508,22,Two year,Fiber optic,90.08,2028.62,Yes,No,No,Electronic check,3,0,No,No,0
CUST-01509,34,One year,Fiber optic,96.64,3462.9,No,No,Yes,Mailed check,1,0,No,Yes,1
CUST-01510,40,Month-to-month,Fiber optic,60.2,2420.88,No,Yes,Yes,Mailed check,1,0,Yes,Yes,1
CUST-01511,30,One year,DSL,49.99,1481.53,No,No,Yes,Credit card,0,0,Yes,No,0
CUST-01512,72,Two year,No,45.48,3427.58,No,Yes,Yes,Mailed check,0,0,No,No,0
CUST-01513,0,One year,Fiber optic,52.79,54.86,No,No,Yes,Electronic check,5,0,Yes,No,1
CUST-01514,5,Month-to-month,DSL,18.0,102.83,No,No,No,Mailed check,2,1,Yes,No,1
CUST-01515,0,Month-to-month,DSL,46.88,45.7,No,No,Yes,Electronic check,0,0,Yes,No,0
CUST-01516,25,Two year,Fiber optic,50.99,1388.63,No,Yes,No,Electronic check,0,0,Yes,Yes,0
CUST-01517,54,One year,Fiber optic,60.62,3089.76,No,Yes,No,Electronic check,1,0,No,No,0
CUST-01518,6,Two year,DSL,68.29,451.61,No,Yes,No,Electronic check,1,1,No,No,0
CUST-01519,62,Month-to-month,No,74.06,4499.04,Yes,Yes,Yes,Electronic check,0,0,No,No,0
CUST-01520,1,Month-to-month,DSL,64.63,118.29,No,Yes,Yes,Electronic check,7,1,Yes,No,1
CUST-01521,65,Month-to-month,Fiber optic,50.46,3133.22,No,No,Yes,Bank transfer,0,0,Yes,No,0
CUST-01522,10,One year,Fiber optic,18.0,194.38,No,No,Yes,Electronic check,1,1,Yes,No,0
CUST-01523,2,Month-to-month,Fiber optic,50.62,141.88,Yes,No,Yes,Electronic check,2,0,Yes,Yes,1
CUST-01524,15,Month-to-month,DSL,40.69,652.96,No,Yes,No,Credit card,1,0,No,Yes,0
CUST-01525,7,Two year,DSL,76.65,583.86,Yes,Yes,No,Bank transfer,2,0,Yes,No,0
CUST-01526,8,Month-to-month,Fiber optic,87.73,721.25,No,Yes,Yes,Electronic check,3,1,Yes,No,1
CUST-01527,8,Two year,No,88.46,807.83,Yes,Yes,Yes,Electronic check,1,0,No,No,0
CUST-01528,38,Month-to-month,DSL,83.92,3224.15,No,No,Yes,Bank transfer,2,0,Yes,Yes,0
CUST-01529,18,Two year,DSL,61.66,1199.34,Yes,Yes,No,Mailed check,3,0,No,Yes,0
CUST-01530,8,One year,No,51.95,446.05,Yes,No,No,Electronic check,0,0,No,Yes,0
CUST-01531,22,Two year,Fiber optic,46.32,961.92,No,No,Yes,Electronic check,4,0,Yes,No,0
CUST-01532,30,Two year,No,27.31,767.88,Yes,No,Yes,Credit card,2,0,Yes,No,0
CUST-01533,7,Month-to-month,Fiber optic,89.8,732.28,No,No,Yes,Bank transfer,2,0,No,No,1
CUST-01534,12,Month-to-month,Fiber optic,60.63,757.92,No,Yes,Yes,Mailed check,1,0,No,Yes,1
CUST-01535,3,Month-to-month,No,33.84,141.65,No,No,Yes,Electronic check,1,0,Yes,No,1
CUST-01536,4,One year,No,44.34,227.14,Yes,Yes,No,Electronic check,1,0,Yes,No,0
CUST-01537,27,Two year,DSL,43.33,1094.85,No,Yes,Yes,Mailed check,0,0,Yes,No,0
CUST-01538,4,Month-to-month,DSL,66.08,340.48,Yes,Yes,No,Credit card,3,0,No,No,0
CUST-01539,17,One year,DSL,91.69,1538.08,No,Yes,Yes,Electronic check,2,0,Yes,Yes,0
CUST-01540,29,Month-to-month,No,56.3,1643.3,No,No,No,Credit card,1,0,No,No,1
CUST-01541,2,Two year,Fiber optic,18.0,52.7,Yes,No,No,Electronic check,3,0,No,No,0
CUST-01542,20,Two year,No,60.27,1150.44,No,No,Yes,Mailed check,3,0,No,No,0
CUST-01543,7,Month-to-month,DSL,61.1,449.13,Yes,No,No,Electronic check,2,0,Yes,No,0
CUST-01544,72,Month-to-month,DSL,59.38,4176.34,No,No,Yes,Bank transfer,1,0,Yes,Yes,0
CUST-01545,15,Month-to-month,Fiber optic,49.31,786.11,No,No,Yes,Mailed check,2,0,No,No,0
CUST-01546,39,One year,DSL,70.44,2647.59,No,No,Yes,Bank transfer,3,0,Yes,No,0
CUST-01547,19,Month-to-month,No,66.65,1304.95,No,No,Yes,Mailed check,3,0,No,No,0
CUST-01548,1,Month-to-month,DSL,64.38,123.21,No,No,Yes,Mailed check,1,0,Yes,No,1
CUST-01549,24,Month-to-month,No,75.32,1872.75,No,No,No,Bank transfer,1,0,No,Yes,0
CUST-01550,72,Month-to-month,Fiber optic,54.25,3816.36,No,No,Yes,Electronic check,2,1,No,Yes,1
CUST-01551,22,Month-to-month,DSL,52.84,1249.04,No,Yes,Yes,Mailed check,3,0,Yes,Yes,0
CUST-01552,41,One year,No,99.5,4377.76,No,Yes,No,Electronic check,2,0,No,No,0
CUST-01553,51,Month-to-month,DSL,78.98,4258.74,No,No,No,Mailed check,2,1,No,Yes,0
CUST-01554,6,One year,DSL,85.67,554.89,Yes,No,Yes,Bank transfer,2,0,Yes,No,0
CUST-01555,5,One year,DSL,95.65,555.87,Yes,No,Yes,Electronic check,2,0,Yes,No,0
CUST-01556,22,Month-to-month,No,78.15,1741.41,Yes,No,Yes,Credit card,0,1,No,No,0
CUST-01557,12,Month-to-month,No,88.21,1176.63,No,Yes,Yes,Credit card,4,0,No,No,1
CUST-01558,43,One year,Fiber optic,25.52,1070.75,Yes,No,No,Mailed check,1,0,Yes,Yes,0
CUST-01559,55,Two year,No,70.1,3856.67,No,No,Yes,Electronic check,1,0,Yes,Yes,0
CUST-01560,10,Month-to-month,Fiber optic,60.43,659.01,No,No,Yes,Bank transfer,2,0,Yes,No,1
CUST-01561,6,Month-to-month,Fiber optic,106.94,686.24,No,Yes,No,Credit card,1,1,Yes,No,1
CUST-01562,36,Month-to-month,No,88.19,3209.82,No,No,No,Electronic check,1,0,Yes,No,0
CUST-01563,7,One year,Fiber optic,49.24,369.11,Yes,Yes,Yes,Credit card,1,0,Yes,No,0
CUST-01564,41,Month-to-month,No,74.32,2906.04,No,No,No,Credit card,2,0,No,No,1
CUST-01565,13,Month-to-month,Fiber optic,69.19,908.16,No,No,No,Mailed check,3,0,No,No,1
CUST-01566,26,One year,Fiber optic,76.36,1886.27,No,Yes,Yes,Bank transfer,1,0,No,No,0
CUST-01567,2,One year,DSL,39.53,107.97,No,No,No,Mailed check,1,1,Yes,No,0
CUST-01568,23,Month-to-month,Fiber optic,74.0,1770.73,Yes,No,Yes,Bank transfer,3,1,No,Yes,1
CUST-01569,14,Month-to-month,DSL,59.3,926.1,No,Yes,No,Electronic check,2,0,No,Yes,0
CUST-01570,21,One year,Fiber optic,72.06,1590.39,Yes,No,No,Electronic check,1,1,No,No,0
CUST-01571,4,Month-to-month,Fiber optic,46.89,221.97,No,Yes,Yes,Bank transfer,0,0,Yes,No,1
CUST-01572,32,Month-to-month,Fiber optic,50.37,1579.53,Yes,Yes,No,Electronic check,1,0,Yes,No,0
CUST-01573,47,Two year,Fiber optic,94.35,4443.7,No,No,No,Bank transfer,1,0,No,No,0
CUST-01574,5,Month-to-month,DSL,38.71,239.22,Yes,No,No,Credit card,9,0,Yes,No,1
CUST-01575,2,One year,Fiber optic,40.56,113.21,No,No,No,Electronic check,3,0,No,No,1
CUST-01576,0,Two year,DSL,63.71,61.82,Yes,Yes,Yes,Electronic check,3,0,No,Yes,0
CUST-01577,24,Month-to-month,No,45.7,1113.76,No,No,No,Bank transfer,0,0,No,Yes,0
CUST-01578,22,Month-to-month,DSL,42.87,1025.14,No,No,No,Electronic check,2,1,No,No,1
CUST-01579,18,One year,No,67.63,1259.81,Yes,Yes,No,Credit card,2,0,Yes,No,0
CUST-01580,6,Two year,Fiber optic,27.37,194.87,Yes,No,No,Mailed check,3,0,Yes,Yes,0
CUST-01581,11,Two year,Fiber optic,39.8,436.13,No,Yes,Yes,Bank transfer,0,0,No,Yes,0
CUST-01582,21,One year,No,116.35,2429.25,Yes,Yes,Yes,Electronic check,3,0,Yes,No,1
CUST-01583,16,Month-to-month,DSL,76.49,1289.55,No,No,No,Electronic check,2,0,No,No,0
CUST-01584,72,One year,DSL,46.34,3388.39,No,No,No,Electronic check,2,0,No,Yes,0
CUST-01585,3,Month-to-month,DSL,75.46,311.73,Yes,Yes,Yes,Electronic check,1,1,Yes,Yes,1
CUST-01586,28,Month-to-month,Fiber optic,79.18,2269.96,Yes,No,Yes,Mailed check,3,0,Yes,No,0
CUST-01587,12,Month-to-month,Fiber optic,89.86,1102.1,No,Yes,No,Bank transfer,1,0,No,No,1
CUST-01588,13,Month-to-month,DSL,61.82,848.92,Yes,No,No,Electronic check,0,0,Yes,No,1
CUST-01589,30,One year,DSL,89.41,2790.36,Yes,Yes,No,Electronic check,6,1,Yes,No,0
CUST-01590,28,Month-to-month,DSL,18.0,531.21,Yes,No,Yes,Mailed check,2,0,Yes,No,0
CUST-01591,72,Month-to-month,No,38.59,2934.51,Yes,Yes,No,Bank transfer,3,0,No,Yes,0
CUST-01592,3,Month-to-month,Fiber optic,69.1,256.67,Yes,No,No,Bank transfer,3,0,No,No,1
CUST-01593,2,Two year,Fiber optic,73.24,219.53,No,No,No,Electronic check,5,0,Yes,Yes,0
CUST-01594,30,One year,No,42.21,1216.97,No,Yes,No,Credit card,0,0,No,No,0
CUST-01595,20,Month-to-month,DSL,71.49,1422.74,No,Yes,Yes,Credit card,1,0,Yes,No,0
CUST-01596,7,Month-to-month,DSL,49.4,364.14,Yes,No,No,Electronic check,1,0,No,No,0
CUST-01597,1,Month-to-month,Fiber optic,58.08,118.01,Yes,Yes,No,Bank transfer,2,0,Yes,No,1
CUST-01598,2,Two year,Fiber optic,90.62,281.95,No,No,Yes,Mailed check,0,0,Yes,No,0
CUST-01599,53,One year,DSL,87.72,4284.46,No,No,No,Credit card,2,1,No,No,0
CUST-01600,5,Month-to-month,Fiber optic,40.07,245.72,Yes,No,No,Mailed check,1,0,Yes,Yes,0
CUST-01601,9,One year,No,38.57,361.12,No,No,No,Credit card,1,0,Yes,No,0
CUST-01602,6,Month-to-month,No,54.72,372.72,No,No,Yes,Electronic check,2,0,No,No,1
CUST-01603,10,Two year,No,64.33,716.29,No,No,Yes,Electronic check,0,0,Yes,No,0
CUST-01604,1,Month-to-month,Fiber optic,48.55,94.77,Yes,No,Yes,Bank transfer,0,0,Yes,Yes,0
CUST-01605,17,Month-to-month,DSL,91.02,1531.35,No,No,Yes,Bank transfer,1,0,No,No,0
CUST-01606,1,Month-to-month,Fiber optic,73.68,152.65,No,Yes,Yes,Bank transfer,2,0,No,Yes,1
CUST-01607,38,Month-to-month,Fiber optic,75.15,2898.72,No,No,Yes,Credit card,2,0,Yes,Yes,1
CUST-01608,6,Two year,Fiber optic,33.34,242.64,No,No,Yes,Bank transfer,3,0,No,Yes,0
CUST-01609,18,Month-to-month,Fiber optic,94.18,1837.73,Yes,No,No,Bank transfer,0,0,Yes,No,1
CUST-01610,50,Two year,No,18.0,946.91,No,Yes,Yes,Mailed check,2,0,No,No,0
CUST-01611,25,One year,Fiber optic,85.85,2130.0,No,No,Yes,Mailed check,1,1,Yes,No,0
CUST-01612,18,Month-to-month,Fiber optic,88.36,1759.59,No,No,Yes,Mailed check,3,1,Yes,Yes,1
CUST-01613,9,Month-to-month,No,54.19,557.0,No,No,Yes,Bank transfer,0,0,No,No,0
CUST-01614,9,Month-to-month,Fiber optic,96.82,920.41,No,No,No,Mailed check,2,0,No,No,0
CUST-01615,26,One year,DSL,63.42,1771.35,Yes,Yes,Yes,Electronic check,1,0,No,Yes,0
CUST-01616,72,Month-to-month,Fiber optic,66.56,4923.47,Yes,Yes,No,Electronic check,1,0,Yes,Yes,0
CUST-01617,26,Month-to-month,Fiber optic,73.49,2001.63,No,No,No,Credit card,1,0,Yes,No,0
CUST-01618,19,Month-to-month,No,120.0,2162.24,Yes,No,Yes,Electronic check,3,0,No,No,0
CUST-01619,31,One year,Fiber optic,98.61,2850.65,Yes,No,Yes,Electronic check,0,0,No,Yes,0
CUST-01620,15,Month-to-month,DSL,82.53,1326.05,No,No,Yes,Mailed check,0,1,No,Yes,1
CUST-01621,1,Month-to-month,Fiber optic,42.18,79.45,No,No,Yes,Electronic check,4,0,Yes,Yes,1
CUST-01622,19,Month-to-month,Fiber optic,68.59,1246.66,Yes,Yes,Yes,Mailed check,1,0,No,No,0
CUST-01623,72,Month-to-month,Fiber optic,44.67,3074.69,No,No,No,Electronic check,1,0,No,No,0
CUST-01624,4,Two year,Fiber optic,85.55,438.74,Yes,Yes,Yes,Electronic check,2,0,Yes,No,0
CUST-01625,28,Month-to-month,Fiber optic,68.51,1928.36,Yes,No,Yes,Credit card,0,0,No,Yes,0
CUST-01626,5,Two year,DSL,36.89,219.64,Yes,No,Yes,Bank transfer,0,0,Yes,No,0
CUST-01627,18,One year,DSL,67.03,1299.14,Yes,Yes,No,Electronic check,5,0,Yes,No,0
CUST-01628,2,One year,Fiber optic,43.76,124.52,No,No,Yes,Bank transfer,1,0,No,No,0
CUST-01629,14,One year,Fiber optic,68.78,930.25,No,Yes,Yes,Bank transfer,1,0,No,No,1
CUST-01630,33,Month-to-month,No,43.52,1403.47,No,Yes,No,Bank transfer,0,0,No,No,0
CUST-01631,10,Month-to-month,No,65.69,754.02,Yes,Yes,Yes,Mailed check,1,0,Yes,No,0
CUST-01632,26,One year,DSL,83.76,2198.97,No,No,Yes,Electronic check,0,0,No,No,0
CUST-01633,38,Month-to-month,No,63.67,2447.05,Yes,Yes,Yes,Bank transfer,1,1,Yes,No,0
CUST-01634,62,One year,Fiber optic,55.23,3528.43,Yes,No,No,Mailed check,0,0,No,Yes,0
CUST-01635,6,Month-to-month,Fiber optic,70.08,449.96,No,No,Yes,Electronic check,0,0,Yes,No,1
CUST-01636,12,Two year,DSL,82.43,1082.4,No,Yes,Yes,Mailed check,0,0,Yes,No,0
CUST-01637,3,One year,DSL,37.32,141.02,Yes,No,No,Bank transfer,1,0,Yes,No,0
CUST-01638,72,Month-to-month,DSL,71.52,5002.85,Yes,No,Yes,Mailed check,1,0,No,No,0
CUST-01639,62,Month-to-month,Fiber optic,97.94,5802.62,No,No,No,Electronic check,2,0,No,No,0
CUST-01640,18,One year,No,79.34,1391.43,No,Yes,Yes,Credit card,0,1,No,No,0
CUST-01641,44,One year,No,66.44,2852.92,No,Yes,Yes,Credit card,2,0,Yes,No,1
CUST-01642,17,Month-to-month,Fiber optic,80.99,1332.73,No,No,No,Mailed check,2,0,Yes,No,1
CUST-01643,23,Two year,DSL,76.31,1880.37,No,No,No,Mailed check,3,0,Yes,Yes,0
CUST-01644,2,Month-to-month,Fiber optic,83.84,237.91,Yes,No,Yes,Bank transfer,0,1,No,No,1
CUST-01645,33,Month-to-month,Fiber optic,18.0,610.8,No,No,No,Electronic check,1,0,Yes,No,0
CUST-01646,3,Two year,Fiber optic,26.16,98.83,Yes,No,No,Bank transfer,0,0,Yes,No,0
CUST-01647,41,Two year,Fiber optic,90.12,3526.16,Yes,Yes,Yes,Bank transfer,1,0,Yes,Yes,0
CUST-01648,36,One year,Fiber optic,27.37,1019.83,No,No,No,Mailed check,3,0,No,No,0
CUST-01649,29,Two year,No,75.04,2236.79,No,No,Yes,Electronic check,1,1,No,No,0
CUST-01650,0,Month-to-month,Fiber optic,56.2,52.42,Yes,No,Yes,Electronic check,1,0,No,No,0
CUST-01651,8,Two year,DSL,40.1,357.95,No,Yes,Yes,Bank transfer,1,0,Yes,No,0
CUST-01652,7,Month-to-month,Fiber optic,73.74,531.37,No,No,No,Electronic check,0,0,No,No,1
CUST-01653,10,Month-to-month,Fiber optic,70.03,713.74,Yes,No,Yes,Mailed check,2,1,No,Yes,1
CUST-01654,2,Month-to-month,No,117.76,356.52,Yes,No,No,Mailed check,2,0,Yes,Yes,1
CUST-01655,66,Month-to-month,DSL,49.38,3181.16,Yes,No,Yes,Electronic check,2,0,Yes,Yes,0
CUST-01656,19,Month-to-month,No,101.0,1879.7,Yes,No,Yes,Mailed check,1,1,Yes,No,0
CUST-01657,8,Month-to-month,No,73.81,648.27,No,No,No,Mailed check,3,0,No,No,1
CUST-01658,12,Month-to-month,Fiber optic,48.47,611.07,No,Yes,No,Bank transfer,3,0,Yes,No,1
CUST-01659,14,Month-to-month,Fiber optic,84.98,1268.44,No,Yes,Yes,Electronic check,1,0,Yes,No,1
CUST-01660,22,One year,No,79.14,1658.0,Yes,No,Yes,Electronic check,2,0,Yes,Yes,0
CUST-01661,17,Month-to-month,No,65.9,1213.37,Yes,No,No,Credit card,3,0,No,Yes,0
CUST-01662,60,Month-to-month,DSL,71.66,3972.35,Yes,No,Yes,Bank transfer,5,0,Yes,No,0
CUST-01663,16,One year,DSL,50.08,824.18,Yes,No,No,Bank transfer,4,0,No,Yes,1
CUST-01664,72,Two year,DSL,44.36,3259.56,Yes,No,No,Electronic check,1,0,Yes,No,0
CUST-01665,45,One year,Fiber optic,83.99,3677.01,No,Yes,No,Electronic check,0,0,Yes,No,0
CUST-01666,5,Month-to-month,DSL,59.4,369.41,Yes,No,No,Bank transfer,1,1,No,No,1
CUST-01667,64,One year,No,63.0,4149.4,No,No,No,Credit card,1,0,No,No,0
CUST-01668,2,Month-to-month,DSL,72.0,208.2,No,No,Yes,Credit card,3,0,No,No,1
CUST-01669,40,Month-to-month,Fiber optic,71.63,2724.13,No,No,Yes,Credit card,1,1,Yes,No,0
CUST-01670,11,Month-to-month,Fiber optic,29.27,318.4,Yes,No,Yes,Electronic check,2,1,Yes,No,1
CUST-01671,50,Two year,Fiber optic,97.16,5055.5,No,No,Yes,Credit card,2,0,No,No,0
CUST-01672,48,Month-to-month,Fiber optic,68.03,3097.26,No,Yes,No,Credit card,0,0,Yes,No,0
CUST-01673,39,Month-to-month,No,59.93,2254.45,Yes,No,Yes,Electronic check,1,0,No,Yes,0
CUST-01674,37,Month-to-month,Fiber optic,75.77,2595.82,No,No,No,Mailed check,1,0,Yes,No,0
CUST-01675,8,Two year,Fiber optic,70.91,576.12,No,No,No,Mailed check,1,0,No,Yes,0
CUST-01676,2,One year,Fiber optic,84.18,236.01,No,No,No,Electronic check,0,0,No,No,0
CUST-01677,12,Month-to-month,DSL,78.45,1051.39,Yes,Yes,Yes,Mailed check,0,0,Yes,No,0
CUST-01678,4,One year,DSL,82.95,421.85,No,Yes,No,Credit card,1,0,No,Yes,0
CUST-01679,28,Month-to-month,Fiber optic,98.77,2908.67,No,Yes,Yes,Credit card,2,1,Yes,No,1
CUST-01680,10,One year,Fiber optic,87.09,981.03,No,Yes,No,Credit card,0,0,Yes,No,0
CUST-01681,72,Month-to-month,Fiber optic,60.99,4131.67,No,No,Yes,Mailed check,1,0,No,No,0
CUST-01682,24,Two year,DSL,36.93,966.51,No,Yes,No,Mailed check,2,0,No,Yes,0
CUST-01683,41,Month-to-month,Fiber optic,106.69,4188.95,Yes,No,Yes,Bank transfer,2,1,No,No,0
CUST-01684,3,One year,No,59.06,217.93,No,Yes,Yes,Mailed check,0,0,No,No,0
CUST-01685,47,Month-to-month,DSL,53.17,2409.74,No,No,Yes,Electronic check,2,0,Yes,Yes,0
CUST-01686,61,Month-to-month,Fiber optic,21.58,1310.62,Yes,No,No,Bank transfer,1,1,Yes,No,0
CUST-01687,16,Month-to-month,DSL,73.46,1147.25,Yes,Yes,No,Electronic check,1,0,No,No,1
CUST-01688,22,Month-to-month,Fiber optic,68.72,1597.62,No,No,Yes,Electronic check,1,0,Yes,Yes,1
CUST-01689,34,Month-to-month,DSL,27.12,907.18,No,No,Yes,Electronic check,3,0,No,No,1
CUST-01690,4,One year,Fiber optic,76.33,376.03,Yes,Yes,Yes,Credit card,0,0,No,Yes,0
CUST-01691,16,Month-to-month,DSL,52.55,902.4,Yes,No,Yes,Electronic check,2,0,No,No,0
CUST-01692,12,One year,DSL,120.0,1615.04,No,Yes,Yes,Mailed check,0,1,Yes,No,0
CUST-01693,3,Two year,No,50.77,207.73,No,Yes,Yes,Credit card,1,0,No,No,0
CUST-01694,10,One year,Fiber optic,54.12,583.78,Yes,No,No,Mailed check,1,0,No,Yes,0
CUST-01695,1,One year,Fiber optic,43.13,90.46,No,Yes,Yes,Electronic check,1,0,Yes,No,1
CUST-01696,0,One year,DSL,96.95,94.96,Yes,No,No,Bank transfer,4,0,Yes,No,1
CUST-01697,3,Month-to-month,No,55.68,218.35,Yes,Yes,Yes,Electronic check,2,0,No,No,1
CUST-01698,72,Two year,No,46.88,3161.37,No,Yes,No,Electronic check,2,0,No,No,0
CUST-01699,19,Month-to-month,Fiber optic,82.67,1524.94,Yes,No,No,Credit card,2,0,Yes,No,0
CUST-01700,72,One year,Fiber optic,30.49,2059.52,No,No,Yes,Electronic check,1,1,Yes,No,0
CUST-01701,13,One year,DSL,80.63,1116.15,Yes,No,Yes,Bank transfer,6,0,Yes,No,1
CUST-01702,8,Month-to-month,Fiber optic,109.53,948.58,No,Yes,Yes,Mailed check,1,0,No,No,1
CUST-01703,16,Month-to-month,Fiber optic,79.17,1289.2,Yes,No,Yes,Electronic check,3,0,No,No,1
CUST-01704,13,Month-to-month,Fiber optic,80.95,1041.65,Yes,No,Yes,Mailed check,2,0,No,No,1
CUST-01705,2,Two year,DSL,86.75,249.1,No,No,Yes,Electronic check,1,0,Yes,Yes,0
CUST-01706,24,Two year,No,107.74,2576.87,No,No,Yes,Electronic check,1,0,Yes,No,0
CUST-01707,5,Month-to-month,No,95.25,567.57,No,No,Yes,Mailed check,1,0,No,Yes,1
CUST-01708,23,One year,Fiber optic,75.99,1747.64,No,Yes,Yes,Electronic check,1,1,No,No,0
CUST-01709,25,Two year,DSL,87.6,2192.91,No,Yes,Yes,Bank transfer,0,0,Yes,No,0
CUST-01710,3,Month-to-month,No,42.85,161.27,No,Yes,Yes,Electronic check,4,1,No,No,1
CUST-01711,1,Month-to-month,Fiber optic,84.41,155.27,No,No,No,Mailed check,0,0,Yes,Yes,0
CUST-01712,36,One year,DSL,39.86,1393.71,No,Yes,No,Bank transfer,1,0,Yes,No,0
CUST-01713,14,Two year,Fiber optic,55.82,758.94,No,No,No,Mailed check,1,0,No,No,0
CUST-01714,1,Two year,Fiber optic,18.0,33.5,No,Yes,Yes,Credit card,3,0,No,No,1
CUST-01715,72,Month-to-month,Fiber optic,75.04,5197.14,Yes,No,Yes,Bank transfer,2,0,No,No,0
CUST-01716,1,Month-to-month,Fiber optic,48.9,90.16,No,Yes,Yes,Credit card,1,0,No,No,0
CUST-01717,28,Month-to-month,DSL,92.78,2689.94,Yes,No,Yes,Electronic check,2,0,No,Yes,0
CUST-01718,72,Month-to-month,Fiber optic,74.75,5140.88,Yes,Yes,No,Credit card,1,0,Yes,Yes,0
CUST-01719,6,Month-to-month,Fiber optic,93.1,646.7,No,No,Yes,Bank transfer,0,0,No,No,1
CUST-01720,3,One year,Fiber optic,37.91,151.12,No,No,No,Bank transfer,1,0,No,Yes,0
CUST-01721,3,Month-to-month,No,90.96,351.87,No,No,No,Credit card,0,0,No,No,1
CUST-01722,8,Two year,DSL,117.65,1024.3,No,Yes,No,Bank transfer,3,0,No,No,0
CUST-01723,2,Month-to-month,DSL,84.1,249.08,Yes,Yes,Yes,Credit card,1,1,No,No,0
CUST-01724,28,One year,DSL,84.76,2309.01,No,No,Yes,Mailed check,2,0,No,Yes,0
CUST-01725,1,Month-to-month,Fiber optic,69.24,125.07,No,Yes,Yes,Bank transfer,2,0,No,No,1
CUST-01726,17,Month-to-month,Fiber optic,51.88,930.81,Yes,Yes,Yes,Mailed check,5,0,No,No,0
CUST-01727,72,Month-to-month,DSL,84.03,6080.69,Yes,No,No,Electronic check,2,0,No,No,0
CUST-01728,40,Two year,Fiber optic,27.35,1089.34,No,Yes,Yes,Bank transfer,0,0,Yes,No,0
CUST-01729,22,Two year,Fiber optic,54.56,1294.24,No,Yes,Yes,Credit card,2,0,No,No,0
CUST-01730,8,Month-to-month,DSL,20.72,182.06,No,No,Yes,Bank transfer,1,0,No,No,0
CUST-01731,23,Month-to-month,Fiber optic,47.41,1075.86,No,No,Yes,Bank transfer,4,0,No,Yes,0
CUST-01732,17,Two year,Fiber optic,81.05,1469.16,No,Yes,Yes,Bank transfer,0,0,No,Yes,0
CUST-01733,13,Month-to-month,DSL,77.63,1135.03,Yes,No,Yes,Electronic check,1,0,No,No,0
CUST-01734,3,Month-to-month,Fiber optic,66.27,267.87,No,No,No,Electronic check,3,0,No,No,0
CUST-01735,52,One year,DSL,69.26,3804.13,Yes,No,No,Electronic check,1,0,No,No,0
CUST-01736,14,Two year,DSL,18.0,247.56,Yes,Yes,Yes,Electronic check,1,0,Yes,No,0
CUST-01737,5,Month-to-month,DSL,55.69,306.79,No,No,Yes,Bank transfer,1,0,Yes,Yes,1
CUST-01738,11,Month-to-month,DSL,47.97,531.43,No,No,Yes,Credit card,2,0,Yes,No,0
CUST-01739,12,Two year,Fiber optic,48.52,634.18,No,No,No,Electronic check,0,0,Yes,No,0
CUST-01740,42,Month-to-month,Fiber optic,79.99,3296.68,No,Yes,Yes,Electronic check,2,0,Yes,No,0
CUST-01741,31,Month-to-month,Fiber optic,43.49,1352.24,Yes,Yes,No,Electronic check,3,0,Yes,No,0
CUST-01742,35,One year,Fiber optic,49.88,1686.66,Yes,No,Yes,Electronic check,2,0,No,No,0
CUST-01743,0,Two year,No,18.0,18.19,Yes,Yes,Yes,Mailed check,0,1,No,No,0
CUST-01744,12,Month-to-month,No,57.65,769.54,No,No,Yes,Electronic check,1,0,No,Yes,1
CUST-01745,15,Two year,Fiber optic,37.8,558.85,No,No,No,Electronic check,0,0,Yes,No,0
CUST-01746,0,One year,Fiber optic,66.98,62.22,No,No,Yes,Credit card,1,0,Yes,No,0
CUST-01747,7,Month-to-month,Fiber optic,41.22,313.57,Yes,No,Yes,Electronic check,2,0,No,No,1
CUST-01748,34,Two year,Fiber optic,67.61,2229.16,No,Yes,Yes,Bank transfer,2,0,Yes,No,0
CUST-01749,3,Month-to-month,Fiber optic,61.38,240.54,No,No,Yes,Bank transfer,3,1,Yes,Yes,1
CUST-01750,18,Month-to-month,DSL,106.8,2055.35,No,No,Yes,Electronic check,0,0,Yes,No,1
CUST-01751,5,One year,No,77.43,473.4,No,No,No,Credit card,4,0,Yes,Yes,0
CUST-01752,0,Month-to-month,DSL,19.01,17.7,No,No,No,Bank transfer,0,0,Yes,No,0
CUST-01753,6,Month-to-month,Fiber optic,33.38,216.45,Yes,No,No,Electronic check,2,0,Yes,No,1
CUST-01754,72,Month-to-month,Fiber optic,66.38,4625.52,Yes,No,Yes,Electronic check,1,0,No,No,0
CUST-01755,38,Month-to-month,DSL,41.75,1501.5,Yes,Yes,Yes,Bank transfer,1,0,No,Yes,0
CUST-01756,72,Two year,No,18.0,1200.69,Yes,No,Yes,Mailed check,0,1,Yes,No,0
CUST-01757,16,One year,No,98.74,1571.8,Yes,No,Yes,Mailed check,0,0,Yes,No,0
CUST-01758,2,Two year,No,83.01,238.84,Yes,Yes,No,Electronic check,2,0,No,No,0
CUST-01759,19,Month-to-month,DSL,78.02,1541.95,Yes,No,Yes,Electronic check,0,1,Yes,No,1
CUST-01760,14,Month-to-month,DSL,49.82,753.65,No,Yes,No,Bank transfer,1,1,No,No,1
CUST-01761,44,Month-to-month,Fiber optic,75.69,3179.28,No,No,No,Credit card,0,0,Yes,No,0
CUST-01762,2,Month-to-month,DSL,47.39,145.41,No,Yes,Yes,Bank transfer,1,0,Yes,No,0
CUST-01763,16,Month-to-month,Fiber optic,70.12,1078.86,Yes,Yes,No,Electronic check,3,0,Yes,No,1
CUST-01764,3,One year,Fiber optic,41.99,162.35,Yes,No,Yes,Credit card,1,0,Yes,No,0
CUST-01765,9,Two year,DSL,102.91,1023.91,Yes,No,Yes,Bank transfer,2,0,No,No,0
CUST-01766,32,Two year,Fiber optic,25.74,801.59,No,No,Yes,Bank transfer,2,1,No,No,0
CUST-01767,15,Month-to-month,Fiber optic,95.81,1536.87,No,Yes,No,Electronic check,0,0,No,No,1
CUST-01768,11,Two year,Fiber optic,65.97,815.44,Yes,No,Yes,Mailed check,0,0,No,Yes,0
CUST-01769,12,Month-to-month,Fiber optic,52.76,626.49,No,Yes,No,Credit card,1,0,No,No,0
CUST-01770,14,Month-to-month,Fiber optic,69.18,1013.71,Yes,Yes,No,Electronic check,2,0,Yes,Yes,1
CUST-01771,36,Two year,Fiber optic,83.33,2783.57,No,Yes,No,Bank transfer,3,1,No,Yes,0
CUST-01772,53,One year,Fiber optic,99.17,5044.24,Yes,Yes,No,Bank transfer,1,0,No,Yes,0
CUST-01773,72,Month-to-month,Fiber optic,72.83,4894.14,Yes,No,Yes,Electronic check,1,0,Yes,No,0
CUST-01774,37,Month-to-month,No,42.73,1613.42,No,No,No,Bank transfer,4,0,Yes,Yes,0
CUST-01775,9,Month-to-month,Fiber optic,66.39,622.28,No,Yes,Yes,Electronic check,1,1,Yes,No,0
CUST-01776,27,One year,Fiber optic,110.42,2913.55,No,No,Yes,Bank transfer,0,0,No,No,0
CUST-01777,13,Month-to-month,DSL,98.69,1286.11,No,Yes,Yes,Credit card,3,1,No,No,1
CUST-01778,7,Two year,No,87.72,657.25,Yes,No,Yes,Credit card,1,0,No,No,0
CUST-01779,44,Month-to-month,DSL,84.89,3567.03,No,No,No,Credit card,0,0,Yes,Yes,0
CUST-01780,0,Month-to-month,Fiber optic,82.49,82.88,No,Yes,Yes,Mailed check,2,0,No,No,0
CUST-01781,55,Month-to-month,DSL,93.97,5490.56,No,No,Yes,Bank transfer,0,0,Yes,Yes,0
CUST-01782,14,Month-to-month,DSL,53.58,782.43,No,Yes,Yes,Bank transfer,1,0,Yes,Yes,0
CUST-01783,24,Month-to-month,DSL,31.12,770.27,No,No,Yes,Electronic check,1,0,Yes,No,0
CUST-01784,25,One year,DSL,66.73,1774.39,No,Yes,Yes,Electronic check,1,1,Yes,No,1
CUST-01785,54,Two year,No,44.56,2380.75,No,No,Yes,Bank transfer,2,0,Yes,No,0
CUST-01786,24,Two year,No,38.62,912.69,No,No,No,Electronic check,2,0,No,No,0
CUST-01787,22,Two year,DSL,46.99,1126.86,No,Yes,Yes,Credit card,3,0,No,No,0
CUST-01788,1,Two year,Fiber optic,120.0,248.62,No,Yes,Yes,Mailed check,0,0,No,No,0
CUST-01789,17,One year,DSL,68.4,1148.78,No,No,Yes,Electronic check,0,0,No,No,0
CUST-01790,3,Two year,No,74.05,297.82,Yes,Yes,Yes,Mailed check,3,0,Yes,No,0
CUST-01791,32,Month-to-month,Fiber optic,34.44,1133.19,Yes,Yes,No,Credit card,0,0,Yes,No,0
CUST-01792,17,Month-to-month,No,18.91,339.51,No,No,Yes,Credit card,1,1,No,No,0
CUST-01793,27,Month-to-month,Fiber optic,44.52,1277.21,Yes,No,Yes,Electronic check,1,1,No,Yes,0
CUST-01794,1,Month-to-month,DSL,100.95,202.13,No,Yes,Yes,Bank transfer,4,1,No,No,0
CUST-01795,2,Month-to-month,No,73.36,215.17,No,Yes,No,Bank transfer,5,1,No,No,1
CUST-01796,30,Two year,Fiber optic,79.96,2545.46,No,No,Yes,Bank transfer,0,0,Yes,No,0
CUST-01797,1,Month-to-month,DSL,83.46,156.86,No,Yes,Yes,Bank transfer,2,0,Yes,No,1
CUST-01798,1,Month-to-month,Fiber optic,50.22,100.63,No,No,Yes,Electronic check,1,0,No,Yes,0
CUST-01799,0,Month-to-month,Fiber optic,99.7,100.22,No,No,No,Mailed check,0,1,No,No,1
CUST-01800,72,Month-to-month,Fiber optic,49.18,3699.81,Yes,No,No,Electronic check,1,0,Yes,No,0
CUST-01801,32,Month-to-month,Fiber optic,100.16,3469.7,No,Yes,Yes,Electronic check,4,0,Yes,No,1
CUST-01802,10,Month-to-month,Fiber optic,76.06,822.97,No,Yes,No,Electronic check,3,0,No,Yes,1
CUST-01803,8,Month-to-month,No,20.27,177.44,Yes,Yes,Yes,Electronic check,3,0,No,No,0
CUST-01804,10,Month-to-month,No,46.3,504.26,No,No,Yes,Bank transfer,1,0,No,Yes,0
CUST-01805,35,One year,Fiber optic,20.38,732.8,No,No,Yes,Electronic check,5,0,Yes,No,0
CUST-01806,25,One year,DSL,94.08,2463.07,No,Yes,No,Bank transfer,3,0,No,No,0
CUST-01807,4,Month-to-month,Fiber optic,64.38,303.29,Yes,No,Yes,Bank transfer,1,0,Yes,Yes,1
CUST-01808,4,Month-to-month,Fiber optic,18.0,87.57,No,No,No,Credit card,2,0,Yes,No,1
CUST-01809,2,Month-to-month,Fiber optic,74.39,213.27,Yes,Yes,Yes,Bank transfer,2,0,Yes,No,1
CUST-01810,25,One year,No,51.57,1214.54,No,Yes,No,Credit card,1,1,Yes,No,0
CUST-01811,34,Month-to-month,No,27.9,968.13,No,Yes,Yes,Electronic check,0,0,Yes,No,0
CUST-01812,7,Month-to-month,Fiber optic,106.95,882.31,No,No,Yes,Bank transfer,0,0,Yes,No,1
CUST-01813,0,One year,Fiber optic,67.68,70.27,No,No,Yes,Electronic check,0,1,No,No,1
CUST-01814,2,Month-to-month,Fiber optic,57.66,169.11,Yes,No,Yes,Bank transfer,2,0,Yes,No,0
CUST-01815,72,Month-to-month,DSL,55.01,4075.49,Yes,Yes,Yes,Mailed check,0,0,Yes,No,0
CUST-01816,8,Month-to-month,DSL,27.17,246.21,Yes,Yes,Yes,Bank transfer,0,0,No,Yes,0
CUST-01817,35,Two year,Fiber optic,32.39,1089.47,No,No,No,Electronic check,2,0,No,No,0
CUST-01818,23,Two year,DSL,97.12,2119.79,No,No,Yes,Electronic check,0,0,No,Yes,1
CUST-01819,11,One year,Fiber optic,53.15,645.57,Yes,No,Yes,Bank transfer,0,0,No,No,0
CUST-01820,5,Month-to-month,No,65.55,370.65,Yes,No,Yes,Credit card,0,0,Yes,No,0
CUST-01821,3,Month-to-month,DSL,18.0,70.73,No,No,Yes,Electronic check,0,0,No,No,1
CUST-01822,22,Two year,Fiber optic,32.05,721.38,No,Yes,Yes,Credit card,2,0,Yes,No,0
CUST-01823,35,Two year,DSL,80.25,2954.53,Yes,No,No,Electronic check,2,1,No,Yes,0
CUST-01824,24,Month-to-month,No,74.44,1854.85,Yes,No,Yes,Bank transfer,0,0,Yes,No,0
CUST-01825,18,Two year,Fiber optic,108.83,2123.75,Yes,Yes,No,Credit card,2,0,No,No,0
CUST-01826,1,Month-to-month,Fiber optic,98.57,199.67,Yes,No,Yes,Electronic check,1,0,No,No,1
CUST-01827,72,Month-to-month,No,59.23,4539.87,Yes,Yes,No,Mailed check,2,1,No,No,0
CUST-01828,38,One year,Fiber optic,76.82,3084.6,Yes,No,Yes,Electronic check,2,0,Yes,No,1
CUST-01829,8,Month-to-month,Fiber optic,57.08,478.61,No,No,Yes,Mailed check,1,0,No,Yes,0
CUST-01830,72,Two year,DSL,116.37,8870.56,No,No,Yes,Bank transfer,0,0,Yes,Yes,0
CUST-01831,22,Month-to-month,No,93.73,2050.2,Yes,No,No,Bank transfer,3,0,Yes,No,0
CUST-01832,20,Month-to-month,DSL,69.24,1441.21,No,No,No,Credit card,3,0,No,No,1
CUST-01833,33,Two year,No,70.01,2478.42,No,No,Yes,Electronic check,0,0,No,No,0
CUST-01834,40,Two year,DSL,101.12,3864.51,No,Yes,Yes,Mailed check,1,0,No,No,0
CUST-01835,25,Month-to-month,Fiber optic,79.49,2125.84,Yes,No,No,Mailed check,0,0,No,No,0
CUST-01836,3,Month-to-month,DSL,103.97,433.75,No,Yes,Yes,Credit card,1,0,Yes,Yes,0
CUST-01837,9,One year,DSL,18.0,185.05,No,No,Yes,Electronic check,2,1,Yes,No,0
CUST-01838,63,Month-to-month,Fiber optic,76.53,5009.96,Yes,Yes,No,Credit card,3,0,Yes,No,0
CUST-01839,6,Two year,Fiber optic,52.11,342.77,No,Yes,No,Mailed check,0,0,Yes,Yes,0
CUST-01840,11,Two year,Fiber optic,108.91,1256.04,No,Yes,No,Bank transfer,1,0,Yes,No,0
CUST-01841,13,Month-to-month,DSL,103.66,1471.63,No,No,No,Mailed check,0,0,Yes,Yes,0
CUST-01842,13,Month-to-month,No,65.82,845.67,Yes,Yes,Yes,Credit card,2,0,No,No,1
CUST-01843,22,Month-to-month,DSL,103.39,2457.05,Yes,Yes,Yes,Bank transfer,2,0,Yes,No,1
CUST-01844,68,Two year,No,109.58,7043.38,No,Yes,No,Bank transfer,1,0,Yes,No,0
CUST-01845,6,Month-to-month,Fiber optic,66.86,460.87,Yes,Yes,No,Bank transfer,3,0,Yes,Yes,1
CUST-01846,3,Month-to-month,No,120.0,439.56,No,Yes,No,Mailed check,0,0,Yes,No,0
CUST-01847,5,Month-to-month,No,64.22,357.49,Yes,No,No,Electronic check,2,0,Yes,Yes,0
CUST-01848,52,One year,Fiber optic,59.64,3122.44,No,Yes,Yes,Credit card,2,0,No,Yes,0
CUST-01849,24,Month-to-month,No,86.65,2155.84,No,No,Yes,Electronic check,0,0,Yes,No,1
CUST-01850,8,Month-to-month,Fiber optic,56.16,475.35,Yes,Yes,Yes,Credit card,3,1,Yes,Yes,1
CUST-01851,40,Two year,No,67.13,2526.27,No,No,No,Bank transfer,1,0,No,Yes,0
CUST-01852,47,Two year,No,100.24,4727.0,No,No,Yes,Mailed check,0,0,Yes,No,0
CUST-01853,44,One year,DSL,65.48,3023.49,Yes,Yes,No,Bank transfer,0,0,No,Yes,0
CUST-01854,60,Month-to-month,DSL,22.62,1283.53,Yes,No,Yes,Bank transfer,2,0,No,No,0
CUST-01855,6,Month-to-month,Fiber optic,74.18,521.2,Yes,Yes,Yes,Bank transfer,2,0,No,No,1
CUST-01856,33,One year,DSL,47.59,1549.91,Yes,Yes,Yes,Credit card,4,0,No,Yes,1
CUST-01857,14,Month-to-month,Fiber optic,86.63,1353.33,No,No,No,Electronic check,1,0,No,No,0
CUST-01858,44,Two year,DSL,82.4,3383.13,No,No,Yes,Credit card,0,0,No,No,0
CUST-01859,31,One year,DSL,101.79,2951.08,Yes,No,No,Mailed check,2,1,No,No,0
CUST-01860,35,Month-to-month,No,87.69,2900.02,Yes,Yes,Yes,Credit card,1,0,Yes,No,0
CUST-01861,25,Two year,Fiber optic,92.26,2440.42,Yes,Yes,Yes,Electronic check,2,0,Yes,No,0
CUST-01862,4,Two year,No,48.27,250.62,No,Yes,Yes,Electronic check,0,1,Yes,No,0
CUST-01863,18,Month-to-month,No,85.1,1654.69,Yes,No,No,Bank transfer,1,0,Yes,Yes,1
CUST-01864,72,Month-to-month,DSL,114.21,8401.32,No,No,Yes,Electronic check,0,1,Yes,Yes,1
CUST-01865,66,Month-to-month,Fiber optic,47.78,2908.79,Yes,Yes,No,Credit card,4,0,No,No,0
CUST-01866,1,Month-to-month,Fiber optic,109.99,205.04,No,No,Yes,Electronic check,3,0,No,No,1
CUST-01867,4,Month-to-month,Fiber optic,51.27,266.68,Yes,Yes,Yes,Electronic check,3,0,No,No,1
CUST-01868,3,One year,DSL,43.7,173.65,No,No,Yes,Electronic check,1,0,Yes,No,0
CUST-01869,31,Two year,DSL,72.41,2248.18,No,Yes,Yes,Electronic check,0,0,Yes,No,0
CUST-01870,40,Month-to-month,No,82.9,3391.58,No,No,Yes,Bank transfer,3,0,No,Yes,1
CUST-01871,5,Month-to-month,Fiber optic,87.79,488.18,No,No,Yes,Mailed check,0,0,No,No,1
CUST-01872,16,One year,Fiber optic,40.96,719.95,No,No,No,Mailed check,0,1,No,No,0
CUST-01873,44,Month-to-month,DSL,75.86,3408.39,No,Yes,Yes,Electronic check,1,0,Yes,Yes,1
CUST-01874,31,Two year,No,47.86,1486.63,No,No,Yes,Electronic check,2,0,No,No,0
CUST-01875,18,Month-to-month,No,27.78,511.25,No,Yes,Yes,Electronic check,0,1,No,Yes,0
CUST-01876,21,Month-to-month,No,41.78,940.63,No,No,Yes,Bank transfer,2,0,No,Yes,0
CUST-01877,17,Month-to-month,Fiber optic,46.23,787.35,No,No,Yes,Bank transfer,0,0,Yes,No,1
CUST-01878,8,One year,DSL,78.04,646.57,Yes,Yes,No,Bank transfer,2,0,No,No,0
CUST-01879,19,Month-to-month,No,93.81,1740.83,No,No,No,Credit card,3,0,Yes,No,1
CUST-01880,28,One year,DSL,28.17,745.18,No,No,No,Credit card,1,1,Yes,No,1
CUST-01881,49,Month-to-month,Fiber optic,73.8,3602.1,Yes,Yes,Yes,Mailed check,0,0,No,No,0
CUST-01882,24,Month-to-month,Fiber optic,35.58,890.91,No,Yes,Yes,Mailed check,0,0,No,Yes,0
CUST-01883,34,Month-to-month,Fiber optic,80.73,2938.85,Yes,No,Yes,Credit card,0,1,Yes,Yes,0
CUST-01884,4,Two year,DSL,49.43,250.27,No,No,Yes,Bank transfer,2,0,No,Yes,0
CUST-01885,14,Two year,Fiber optic,38.72,573.52,No,Yes,Yes,Electronic check,6,0,Yes,No,1
CUST-01886,0,Month-to-month,Fiber optic,84.99,87.51,Yes,Yes,Yes,Bank transfer,1,0,No,Yes,1
CUST-01887,6,Month-to-month,Fiber optic,50.33,364.23,No,Yes,No,Credit card,1,0,No,No,1
CUST-01888,31,Month-to-month,DSL,57.1,1839.73,Yes,No,No,Credit card,1,0,Yes,No,0
CUST-01889,72,Month-to-month,Fiber optic,18.0,1193.69,Yes,Yes,Yes,Electronic check,1,0,No,Yes,0
CUST-01890,2,Month-to-month,DSL,88.66,251.02,Yes,No,No,Credit card,1,0,Yes,No,1
CUST-01891,12,Two year,Fiber optic,85.52,1056.65,No,Yes,No,Credit card,1,0,No,Yes,0
CUST-01892,38,Two year,Fiber optic,65.14,2666.49,No,Yes,Yes,Electronic check,1,0,Yes,No,0
CUST-01893,5,Month-to-month,DSL,26.81,155.97,Yes,Yes,No,Credit card,2,0,No,Yes,0
CUST-01894,19,Month-to-month,Fiber optic,95.23,1931.8,No,No,Yes,Credit card,0,0,No,No,1
CUST-01895,31,Two year,Fiber optic,48.34,1581.02,Yes,Yes,No,Electronic check,4,0,No,No,0
CUST-01896,22,Two year,Fiber optic,53.67,1231.93,No,No,Yes,Bank transfer,2,0,Yes,Yes,0
CUST-01897,4,Month-to-month,No,120.0,541.64,Yes,Yes,Yes,Electronic check,0,0,Yes,No,1
CUST-01898,10,Month-to-month,DSL,47.41,470.87,Yes,No,Yes,Bank transfer,1,0,Yes,No,0
CUST-01899,36,Month-to-month,Fiber optic,83.56,3162.26,Yes,Yes,No,Credit card,1,0,Yes,No,1
CUST-01900,19,Month-to-month,Fiber optic,79.05,1598.21,No,No,Yes,Mailed check,1,0,Yes,No,0
CUST-01901,0,Month-to-month,No,74.75,73.29,No,No,Yes,Mailed check,0,1,No,No,0
CUST-01902,34,Month-to-month,DSL,72.05,2363.71,No,Yes,Yes,Credit card,0,0,Yes,No,0
CUST-01903,0,One year,Fiber optic,74.41,67.94,Yes,Yes,Yes,Credit card,0,0,Yes,Yes,0
CUST-01904,32,Month-to-month,DSL,71.8,2190.84,No,No,No,Electronic check,0,0,No,No,1
CUST-01905,5,Month-to-month,DSL,63.7,377.25,No,Yes,No,Credit card,0,0,Yes,No,0
CUST-01906,72,Month-to-month,DSL,102.78,7366.94,Yes,No,No,Electronic check,2,0,Yes,No,0
CUST-01907,11,Two year,DSL,32.18,402.07,Yes,Yes,No,Electronic check,2,0,No,No,0
CUST-01908,9,Two year,Fiber optic,90.54,944.87,Yes,No,No,Bank transfer,2,0,Yes,Yes,1
CUST-01909,3,Month-to-month,Fiber optic,85.56,337.59,No,No,No,Bank transfer,1,0,No,No,1
CUST-01910,8,Month-to-month,No,82.46,761.6,No,Yes,No,Bank transfer,0,1,Yes,No,1
CUST-01911,50,Two year,DSL,92.92,4842.41,No,No,Yes,Electronic check,2,0,No,Yes,0
CUST-01912,72,Month-to-month,Fiber optic,62.69,4635.21,Yes,No,Yes,Electronic check,1,0,Yes,No,0
CUST-01913,11,Month-to-month,No,18.28,211.81,Yes,Yes,No,Credit card,1,1,Yes,No,0
CUST-01914,14,Month-to-month,No,63.19,908.43,No,No,No,Electronic check,3,0,Yes,No,1
CUST-01915,30,Month-to-month,No,40.22,1171.54,Yes,No,No,Electronic check,2,0,Yes,No,0
CUST-01916,52,Month-to-month,No,46.7,2575.5,No,Yes,Yes,Credit card,1,1,No,No,0
CUST-01917,21,Two year,No,33.94,765.47,No,No,No,Bank transfer,2,0,Yes,No,0
CUST-01918,11,One year,Fiber optic,53.07,590.08,Yes,No,No,Mailed check,1,0,No,No,0
CUST-01919,12,Month-to-month,No,50.08,610.59,No,Yes,Yes,Electronic check,1,1,No,No,1
CUST-01920,28,Two year,No,18.0,515.32,No,No,Yes,Credit card,0,0,Yes,No,0
CUST-01921,0,Month-to-month,Fiber optic,82.51,79.38,No,Yes,Yes,Credit card,0,0,No,No,0
CUST-01922,23,Month-to-month,Fiber optic,120.0,2684.4,No,No,No,Electronic check,1,0,No,No,0
CUST-01923,10,One year,No,80.16,898.23,Yes,Yes,No,Bank transfer,2,0,No,Yes,0
CUST-01924,37,One year,Fiber optic,59.93,2050.14,No,No,No,Electronic check,3,0,No,No,0
CUST-01925,2,Month-to-month,No,63.63,181.63,No,No,Yes,Credit card,1,0,Yes,No,0
CUST-01926,21,Month-to-month,Fiber optic,54.48,1245.79,No,No,No,Electronic check,3,0,Yes,No,0
CUST-01927,15,One year,Fiber optic,67.25,1091.19,No,Yes,Yes,Bank transfer,0,0,Yes,No,0
CUST-01928,24,One year,DSL,64.07,1537.99,No,Yes,Yes,Mailed check,3,1,No,No,0
CUST-01929,1,One year,Fiber optic,43.97,91.4,Yes,No,Yes,Mailed check,3,0,Yes,No,0
CUST-01930,20,Month-to-month,DSL,107.07,2327.44,Yes,Yes,No,Credit card,1,0,No,Yes,1
CUST-01931,19,Month-to-month,DSL,27.82,505.15,Yes,Yes,Yes,Mailed check,2,0,Yes,No,0
CUST-01932,19,Month-to-month,Fiber optic,82.96,1525.12,Yes,No,Yes,Credit card,0,0,No,No,0
CUST-01933,22,Month-to-month,Fiber optic,62.47,1376.59,Yes,No,Yes,Mailed check,0,0,No,No,0
CUST-01934,27,Two year,Fiber optic,112.52,3274.72,Yes,Yes,Yes,Electronic check,2,1,No,No,0
CUST-01935,39,Month-to-month,Fiber optic,73.52,3019.12,No,Yes,No,Mailed check,2,0,Yes,No,0
CUST-01936,7,Month-to-month,DSL,56.0,406.41,No,No,Yes,Mailed check,1,0,Yes,No,0
CUST-01937,41,One year,Fiber optic,58.81,2412.84,No,No,No,Mailed check,5,0,No,Yes,0
CUST-01938,16,Month-to-month,Fiber optic,66.0,1131.02,No,No,No,Credit card,2,0,No,No,0
CUST-01939,1,Month-to-month,DSL,36.43,68.59,Yes,Yes,Yes,Bank transfer,2,0,Yes,No,0
CUST-01940,1,Two year,Fiber optic,45.83,92.43,No,No,No,Credit card,0,0,No,No,0
CUST-01941,9,Two year,Fiber optic,20.38,194.72,No,No,Yes,Mailed check,1,0,Yes,Yes,0
CUST-01942,36,One year,Fiber optic,41.93,1460.05,Yes,Yes,No,Electronic check,1,0,No,Yes,0
CUST-01943,29,Month-to-month,No,67.35,1937.43,No,No,Yes,Electronic check,1,0,No,No,0
CUST-01944,37,One year,No,72.5,2872.42,Yes,No,No,Credit card,2,0,No,No,0
CUST-01945,17,One year,No,18.0,335.6,Yes,No,No,Electronic check,1,0,Yes,No,0
CUST-01946,13,Month-to-month,Fiber optic,61.57,893.95,Yes,No,Yes,Electronic check,3,0,Yes,Yes,0
CUST-01947,3,Month-to-month,Fiber optic,79.09,328.26,No,No,Yes,Electronic check,3,0,No,No,1
CUST-01948,9,Two year,DSL,60.93,564.66,No,No,Yes,Mailed check,1,0,No,Yes,0
CUST-01949,13,Month-to-month,DSL,49.16,711.92,No,No,Yes,Mailed check,5,0,No,No,1
CUST-01950,2,One year,No,54.7,152.92,No,Yes,Yes,Electronic check,1,0,Yes,No,0
CUST-01951,5,Month-to-month,Fiber optic,51.48,316.82,Yes,No,No,Mailed check,1,0,Yes,Yes,0
CUST-01952,21,Month-to-month,Fiber optic,49.08,1059.55,No,No,Yes,Mailed check,0,0,Yes,No,1
CUST-01953,31,Month-to-month,DSL,69.35,2077.16,No,No,Yes,Bank transfer,5,0,No,No,1
CUST-01954,72,Two year,No,120.0,8407.66,Yes,No,Yes,Credit card,0,0,No,No,0
CUST-01955,64,Month-to-month,No,46.41,2911.09,No,Yes,Yes,Bank transfer,3,0,No,No,0
CUST-01956,24,Month-to-month,DSL,57.05,1440.48,Yes,No,Yes,Mailed check,2,0,Yes,Yes,0
CUST-01957,13,One year,No,63.71,883.83,Yes,No,No,Electronic check,0,0,Yes,Yes,0
CUST-01958,24,One year,DSL,47.82,1222.42,No,No,No,Credit card,1,0,No,No,0
CUST-01959,36,Two year,No,92.46,3282.54,No,Yes,Yes,Electronic check,1,0,No,No,0
CUST-01960,3,Month-to-month,No,18.0,72.83,No,Yes,Yes,Mailed check,0,0,Yes,No,0
CUST-01961,12,Month-to-month,No,51.72,685.08,No,Yes,Yes,Credit card,1,1,Yes,No,1
CUST-01962,43,Two year,Fiber optic,85.46,3419.83,Yes,No,No,Credit card,1,0,No,Yes,0
CUST-01963,11,One year,Fiber optic,57.65,661.6,No,No,No,Credit card,1,0,Yes,No,0
CUST-01964,20,Month-to-month,DSL,44.48,964.81,No,No,No,Credit card,1,1,No,No,0
CUST-01965,21,Month-to-month,DSL,76.02,1682.05,No,Yes,Yes,Credit card,0,0,Yes,Yes,0
CUST-01966,4,Two year,No,87.66,421.98,No,Yes,No,Bank transfer,1,0,No,Yes,0
CUST-01967,10,Month-to-month,Fiber optic,70.27,716.89,No,No,Yes,Electronic check,2,1,No,Yes,1
CUST-01968,9,One year,Fiber optic,44.97,411.25,No,No,Yes,Credit card,4,0,Yes,Yes,0
CUST-01969,0,Month-to-month,DSL,76.41,71.4,No,No,No,Credit card,3,0,No,Yes,0
CUST-01970,0,Month-to-month,Fiber optic,54.95,51.47,No,Yes,Yes,Electronic check,0,0,Yes,No,0
CUST-01971,42,One year,Fiber optic,83.63,3436.42,No,No,Yes,Mailed check,1,0,Yes,Yes,0
CUST-01972,7,Month-to-month,Fiber optic,102.08,756.65,Yes,Yes,Yes,Electronic check,1,0,Yes,No,0
CUST-01973,17,Month-to-month,DSL,18.0,298.7,No,No,Yes,Credit card,1,0,No,No,0
CUST-01974,8,Month-to-month,Fiber optic,67.78,626.25,No,No,Yes,Bank transfer,1,0,Yes,No,1
CUST-01975,67,Month-to-month,No,21.61,1377.54,No,No,Yes,Electronic check,3,0,Yes,No,0
CUST-01976,7,One year,Fiber optic,120.0,944.87,No,No,Yes,Electronic check,3,0,Yes,No,1
CUST-01977,13,Two year,No,53.3,693.89,Yes,No,No,Credit card,1,0,No,No,0
CUST-01978,49,One year,DSL,83.66,4073.25,Yes,Yes,Yes,Bank transfer,0,0,No,No,0
CUST-01979,44,Month-to-month,Fiber optic,64.12,2716.62,Yes,No,No,Mailed check,2,0,Yes,No,0
CUST-01980,4,Month-to-month,Fiber optic,44.92,205.06,Yes,Yes,Yes,Mailed check,2,0,Yes,Yes,1
CUST-01981,38,Month-to-month,Fiber optic,41.95,1713.48,No,Yes,Yes,Electronic check,1,0,No,No,0
CUST-01982,14,Two year,DSL,104.64,1520.43,Yes,No,Yes,Electronic check,2,0,Yes,No,0
CUST-01983,15,Two year,Fiber optic,88.9,1364.02,No,No,No,Bank transfer,3,0,No,Yes,0
CUST-01984,3,Two year,Fiber optic,113.59,422.49,No,No,No,Mailed check,1,0,Yes,No,1
CUST-01985,2,Month-to-month,DSL,66.39,194.05,Yes,Yes,Yes,Mailed check,2,0,No,No,1
CUST-01986,31,Month-to-month,Fiber optic,72.2,2299.5,Yes,No,No,Bank transfer,3,0,Yes,No,0
CUST-01987,16,Month-to-month,Fiber optic,58.32,937.6,No,Yes,No,Electronic check,3,0,Yes,Yes,1
CUST-01988,13,Month-to-month,DSL,57.82,786.87,Yes,Yes,Yes,Credit card,2,1,No,No,0
CUST-01989,31,Month-to-month,No,38.95,1166.08,Yes,Yes,No,Electronic check,0,0,No,No,0
CUST-01990,34,Two year,Fiber optic,67.1,2299.55,No,Yes,Yes,Electronic check,0,0,Yes,No,0
CUST-01991,4,Month-to-month,Fiber optic,45.27,230.44,No,No,Yes,Electronic check,0,0,No,No,1
CUST-01992,22,Month-to-month,No,76.05,1590.03,No,No,Yes,Electronic check,2,0,Yes,No,0
CUST-01993,3,Month-to-month,Fiber optic,69.25,270.82,Yes,No,No,Electronic check,3,0,No,No,1
CUST-01994,33,Two year,No,72.19,2356.05,Yes,No,Yes,Mailed check,1,0,Yes,No,0
CUST-01995,25,One year,Fiber optic,106.88,2531.85,No,Yes,No,Bank transfer,1,0,Yes,Yes,0
CUST-01996,72,One year,No,64.06,4868.47,No,Yes,No,Electronic check,1,0,No,No,0
CUST-01997,1,Two year,Fiber optic,83.92,157.6,No,No,Yes,Mailed check,1,0,Yes,Yes,0
CUST-01998,1,Month-to-month,No,116.29,229.02,Yes,No,Yes,Credit card,1,1,No,No,1
CUST-01999,7,One year,Fiber optic,97.67,746.9,Yes,No,No,Electronic check,3,0,No,No,0
CUST-02000,7,Month-to-month,DSL,93.83,706.1,Yes,Yes,Yes,Bank transfer,2,0,No,No,0
CUST-02001,6,Month-to-month,Fiber optic,57.33,392.91,No,No,Yes,Electronic check,1,0,No,No,1
CUST-02002,56,Two year,Fiber optic,70.74,4045.71,Yes,Yes,No,Electronic check,0,0,Yes,No,0
CUST-02003,6,One year,DSL,32.04,228.28,No,Yes,No,Mailed check,1,1,No,No,0
CUST-02004,7,Month-to-month,DSL,77.47,616.72,Yes,Yes,No,Electronic check,1,0,Yes,No,0
CUST-02005,34,Month-to-month,No,71.86,2462.14,No,Yes,Yes,Credit card,2,0,No,No,0
CUST-02006,14,Month-to-month,Fiber optic,65.58,1000.02,Yes,No,Yes,Electronic check,0,0,No,No,1
CUST-02007,35,Month-to-month,No,90.68,3191.42,No,Yes,No,Bank transfer,0,0,No,No,1
CUST-02008,1,Month-to-month,Fiber optic,34.81,72.83,Yes,No,No,Bank transfer,1,0,Yes,Yes,1
CUST-02009,16,Month-to-month,No,105.87,1762.01,No,No,Yes,Electronic check,1,0,Yes,Yes,0
CUST-02010,0,Month-to-month,No,87.54,82.95,No,No,No,Bank transfer,1,0,Yes,No,0
CUST-02011,1,Two year,Fiber optic,63.23,122.28,Yes,No,Yes,Mailed check,4,0,No,No,0
CUST-02012,56,Month-to-month,No,61.28,3400.39,No,No,Yes,Bank transfer,0,0,No,Yes,0
CUST-02013,3,Month-to-month,No,77.02,290.37,No,No,Yes,Credit card,2,1,No,No,1
CUST-02014,18,Month-to-month,Fiber optic,103.02,1808.25,No,No,Yes,Electronic check,1,0,No,No,1
CUST-02015,12,Two year,DSL,67.54,847.03,No,No,No,Mailed check,1,0,No,No,0
CUST-02016,10,Month-to-month,Fiber optic,68.6,780.68,No,No,Yes,Electronic check,3,0,Yes,No,1
CUST-02017,55,Month-to-month,No,65.45,3439.17,Yes,Yes,Yes,Electronic check,0,0,Yes,Yes,0
CUST-02018,0,Month-to-month,Fiber optic,109.55,104.54,Yes,No,No,Electronic check,3,0,Yes,Yes,1
CUST-02019,26,One year,Fiber optic,55.78,1526.63,No,Yes,No,Credit card,0,0,No,Yes,0
CUST-02020,72,One year,Fiber optic,64.26,4279.77,No,Yes,Yes,Mailed check,4,0,Yes,No,0
CUST-02021,19,Two year,DSL,101.59,2080.08,Yes,Yes,No,Electronic check,3,0,Yes,No,0
CUST-02022,66,Two year,No,68.68,4638.56,No,Yes,No,Electronic check,3,0,No,Yes,0
CUST-02023,1,One year,No,93.43,183.58,Yes,Yes,No,Electronic check,2,0,No,Yes,0
CUST-02024,13,One year,Fiber optic,42.22,550.54,No,No,No,Electronic check,4,0,No,No,1
CUST-02025,7,Month-to-month,Fiber optic,59.87,437.72,No,Yes,Yes,Mailed check,2,0,No,No,0
CUST-02026,31,Month-to-month,DSL,102.11,3054.34,No,Yes,Yes,Electronic check,0,0,No,No,0
CUST-02027,72,Two year,DSL,48.09,3560.51,Yes,Yes,No,Electronic check,0,0,Yes,Yes,0
CUST-02028,7,Month-to-month,Fiber optic,61.22,509.36,No,No,No,Bank transfer,3,0,No,No,0
CUST-02029,25,Month-to-month,Fiber optic,71.42,1876.76,No,No,Yes,Credit card,2,0,Yes,No,1
CUST-02030,5,One year,DSL,40.27,236.58,No,Yes,Yes,Mailed check,2,0,No,No,0
CUST-02031,19,Month-to-month,Fiber optic,54.65,1139.56,Yes,Yes,No,Credit card,0,0,No,No,0
CUST-02032,14,One year,DSL,67.82,1042.01,No,No,Yes,Electronic check,2,0,No,Yes,1
CUST-02033,72,One year,DSL,66.17,4822.56,No,No,Yes,Bank transfer,2,0,No,No,0
CUST-02034,22,Month-to-month,No,97.01,2020.79,No,Yes,Yes,Electronic check,2,0,No,No,0
CUST-02035,10,Two year,DSL,103.54,1074.2,No,Yes,Yes,Credit card,1,0,Yes,No,0
CUST-02036,2,Month-to-month,Fiber optic,43.6,123.77,No,No,Yes,Credit card,1,1,No,No,0
CUST-02037,3,Month-to-month,No,67.78,258.13,Yes,Yes,Yes,Bank transfer,1,0,No,No,1
CUST-02038,6,Month-to-month,DSL,81.86,549.19,No,No,Yes,Credit card,1,0,No,No,0
CUST-02039,6,One year,Fiber optic,102.91,749.84,No,Yes,No,Bank transfer,2,0,No,No,0
CUST-02040,45,One year,DSL,82.96,3859.21,Yes,Yes,No,Electronic check,3,0,No,Yes,0
CUST-02041,19,Month-to-month,Fiber optic,72.27,1450.88,No,No,No,Bank transfer,0,0,No,Yes,0
CUST-02042,17,One year,No,81.66,1416.93,Yes,No,No,Mailed check,1,1,Yes,No,1
CUST-02043,2,Month-to-month,DSL,81.84,233.4,Yes,Yes,No,Electronic check,3,0,Yes,No,0
CUST-02044,47,Two year,DSL,41.81,1842.19,No,No,Yes,Mailed check,2,0,No,Yes,0
CUST-02045,30,Month-to-month,Fiber optic,69.82,2095.21,No,No,Yes,Bank transfer,0,0,Yes,No,0
CUST-02046,1,One year,Fiber optic,101.48,188.92,No,Yes,Yes,Electronic check,0,0,Yes,No,1
CUST-02047,29,Month-to-month,No,59.82,1720.4,No,No,Yes,Bank transfer,0,0,No,No,0
CUST-02048,18,Month-to-month,No,68.24,1197.32,No,Yes,Yes,Bank transfer,0,0,No,No,0
CUST-02049,2,Month-to-month,Fiber optic,58.94,168.26,No,Yes,No,Electronic check,3,0,Yes,Yes,1
CUST-02050,14,Two year,Fiber optic,18.0,244.74,No,Yes,Yes,Mailed check,2,0,Yes,Yes,0
CUST-02051,15,Month-to-month,Fiber optic,65.51,944.29,No,No,Yes,Credit card,1,0,No,No,1
CUST-02052,4,Two year,DSL,72.54,373.76,No,No,No,Credit card,1,0,No,No,0
CUST-02053,69,Month-to-month,DSL,52.19,3639.38,Yes,No,Yes,Mailed check,0,0,No,Yes,0
CUST-02054,45,Month-to-month,DSL,36.13,1642.29,No,Yes,No,Electronic check,2,0,No,No,0
CUST-02055,26,Month-to-month,DSL,42.98,1133.85,No,No,Yes,Electronic check,3,0,Yes,No,0
CUST-02056,14,Two year,No,84.1,1272.87,No,No,Yes,Electronic check,0,0,No,No,0
CUST-02057,12,Month-to-month,Fiber optic,114.31,1501.52,No,No,No,Electronic check,2,1,No,No,1
CUST-02058,25,Two year,Fiber optic,99.56,2692.85,Yes,Yes,No,Credit card,1,0,Yes,Yes,0
CUST-02059,18,Two year,DSL,31.39,558.63,No,No,Yes,Credit card,0,0,Yes,No,0
CUST-02060,1,Two year,No,86.37,175.81,Yes,No,Yes,Credit card,1,1,Yes,No,1
CUST-02061,17,Month-to-month,DSL,48.42,913.98,Yes,No,No,Mailed check,2,0,No,Yes,0
CUST-02062,39,One year,DSL,50.44,1824.62,No,Yes,Yes,Electronic check,4,0,No,No,0
CUST-02063,14,One year,DSL,53.45,766.55,No,Yes,No,Bank transfer,1,0,Yes,Yes,0
CUST-02064,1,Month-to-month,No,82.65,159.58,No,No,No,Bank transfer,2,1,Yes,No,1
CUST-02065,37,One year,Fiber optic,88.98,3459.94,Yes,No,Yes,Mailed check,3,0,Yes,No,1
CUST-02066,5,Month-to-month,Fiber optic,62.55,338.54,No,No,No,Bank transfer,3,0,Yes,No,1
CUST-02067,7,Month-to-month,No,62.97,498.62,No,No,No,Bank transfer,1,0,Yes,No,0
CUST-02068,4,Month-to-month,No,76.61,396.03,Yes,Yes,Yes,Bank transfer,1,0,Yes,No,0
CUST-02069,9,Month-to-month,Fiber optic,79.2,730.34,Yes,No,No,Mailed check,1,0,No,No,1
CUST-02070,33,Month-to-month,DSL,94.41,2944.59,Yes,No,No,Bank transfer,2,0,No,No,0
CUST-02071,17,Month-to-month,Fiber optic,32.89,621.6,No,No,Yes,Electronic check,3,0,Yes,No,1
CUST-02072,5,One year,Fiber optic,65.5,402.39,No,No,No,Bank transfer,2,0,Yes,No,1
CUST-02073,50,Month-to-month,No,38.3,1962.31,No,No,Yes,Electronic check,1,0,No,No,0
CUST-02074,50,Month-to-month,Fiber optic,63.73,3119.72,No,No,Yes,Electronic check,2,0,Yes,No,1
CUST-02075,49,Month-to-month,No,59.35,3050.87,No,No,No,Electronic check,1,0,Yes,Yes,0
CUST-02076,6,One year,Fiber optic,63.83,463.97,No,No,Yes,Electronic check,1,1,Yes,Yes,0
CUST-02077,14,One year,DSL,45.01,681.81,No,No,No,Credit card,3,1,Yes,Yes,1
CUST-02078,72,One year,Fiber optic,27.82,1949.05,No,No,Yes,Mailed check,1,0,Yes,No,0
CUST-02079,35,One year,DSL,18.0,639.92,No,No,Yes,Credit card,0,0,No,No,0
CUST-02080,0,Month-to-month,DSL,61.72,56.46,No,No,No,Electronic check,0,0,Yes,Yes,0
CUST-02081,1,One year,DSL,54.22,100.17,Yes,No,No,Electronic check,2,0,Yes,No,1
CUST-02082,14,Month-to-month,Fiber optic,48.1,734.09,Yes,No,No,Bank transfer,2,0,Yes,No,0
CUST-02083,57,Month-to-month,Fiber optic,98.06,5143.74,No,Yes,No,Electronic check,2,1,Yes,Yes,0
CUST-02084,18,One year,Fiber optic,43.51,750.12,Yes,No,Yes,Bank transfer,3,0,No,Yes,0
CUST-02085,16,Month-to-month,Fiber optic,100.42,1666.52,No,Yes,No,Mailed check,2,0,No,Yes,1
CUST-02086,2,One year,DSL,105.6,293.22,No,No,Yes,Credit card,1,0,Yes,Yes,1
CUST-02087,25,One year,DSL,18.0,441.82,Yes,No,Yes,Mailed check,0,1,No,No,0
CUST-02088,41,Month-to-month,DSL,67.31,2713.44,No,Yes,Yes,Bank transfer,1,0,No,No,1
CUST-02089,11,Month-to-month,DSL,55.01,645.82,No,Yes,No,Electronic check,3,0,No,Yes,1
CUST-02090,35,Month-to-month,Fiber optic,18.0,610.76,Yes,No,Yes,Bank transfer,1,0,Yes,Yes,0
CUST-02091,72,Two year,Fiber optic,28.88,2050.33,No,Yes,Yes,Bank transfer,0,0,Yes,No,0
CUST-02092,5,One year,Fiber optic,84.37,483.75,No,No,Yes,Mailed check,4,0,No,No,0
CUST-02093,17,Month-to-month,No,115.48,1896.04,Yes,No,Yes,Electronic check,2,1,Yes,No,1
CUST-02094,8,Month-to-month,DSL,87.57,811.83,Yes,Yes,No,Bank transfer,2,0,Yes,No,1
CUST-02095,37,One year,Fiber optic,73.09,2616.9,Yes,Yes,Yes,Credit card,1,1,No,No,0
CUST-02096,20,Two year,Fiber optic,64.47,1342.23,Yes,No,Yes,Electronic check,0,0,No,No,0
CUST-02097,24,Month-to-month,No,107.07,2637.86,Yes,Yes,Yes,Bank transfer,1,0,Yes,No,0
CUST-02098,38,Month-to-month,DSL,118.71,4305.03,No,No,Yes,Mailed check,3,0,No,Yes,0
CUST-02099,12,Two year,DSL,50.33,591.8,Yes,No,Yes,Mailed check,0,0,No,No,0
CUST-02100,59,Month-to-month,Fiber optic,18.0,1110.82,No,No,Yes,Credit card,0,0,Yes,Yes,0
CUST-02101,18,Month-to-month,Fiber optic,18.0,333.33,Yes,Yes,Yes,Bank transfer,1,0,Yes,No,0
CUST-02102,4,Two year,No,98.05,471.7,No,No,Yes,Credit card,1,1,Yes,No,1
CUST-02103,28,One year,DSL,63.82,1877.5,No,No,No,Mailed check,0,0,Yes,No,0
CUST-02104,37,Month-to-month,Fiber optic,69.58,2392.79,No,No,No,Electronic check,0,0,Yes,Yes,0
CUST-02105,9,Month-to-month,No,20.23,205.29,No,No,Yes,Bank transfer,1,1,No,No,0
CUST-02106,46,Month-to-month,DSL,46.17,2086.09,Yes,No,Yes,Credit card,1,0,Yes,No,1
CUST-02107,56,Month-to-month,Fiber optic,57.61,3227.1,No,Yes,No,Credit card,3,0,Yes,No,1
CUST-02108,7,Two year,Fiber optic,70.2,568.83,Yes,No,Yes,Electronic check,0,0,Yes,No,0
CUST-02109,72,Month-to-month,Fiber optic,55.04,3945.68,Yes,No,Yes,Electronic check,2,0,Yes,No,0
CUST-02110,3,One year,Fiber optic,39.07,142.1,No,No,Yes,Mailed check,3,0,Yes,No,0
CUST-02111,5,Two year,DSL,45.39,274.87,No,Yes,No,Bank transfer,4,1,Yes,Yes,0
CUST-02112,4,Month-to-month,Fiber optic,95.21,484.6,Yes,Yes,No,Electronic check,2,0,No,No,0
CUST-02113,53,Month-to-month,No,71.12,3722.52,No,No,Yes,Electronic check,1,0,Yes,No,1
CUST-02114,25,Month-to-month,No,80.3,2016.52,No,Yes,Yes,Bank transfer,0,0,Yes,No,0
CUST-02115,3,Two year,Fiber optic,42.53,159.54,No,Yes,Yes,Bank transfer,4,0,No,No,1
CUST-02116,13,Two year,DSL,18.0,251.15,Yes,No,Yes,Credit card,2,0,Yes,No,0
CUST-02117,22,Month-to-month,No,51.92,1232.73,Yes,No,Yes,Credit card,1,0,Yes,Yes,0
CUST-02118,2,One year,DSL,43.34,129.81,No,Yes,No,Electronic check,3,0,Yes,No,0
CUST-02119,51,One year,DSL,73.73,3894.15,Yes,No,Yes,Credit card,1,0,No,Yes,0
CUST-02120,39,Two year,Fiber optic,120.0,4922.97,No,No,Yes,Bank transfer,2,0,No,No,0
CUST-02121,16,Month-to-month,DSL,82.38,1307.92,No,No,Yes,Credit card,1,0,Yes,Yes,0
CUST-02122,72,Month-to-month,DSL,120.0,8412.37,No,No,Yes,Electronic check,0,0,Yes,No,0
CUST-02123,12,Two year,No,79.22,994.22,No,Yes,No,Electronic check,0,0,No,No,0
CUST-02124,72,Month-to-month,Fiber optic,49.25,3537.13,No,No,Yes,Bank transfer,0,1,Yes,Yes,0
CUST-02125,26,Month-to-month,No,73.7,1805.59,No,Yes,Yes,Credit card,4,0,No,No,1
CUST-02126,24,Month-to-month,Fiber optic,109.52,2705.86,No,No,Yes,Credit card,3,0,Yes,Yes,1
CUST-02127,4,Month-to-month,No,110.74,505.68,Yes,No,Yes,Bank transfer,1,0,Yes,No,0
CUST-02128,51,Month-to-month,DSL,50.62,2687.48,No,Yes,No,Mailed check,1,0,Yes,No,0
CUST-02129,13,Two year,DSL,71.33,1043.01,No,No,Yes,Bank transfer,2,0,Yes,No,0
CUST-02130,4,Month-to-month,DSL,29.27,138.08,No,Yes,Yes,Credit card,2,0,Yes,No,0
CUST-02131,0,Month-to-month,Fiber optic,85.62,83.56,No,Yes,Yes,Bank transfer,1,0,No,No,1
CUST-02132,19,One year,Fiber optic,103.83,2125.35,No,No,No,Bank transfer,1,0,Yes,No,0
CUST-02133,17,Month-to-month,Fiber optic,65.99,1125.1,No,No,No,Electronic check,1,0,Yes,Yes,1
CUST-02134,30,Month-to-month,Fiber optic,48.32,1383.58,No,Yes,No,Bank transfer,1,1,Yes,No,0
CUST-02135,53,One year,Fiber optic,74.0,4039.39,No,No,Yes,Mailed check,2,1,No,No,1
CUST-02136,1,Two year,DSL,75.44,151.6,Yes,Yes,No,Credit card,0,0,Yes,No,0
CUST-02137,31,One year,DSL,67.03,2113.84,Yes,Yes,Yes,Bank transfer,5,0,Yes,No,1
CUST-02138,4,One year,Fiber optic,69.47,361.82,No,Yes,Yes,Bank transfer,2,0,Yes,Yes,0
CUST-02139,46,Month-to-month,No,60.65,2973.89,No,Yes,No,Credit card,2,0,Yes,No,0
CUST-02140,41,Two year,DSL,89.9,3886.18,No,Yes,Yes,Electronic check,1,0,No,No,0
CUST-02141,18,Month-to-month,No,83.41,1495.97,Yes,No,Yes,Electronic check,0,0,Yes,No,1
CUST-02142,29,One year,DSL,40.42,1132.33,Yes,No,Yes,Bank transfer,0,0,Yes,No,0
CUST-02143,9,Month-to-month,Fiber optic,39.74,407.48,Yes,No,Yes,Electronic check,2,1,No,No,1
CUST-02144,15,Two year,DSL,58.64,936.09,No,No,Yes,Electronic check,0,0,Yes,No,0
CUST-02145,41,One year,DSL,83.42,3361.46,Yes,No,No,Credit card,0,0,No,No,0
CUST-02146,14,One year,Fiber optic,68.7,990.79,Yes,Yes,Yes,Bank transfer,1,0,No,No,0
CUST-02147,10,Month-to-month,Fiber optic,48.92,553.19,No,Yes,No,Electronic check,1,0,Yes,Yes,1
CUST-02148,16,Month-to-month,Fiber optic,71.54,1124.34,No,Yes,No,Electronic check,1,1,Yes,Yes,1
CUST-02149,42,One year,Fiber optic,56.73,2540.86,Yes,No,Yes,Electronic check,2,0,No,No,0
CUST-02150,9,One year,Fiber optic,87.01,865.73,No,Yes,Yes,Bank transfer,1,0,Yes,Yes,1
CUST-02151,4,Month-to-month,DSL,73.33,373.51,No,No,No,Electronic check,0,0,Yes,No,1
CUST-02152,29,Two year,Fiber optic,57.12,1637.57,No,No,No,Credit card,0,0,Yes,Yes,0
CUST-02153,41,Two year,DSL,70.79,2937.6,No,No,Yes,Bank transfer,3,1,Yes,No,0
CUST-02154,2,Month-to-month,DSL,97.88,297.31,No,No,Yes,Electronic check,0,1,Yes,Yes,1
CUST-02155,6,Two year,Fiber optic,50.76,342.98,Yes,Yes,No,Electronic check,4,0,Yes,Yes,0
CUST-02156,3,Month-to-month,Fiber optic,75.07,292.23,Yes,Yes,Yes,Bank transfer,2,0,Yes,No,1
CUST-02157,10,Month-to-month,Fiber optic,63.24,686.81,No,No,No,Electronic check,1,0,No,No,0
CUST-02158,14,Month-to-month,Fiber optic,75.67,1032.34,No,Yes,Yes,Mailed check,0,0,Yes,No,0
CUST-02159,33,One year,Fiber optic,48.64,1702.51,No,Yes,No,Credit card,1,0,Yes,Yes,0
CUST-02160,25,One year,Fiber optic,67.76,1814.62,Yes,No,Yes,Mailed check,2,0,Yes,No,0
CUST-02161,23,Month-to-month,DSL,92.7,2096.23,No,Yes,No,Electronic check,0,0,Yes,No,1
CUST-02162,10,One year,DSL,41.57,471.89,Yes,No,No,Credit card,0,0,Yes,No,0
CUST-02163,44,One year,Fiber optic,31.76,1446.03,No,Yes,Yes,Electronic check,0,0,Yes,No,0
CUST-02164,15,One year,Fiber optic,32.71,508.96,Yes,No,No,Electronic check,5,0,Yes,No,1
CUST-02165,72,Month-to-month,DSL,35.73,2483.52,No,No,Yes,Electronic check,2,0,No,Yes,0
CUST-02166,24,Two year,No,79.88,1916.93,Yes,Yes,Yes,Credit card,1,0,Yes,No,0
CUST-02167,3,Month-to-month,DSL,29.85,117.03,Yes,No,No,Credit card,2,0,Yes,Yes,0
CUST-02168,27,Month-to-month,DSL,57.55,1549.97,Yes,No,Yes,Electronic check,3,0,No,No,0
CUST-02169,9,Month-to-month,Fiber optic,80.46,774.86,No,No,Yes,Bank transfer,4,0,Yes,Yes,1
CUST-02170,27,Month-to-month,Fiber optic,75.42,1964.93,Yes,No,Yes,Electronic check,0,1,Yes,No,0
CUST-02171,1,Two year,No,55.36,111.4,No,No,Yes,Bank transfer,1,0,No,No,0
CUST-02172,4,Month-to-month,Fiber optic,69.77,345.86,No,No,No,Electronic check,0,0,Yes,Yes,1
CUST-02173,46,One year,No,67.68,3336.14,No,Yes,Yes,Electronic check,1,0,No,No,0
CUST-02174,6,Month-to-month,DSL,59.39,382.96,Yes,No,Yes,Credit card,1,0,Yes,No,0
CUST-02175,43,Month-to-month,DSL,59.73,2410.15,No,Yes,Yes,Electronic check,2,0,No,Yes,0
CUST-02176,7,Two year,Fiber optic,120.0,938.29,No,Yes,Yes,Electronic check,1,0,Yes,No,0
CUST-02177,24,One year,DSL,85.23,1966.25,No,Yes,Yes,Credit card,2,0,No,No,1
CUST-02178,28,Month-to-month,DSL,120.0,3450.74,No,No,No,Bank transfer,2,1,No,Yes,1
CUST-02179,17,Month-to-month,Fiber optic,52.58,879.64,No,No,Yes,Bank transfer,2,0,Yes,Yes,1
CUST-02180,8,Month-to-month,Fiber optic,62.88,550.33,No,No,Yes,Credit card,3,0,No,No,1
CUST-02181,5,Month-to-month,No,31.7,188.62,No,No,No,Mailed check,2,0,Yes,No,0
CUST-02182,0,One year,DSL,44.76,43.36,No,No,Yes,Electronic check,0,0,No,No,0
CUST-02183,8,One year,Fiber optic,112.55,960.27,Yes,No,Yes,Electronic check,0,0,No,No,1
CUST-02184,25,Month-to-month,Fiber optic,51.95,1374.13,Yes,Yes,No,Electronic check,0,0,No,No,0
CUST-02185,66,Two year,DSL,112.98,7783.11,Yes,Yes,Yes,Electronic check,0,0,Yes,No,0
CUST-02186,49,One year,DSL,33.92,1597.14,Yes,No,Yes,Mailed check,2,0,No,Yes,0
CUST-02187,34,Month-to-month,DSL,38.66,1382.88,No,No,Yes,Electronic check,2,1,No,No,0
CUST-02188,37,Month-to-month,DSL,56.47,2057.33,No,No,Yes,Mailed check,1,0,Yes,No,0
CUST-02189,26,One year,Fiber optic,63.41,1666.09,Yes,No,Yes,Electronic check,2,0,Yes,No,0
CUST-02190,7,One year,DSL,88.08,658.67,No,No,No,Mailed check,0,0,No,No,0
CUST-02191,57,Month-to-month,Fiber optic,76.27,4396.49,Yes,Yes,Yes,Bank transfer,4,0,No,No,0
CUST-02192,26,Month-to-month,No,54.59,1348.85,No,Yes,No,Mailed check,1,0,No,No,1
CUST-02193,19,Month-to-month,DSL,61.67,1219.52,No,No,No,Electronic check,2,1,Yes,Yes,0
CUST-02194,2,Two year,Fiber optic,57.02,179.35,Yes,Yes,No,Credit card,1,0,Yes,Yes,0
CUST-02195,14,Month-to-month,Fiber optic,42.13,640.18,No,No,Yes,Bank transfer,2,1,No,Yes,1
CUST-02196,14,Month-to-month,No,42.8,663.99,Yes,No,Yes,Mailed check,2,0,Yes,Yes,1
CUST-02197,47,One year,Fiber optic,90.7,4221.38,No,No,Yes,Bank transfer,1,1,Yes,No,0
CUST-02198,18,Two year,Fiber optic,19.3,337.85,No,No,No,Bank transfer,3,0,No,Yes,1
CUST-02199,11,Two year,DSL,105.43,1193.39,Yes,No,Yes,Electronic check,1,0,Yes,No,0
CUST-02200,72,Month-to-month,Fiber optic,56.43,3737.75,No,No,No,Electronic check,1,0,Yes,No,0
CUST-02201,2,Month-to-month,DSL,45.69,133.68,Yes,Yes,Yes,Bank transfer,2,0,Yes,No,0
CUST-02202,13,Month-to-month,Fiber optic,83.49,1165.88,Yes,No,No,Mailed check,0,0,Yes,Yes,1
CUST-02203,1,Month-to-month,DSL,102.13,196.84,No,No,Yes,Electronic check,1,0,No,No,1
CUST-02204,32,Two year,Fiber optic,92.94,3019.42,No,No,No,Electronic check,0,0,No,No,1
CUST-02205,60,Month-to-month,Fiber optic,77.55,4485.06,No,No,Yes,Electronic check,2,0,No,No,0
CUST-02206,7,Month-to-month,No,92.17,673.12,No,Yes,No,Credit card,2,0,Yes,No,1
CUST-02207,46,Month-to-month,DSL,22.09,1001.68,No,No,Yes,Electronic check,4,0,No,No,1
CUST-02208,8,Month-to-month,Fiber optic,51.95,459.21,Yes,Yes,No,Electronic check,4,0,No,Yes,0
CUST-02209,57,One year,Fiber optic,42.22,2564.82,No,No,No,Bank transfer,1,0,No,No,0
CUST-02210,33,Month-to-month,DSL,95.62,3095.32,No,No,Yes,Mailed check,3,0,No,Yes,1
CUST-02211,39,Month-to-month,DSL,55.41,2220.09,No,No,Yes,Bank transfer,1,0,Yes,No,0
CUST-02212,0,Month-to-month,No,86.14,88.16,Yes,Yes,Yes,Mailed check,1,0,No,No,1
CUST-02213,72,Month-to-month,No,78.4,5438.81,No,Yes,Yes,Mailed check,2,1,Yes,No,0
CUST-02214,31,Month-to-month,DSL,43.44,1444.97,No,No,No,Bank transfer,2,0,Yes,No,0
CUST-02215,8,One year,Fiber optic,50.33,430.7,No,No,Yes,Electronic check,4,0,Yes,No,1
CUST-02216,42,One year,DSL,97.35,4376.39,No,No,Yes,Mailed check,1,0,Yes,No,0
CUST-02217,7,One year,DSL,45.61,328.51,Yes,No,No,Credit card,2,0,No,No,0
CUST-02218,49,Two year,Fiber optic,68.12,3389.4,No,No,Yes,Electronic check,0,0,No,No,0
CUST-02219,2,Two year,Fiber optic,45.44,138.84,No,No,No,Electronic check,1,0,No,Yes,0
CUST-02220,29,Two year,Fiber optic,57.15,1615.07,No,No,Yes,Electronic check,2,0,No,No,0
CUST-02221,18,Month-to-month,Fiber optic,63.85,1113.13,Yes,Yes,Yes,Electronic check,0,1,No,No,1
CUST-02222,2,Month-to-month,Fiber optic,45.43,123.16,No,No,Yes,Electronic check,3,1,No,No,1
CUST-02223,6,Month-to-month,DSL,40.99,261.44,No,No,Yes,Electronic check,2,0,Yes,No,1
CUST-02224,0,Two year,DSL,72.16,70.82,Yes,Yes,Yes,Electronic check,0,0,No,No,0
CUST-02225,15,Two year,DSL,43.88,720.25,Yes,No,Yes,Mailed check,1,1,No,Yes,0
CUST-02226,8,Two year,Fiber optic,44.73,366.13,No,No,Yes,Electronic check,3,0,No,No,0
CUST-02227,21,Month-to-month,Fiber optic,41.52,837.6,No,Yes,Yes,Bank transfer,2,0,No,No,1
CUST-02228,8,Two year,DSL,63.05,511.14,Yes,Yes,Yes,Bank transfer,2,0,Yes,No,0
CUST-02229,8,Month-to-month,Fiber optic,88.59,751.34,Yes,No,Yes,Mailed check,2,0,Yes,Yes,1
CUST-02230,32,Month-to-month,DSL,102.66,3517.15,Yes,No,No,Credit card,2,0,Yes,Yes,1
CUST-02231,1,Month-to-month,No,46.85,88.21,Yes,No,No,Bank transfer,2,0,Yes,No,1
CUST-02232,55,Month-to-month,Fiber optic,118.76,6425.25,No,No,No,Bank transfer,1,0,No,No,0
CUST-02233,45,Month-to-month,Fiber optic,39.88,1700.28,Yes,Yes,No,Electronic check,0,1,No,Yes,0
CUST-02234,26,Month-to-month,DSL,92.09,2281.16,Yes,Yes,No,Credit card,3,1,Yes,Yes,0
CUST-02235,21,Month-to-month,No,46.96,958.07,No,Yes,Yes,Credit card,1,0,Yes,No,0
CUST-02236,53,One year,DSL,43.23,2174.66,Yes,No,Yes,Electronic check,0,0,No,No,1
CUST-02237,4,Two year,No,46.38,213.24,No,No,Yes,Bank transfer,2,0,Yes,Yes,1
CUST-02238,1,One year,Fiber optic,63.69,129.77,No,Yes,No,Bank transfer,2,0,Yes,Yes,1
CUST-02239,6,Month-to-month,No,79.5,540.69,No,No,No,Electronic check,2,0,Yes,Yes,0
CUST-02240,37,Two year,Fiber optic,81.75,3047.37,No,No,Yes,Mailed check,1,0,Yes,No,0
CUST-02241,0,Two year,Fiber optic,41.4,39.59,No,Yes,Yes,Electronic check,4,0,No,No,1
CUST-02242,20,Month-to-month,No,40.26,787.64,Yes,No,No,Electronic check,2,0,No,No,0
CUST-02243,72,Month-to-month,No,42.08,2807.92,No,No,Yes,Electronic check,2,0,No,No,0
CUST-02244,46,Month-to-month,Fiber optic,62.22,2665.21,No,Yes,Yes,Bank transfer,2,1,Yes,No,0
CUST-02245,17,Month-to-month,Fiber optic,59.75,997.82,Yes,No,Yes,Bank transfer,2,0,No,No,1
CUST-02246,1,One year,Fiber optic,41.25,84.77,No,Yes,No,Credit card,1,0,Yes,No,0
CUST-02247,42,Two year,Fiber optic,71.74,2876.54,No,Yes,Yes,Mailed check,2,0,Yes,No,0
CUST-02248,21,Month-to-month,Fiber optic,120.0,2516.51,Yes,Yes,Yes,Electronic check,2,0,Yes,Yes,1
CUST-02249,2,Two year,No,52.38,154.93,No,No,Yes,Electronic check,1,1,Yes,Yes,0
CUST-02250,2,Two year,DSL,54.16,158.7,No,No,Yes,Credit card,1,0,Yes,No,0
CUST-02251,57,Two year,DSL,78.99,4580.84,No,No,Yes,Mailed check,2,0,No,No,0
CUST-02252,26,Month-to-month,DSL,51.03,1280.19,No,No,Yes,Bank transfer,0,0,Yes,No,0
CUST-02253,42,Two year,DSL,81.72,3438.79,No,No,Yes,Electronic check,2,0,Yes,Yes,0
CUST-02254,50,Month-to-month,DSL,47.04,2435.42,Yes,No,Yes,Mailed check,1,0,No,Yes,0
CUST-02255,20,One year,DSL,110.8,2229.37,Yes,No,Yes,Electronic check,0,0,No,No,0
CUST-02256,17,Month-to-month,Fiber optic,73.62,1385.83,Yes,No,Yes,Electronic check,1,0,Yes,No,0
CUST-02257,13,Month-to-month,DSL,49.5,683.78,No,Yes,No,Bank transfer,2,0,No,No,0
CUST-02258,9,One year,DSL,50.28,503.42,No,No,Yes,Mailed check,2,0,No,No,1
CUST-02259,13,Month-to-month,No,52.16,707.5,No,No,Yes,Electronic check,1,0,Yes,No,1
CUST-02260,35,Month-to-month,No,99.32,3678.06,No,No,No,Credit card,2,0,No,No,0
CUST-02261,22,Month-to-month,Fiber optic,33.28,740.73,No,Yes,Yes,Mailed check,2,1,Yes,No,0
CUST-02262,53,One year,DSL,48.3,2716.03,No,No,Yes,Electronic check,1,0,No,No,0
CUST-02263,14,Month-to-month,Fiber optic,50.96,723.22,Yes,No,Yes,Credit card,2,0,Yes,Yes,1
CUST-02264,22,Two year,DSL,64.61,1530.42,No,No,No,Electronic check,0,0,Yes,No,0
CUST-02265,23,Month-to-month,Fiber optic,58.22,1391.56,No,Yes,No,Credit card,1,0,Yes,No,0
CUST-02266,21,Month-to-month,Fiber optic,27.72,621.95,No,Yes,Yes,Credit card,1,0,No,No,0
CUST-02267,29,Month-to-month,Fiber optic,55.0,1494.33,Yes,No,No,Electronic check,2,0,Yes,No,1
CUST-02268,6,Month-to-month,DSL,62.51,412.01,No,No,Yes,Mailed check,2,0,No,No,1
CUST-02269,17,Month-to-month,Fiber optic,49.3,911.41,No,No,No,Electronic check,2,0,No,Yes,0
CUST-02270,2,Month-to-month,No,82.17,233.63,Yes,No,Yes,Mailed check,2,0,No,No,1
CUST-02271,11,Two year,Fiber optic,87.99,1063.16,Yes,Yes,No,Bank transfer,1,0,Yes,No,0
CUST-02272,16,One year,No,63.04,1124.01,Yes,No,Yes,Electronic check,2,0,Yes,Yes,1
CUST-02273,25,Month-to-month,DSL,70.76,1704.68,No,No,Yes,Electronic check,3,0,Yes,No,0
CUST-02274,72,Month-to-month,Fiber optic,18.0,1264.9,Yes,No,Yes,Mailed check,2,1,No,Yes,0
CUST-02275,22,Two year,Fiber optic,54.47,1158.56,No,No,No,Mailed check,2,0,Yes,No,0
CUST-02276,32,Month-to-month,DSL,90.12,2745.39,No,No,No,Bank transfer,3,0,No,No,0
CUST-02277,16,Month-to-month,DSL,54.41,920.3,No,No,Yes,Bank transfer,1,0,Yes,Yes,1
CUST-02278,24,One year,DSL,46.57,1081.25,No,No,No,Bank transfer,1,0,No,No,0
CUST-02279,1,One year,Fiber optic,120.0,233.38,Yes,No,No,Credit card,0,0,Yes,No,1
CUST-02280,7,One year,DSL,110.48,925.11,No,No,No,Electronic check,1,0,No,Yes,0
CUST-02281,10,Month-to-month,No,76.69,801.38,Yes,Yes,Yes,Bank transfer,3,0,No,No,0
CUST-02282,15,Month-to-month,Fiber optic,93.47,1541.95,No,No,Yes,Mailed check,1,1,No,No,1
CUST-02283,1,One year,Fiber optic,18.0,34.54,Yes,No,Yes,Credit card,0,0,No,Yes,0
CUST-02284,3,Month-to-month,Fiber optic,45.31,170.26,No,No,Yes,Mailed check,0,0,No,No,1
CUST-02285,7,Month-to-month,DSL,53.25,404.89,No,No,No,Credit card,0,0,No,Yes,0
CUST-02286,72,Month-to-month,DSL,59.1,3965.5,No,No,No,Bank transfer,2,0,No,No,0
CUST-02287,9,Month-to-month,Fiber optic,52.75,528.47,No,No,No,Bank transfer,3,0,No,No,0
CUST-02288,15,Two year,Fiber optic,18.0,281.19,Yes,Yes,Yes,Mailed check,0,0,No,No,0
CUST-02289,5,Two year,Fiber optic,74.65,444.35,Yes,No,No,Mailed check,0,0,No,No,0
CUST-02290,22,One year,Fiber optic,78.59,1708.99,No,Yes,Yes,Mailed check,1,0,No,Yes,0
CUST-02291,7,Month-to-month,Fiber optic,105.05,838.74,No,No,No,Electronic check,1,1,No,No,1
CUST-02292,5,Month-to-month,No,45.29,251.28,No,No,Yes,Credit card,1,0,Yes,Yes,1
CUST-02293,17,Month-to-month,DSL,43.25,776.84,Yes,Yes,No,Bank transfer,1,0,No,No,1
CUST-02294,0,Month-to-month,Fiber optic,18.0,16.42,No,No,No,Credit card,4,0,Yes,Yes,0
CUST-02295,0,Two year,No,57.66,55.36,No,No,No,Mailed check,1,0,No,Yes,0
CUST-02296,5,Month-to-month,DSL,87.53,520.7,No,No,Yes,Electronic check,4,0,No,No,1
CUST-02297,0,Month-to-month,DSL,49.71,51.12,No,Yes,Yes,Bank transfer,1,0,No,No,0
CUST-02298,2,Month-to-month,Fiber optic,118.59,363.55,No,No,Yes,Mailed check,1,0,No,No,1
CUST-02299,9,One year,Fiber optic,58.59,573.62,Yes,No,Yes,Credit card,2,0,No,Yes,1
CUST-02300,38,Month-to-month,No,68.67,2765.18,Yes,Yes,No,Bank transfer,2,1,Yes,No,0
CUST-02301,20,Month-to-month,DSL,30.92,633.66,No,No,No,Electronic check,3,0,No,No,0
CUST-02302,17,Month-to-month,Fiber optic,72.18,1270.1,No,Yes,Yes,Bank transfer,1,1,Yes,No,1
CUST-02303,8,Two year,DSL,18.0,163.31,No,Yes,Yes,Bank transfer,1,0,No,No,0
CUST-02304,64,Month-to-month,No,82.34,5521.59,No,No,No,Bank transfer,2,0,No,No,0
CUST-02305,12,Two year,Fiber optic,83.11,1070.07,No,Yes,Yes,Mailed check,2,0,Yes,No,0
CUST-02306,2,Two year,DSL,98.98,309.3,No,No,Yes,Electronic check,5,1,No,Yes,1
CUST-02307,23,Month-to-month,No,39.5,886.27,No,No,No,Electronic check,2,1,Yes,No,0
CUST-02308,2,One year,Fiber optic,69.01,215.03,Yes,No,No,Bank transfer,0,1,Yes,No,0
CUST-02309,10,Month-to-month,DSL,79.1,812.02,No,Yes,Yes,Electronic check,2,0,Yes,No,0
CUST-02310,16,Two year,DSL,76.06,1265.82,No,No,Yes,Bank transfer,3,1,No,Yes,0
CUST-02311,49,Month-to-month,DSL,43.37,2210.58,Yes,Yes,Yes,Mailed check,0,0,No,No,0
CUST-02312,16,Month-to-month,Fiber optic,18.0,312.19,No,No,Yes,Credit card,0,0,No,Yes,0
CUST-02313,29,Month-to-month,Fiber optic,73.67,2081.3,No,No,Yes,Credit card,3,0,Yes,No,1
CUST-02314,72,Month-to-month,DSL,61.19,4680.76,No,No,Yes,Bank transfer,1,0,Yes,No,0
CUST-02315,3,Two year,Fiber optic,50.83,185.45,Yes,No,No,Mailed check,0,0,No,Yes,0
CUST-02316,7,Month-to-month,Fiber optic,84.1,609.03,Yes,No,No,Mailed check,1,1,No,No,1
CUST-02317,12,One year,Fiber optic,63.88,852.22,Yes,Yes,No,Electronic check,1,0,No,Yes,1
CUST-02318,13,Month-to-month,Fiber optic,32.02,458.52,Yes,No,Yes,Electronic check,0,0,No,No,0
CUST-02319,12,Two year,No,18.0,235.62,No,No,Yes,Bank transfer,1,0,Yes,Yes,0
CUST-02320,57,Month-to-month,Fiber optic,36.78,2192.15,Yes,No,No,Credit card,0,0,Yes,No,0
CUST-02321,30,Month-to-month,No,120.0,3424.76,No,Yes,No,Electronic check,1,0,Yes,Yes,0
CUST-02322,22,Month-to-month,Fiber optic,83.07,1746.97,Yes,Yes,No,Mailed check,3,0,Yes,No,1
CUST-02323,8,One year,DSL,69.72,655.97,Yes,Yes,No,Bank transfer,2,0,No,Yes,0
CUST-02324,41,Month-to-month,Fiber optic,60.46,2523.16,No,Yes,No,Credit card,2,0,No,No,0
CUST-02325,72,Month-to-month,DSL,58.82,4456.93,No,No,Yes,Electronic check,1,0,No,No,0
CUST-02326,41,Month-to-month,DSL,94.18,4097.83,No,No,Yes,Electronic check,1,0,Yes,Yes,0
CUST-02327,0,One year,Fiber optic,52.74,52.63,No,Yes,Yes,Credit card,1,0,Yes,No,0
CUST-02328,24,Month-to-month,No,79.42,1974.13,No,No,No,Electronic check,2,1,No,No,1
CUST-02329,1,One year,Fiber optic,56.29,107.4,No,No,Yes,Bank transfer,1,0,No,No,0
CUST-02330,7,Month-to-month,DSL,113.5,837.51,No,No,No,Bank transfer,2,1,No,No,0
CUST-02331,1,Two year,No,83.56,167.62,Yes,No,Yes,Mailed check,1,0,No,No,0
CUST-02332,22,Two year,No,96.14,2261.37,No,Yes,No,Mailed check,1,0,Yes,No,0
CUST-02333,27,Month-to-month,No,50.39,1385.09,Yes,Yes,Yes,Credit card,2,1,No,No,1
CUST-02334,2,Month-to-month,Fiber optic,91.45,249.01,No,No,Yes,Electronic check,0,0,Yes,No,0
CUST-02335,11,Month-to-month,Fiber optic,57.19,632.57,Yes,Yes,No,Electronic check,1,0,No,No,1
CUST-02336,14,Month-to-month,Fiber optic,67.75,930.17,No,Yes,Yes,Mailed check,2,0,No,No,1
CUST-02337,11,Month-to-month,DSL,105.88,1268.88,No,No,Yes,Mailed check,3,0,No,No,1
CUST-02338,3,One year,DSL,38.93,153.34,Yes,Yes,Yes,Bank transfer,1,0,No,No,0
CUST-02339,13,Month-to-month,Fiber optic,70.08,951.66,No,No,No,Credit card,2,1,No,No,1
CUST-02340,33,Two year,DSL,75.95,2534.56,Yes,No,No,Credit card,0,0,No,No,0
CUST-02341,1,Month-to-month,Fiber optic,78.0,146.86,Yes,No,No,Electronic check,2,0,No,Yes,1
CUST-02342,2,One year,Fiber optic,53.73,164.53,No,No,No,Electronic check,1,0,Yes,Yes,0
CUST-02343,10,Month-to-month,DSL,117.16,1223.4,No,Yes,No,Electronic check,3,0,No,No,1
CUST-02344,68,Month-to-month,DSL,32.63,2243.92,No,No,Yes,Credit card,2,0,No,No,1
CUST-02345,26,Month-to-month,No,101.47,2626.35,No,No,Yes,Mailed check,0,0,No,No,0
CUST-02346,27,Month-to-month,Fiber optic,95.38,2432.49,No,No,Yes,Mailed check,2,0,No,Yes,1
CUST-02347,10,Month-to-month,DSL,112.52,1161.65,No,Yes,Yes,Credit card,1,0,Yes,No,1
CUST-02348,21,One year,Fiber optic,25.29,581.29,No,No,No,Mailed check,5,1,No,No,1
CUST-02349,0,Two year,Fiber optic,43.28,40.19,Yes,No,Yes,Electronic check,0,0,Yes,Yes,0
CUST-02350,24,Month-to-month,DSL,102.3,2342.0,Yes,Yes,Yes,Mailed check,1,0,No,No,0
CUST-02351,58,Month-to-month,No,18.07,1006.08,Yes,Yes,Yes,Bank transfer,3,0,No,No,0
CUST-02352,22,Month-to-month,Fiber optic,24.84,589.42,No,Yes,Yes,Bank transfer,3,0,No,Yes,0
CUST-02353,49,Month-to-month,Fiber optic,52.79,2496.71,Yes,No,No,Bank transfer,2,0,No,No,0
CUST-02354,30,Month-to-month,DSL,69.8,2082.89,Yes,Yes,Yes,Electronic check,1,0,Yes,Yes,0
CUST-02355,3,One year,Fiber optic,104.81,396.82,No,No,No,Electronic check,0,1,No,No,0
CUST-02356,55,Two year,No,60.37,3544.16,Yes,No,Yes,Bank transfer,0,0,Yes,No,0
CUST-02357,1,Two year,DSL,49.79,104.56,No,No,No,Credit card,0,0,No,Yes,0
CUST-02358,18,Month-to-month,Fiber optic,72.78,1344.68,Yes,No,Yes,Electronic check,1,0,No,No,0
CUST-02359,3,Two year,DSL,76.74,312.4,Yes,No,Yes,Electronic check,1,0,No,No,0
CUST-02360,0,One year,DSL,76.03,70.94,Yes,No,No,Bank transfer,4,0,No,No,0
CUST-02361,13,Month-to-month,Fiber optic,60.55,810.52,No,No,Yes,Mailed check,2,0,No,No,1
CUST-02362,8,Month-to-month,DSL,18.0,162.31,No,No,Yes,Electronic check,1,1,Yes,No,0
CUST-02363,15,Two year,Fiber optic,42.06,634.57,Yes,Yes,Yes,Mailed check,3,0,Yes,No,0
CUST-02364,20,Month-to-month,DSL,100.51,1970.78,Yes,Yes,Yes,Credit card,2,0,Yes,Yes,0
CUST-02365,1,Month-to-month,Fiber optic,69.68,144.7,No,Yes,No,Bank transfer,1,0,No,Yes,0
CUST-02366,3,Month-to-month,No,56.94,213.33,No,No,Yes,Mailed check,0,1,No,Yes,1
CUST-02367,19,One year,Fiber optic,92.95,1689.63,No,Yes,No,Credit card,0,0,No,No,0
CUST-02368,10,Month-to-month,Fiber optic,36.75,409.37,No,No,Yes,Electronic check,2,0,No,No,1
CUST-02369,31,Two year,No,59.37,1779.18,No,No,Yes,Mailed check,0,0,No,Yes,0
CUST-02370,25,One year,Fiber optic,68.44,1721.66,No,Yes,Yes,Mailed check,1,0,Yes,Yes,1
CUST-02371,44,One year,Fiber optic,53.97,2226.42,No,No,No,Mailed check,3,0,No,No,0
CUST-02372,28,Month-to-month,Fiber optic,67.52,1782.4,No,No,Yes,Credit card,2,1,No,No,1
CUST-02373,13,One year,Fiber optic,60.31,818.22,Yes,No,No,Electronic check,1,0,Yes,No,1
CUST-02374,26,Month-to-month,No,30.02,770.47,Yes,No,Yes,Electronic check,1,0,No,No,1
CUST-02375,7,Month-to-month,DSL,69.54,542.91,Yes,No,No,Credit card,5,0,No,No,0
CUST-02376,8,Month-to-month,Fiber optic,31.79,298.95,Yes,Yes,No,Electronic check,1,0,Yes,Yes,0
CUST-02377,37,Month-to-month,DSL,69.14,2525.14,Yes,Yes,Yes,Mailed check,2,0,Yes,No,0
CUST-02378,14,One year,DSL,99.35,1475.94,Yes,No,No,Mailed check,2,0,Yes,No,0
CUST-02379,38,Month-to-month,No,57.97,2067.84,No,No,Yes,Credit card,2,1,No,No,0
CUST-02380,41,Month-to-month,Fiber optic,35.71,1549.15,No,Yes,Yes,Mailed check,3,0,Yes,No,0
CUST-02381,46,Month-to-month,DSL,61.83,2966.69,No,Yes,Yes,Mailed check,0,0,Yes,No,0
CUST-02382,59,Two year,DSL,44.2,2594.61,No,No,No,Bank transfer,2,0,Yes,Yes,0
CUST-02383,13,One year,DSL,79.86,1036.99,Yes,Yes,Yes,Credit card,4,0,Yes,No,0
CUST-02384,9,One year,DSL,61.3,590.87,No,No,Yes,Credit card,1,0,No,No,0
CUST-02385,20,Month-to-month,Fiber optic,107.74,2137.21,No,No,No,Electronic check,3,0,No,No,1
CUST-02386,11,Month-to-month,DSL,94.07,1184.35,Yes,Yes,Yes,Credit card,1,0,Yes,Yes,1
CUST-02387,22,Two year,DSL,61.17,1369.8,Yes,No,Yes,Credit card,0,0,No,No,0
CUST-02388,29,Month-to-month,No,82.89,2395.53,Yes,Yes,No,Bank transfer,0,0,Yes,No,0
CUST-02389,27,Month-to-month,Fiber optic,55.17,1429.46,Yes,No,Yes,Bank transfer,2,0,Yes,Yes,0
CUST-02390,11,One year,DSL,65.85,739.52,Yes,No,Yes,Mailed check,2,0,Yes,Yes,0
CUST-02391,4,Month-to-month,No,55.96,281.69,Yes,No,No,Bank transfer,2,1,No,Yes,0
CUST-02392,13,Two year,DSL,84.16,1154.95,Yes,No,Yes,Bank transfer,0,0,Yes,No,0
CUST-02393,3,Month-to-month,No,100.82,384.61,Yes,Yes,Yes,Electronic check,3,1,No,No,1
CUST-02394,52,Month-to-month,No,84.97,4253.71,No,No,Yes,Electronic check,5,0,Yes,Yes,0
CUST-02395,10,Month-to-month,Fiber optic,88.05,900.86,Yes,No,No,Electronic check,0,0,Yes,No,0
CUST-02396,4,Month-to-month,DSL,88.08,398.6,Yes,Yes,Yes,Credit card,4,1,No,No,1
CUST-02397,0,Two year,Fiber optic,78.78,82.45,No,Yes,Yes,Bank transfer,2,0,No,Yes,0
CUST-02398,24,One year,DSL,36.52,924.84,No,Yes,Yes,Mailed check,1,1,Yes,No,1
CUST-02399,24,Month-to-month,Fiber optic,107.52,2793.32,Yes,Yes,Yes,Credit card,4,0,Yes,No,1
CUST-02400,9,Month-to-month,DSL,110.11,1059.13,No,No,No,Bank transfer,3,0,No,No,1
CUST-02401,1,One year,DSL,59.15,121.9,Yes,Yes,Yes,Credit card,3,0,Yes,No,1
CUST-02402,12,One year,Fiber optic,55.73,679.89,Yes,No,No,Electronic check,3,0,Yes,Yes,0
CUST-02403,8,Month-to-month,Fiber optic,80.31,705.79,Yes,Yes,Yes,Mailed check,2,1,Yes,No,1
CUST-02404,27,Month-to-month,No,78.77,2051.99,No,Yes,Yes,Bank transfer,3,0,No,Yes,1
CUST-02405,22,Month-to-month,Fiber optic,59.95,1400.29,Yes,Yes,Yes,Electronic check,2,0,Yes,No,1
CUST-02406,10,One year,Fiber optic,33.75,361.84,No,Yes,Yes,Electronic check,0,0,No,No,0
CUST-02407,5,Two year,Fiber optic,72.64,427.32,Yes,No,Yes,Mailed check,0,0,No,No,0
CUST-02408,72,Month-to-month,No,78.79,5918.0,No,No,No,Bank transfer,1,0,No,No,0
CUST-02409,14,One year,No,83.15,1260.82,Yes,Yes,No,Mailed check,0,0,No,No,0
CUST-02410,27,Month-to-month,DSL,73.73,2157.22,No,No,Yes,Mailed check,2,0,No,No,1
CUST-02411,3,Month-to-month,No,58.22,223.75,No,No,No,Mailed check,1,0,No,No,0
CUST-02412,15,Month-to-month,Fiber optic,89.85,1393.35,No,No,No,Electronic check,0,1,Yes,No,1
CUST-02413,0,Two year,No,66.65,66.14,Yes,No,Yes,Credit card,0,0,Yes,No,0
CUST-02414,16,Month-to-month,Fiber optic,53.38,878.42,No,No,Yes,Electronic check,4,0,Yes,Yes,1
CUST-02415,72,Month-to-month,Fiber optic,60.48,4251.43,No,No,No,Bank transfer,2,0,No,Yes,0
CUST-02416,11,Month-to-month,Fiber optic,21.35,243.67,Yes,No,Yes,Electronic check,2,0,No,No,0
CUST-02417,0,Month-to-month,DSL,60.44,61.94,No,Yes,No,Mailed check,1,0,No,No,0
CUST-02418,0,Month-to-month,DSL,82.21,80.57,No,No,No,Credit card,1,0,No,No,0
CUST-02419,11,One year,Fiber optic,73.49,874.04,No,No,Yes,Credit card,1,0,Yes,No,0
CUST-02420,4,Month-to-month,No,103.02,479.36,Yes,No,No,Mailed check,0,0,No,No,0
CUST-02421,0,One year,Fiber optic,58.43,54.79,No,No,Yes,Electronic check,0,0,Yes,Yes,1
CUST-02422,33,Month-to-month,Fiber optic,77.18,2495.46,Yes,No,Yes,Electronic check,1,0,No,No,1
CUST-02423,14,Month-to-month,DSL,84.82,1233.88,No,No,Yes,Electronic check,1,0,No,No,1
CUST-02424,8,Month-to-month,DSL,120.0,979.12,No,No,Yes,Bank transfer,0,1,No,No,1
CUST-02425,55,Month-to-month,No,68.62,3970.52,No,No,Yes,Mailed check,3,0,No,No,1
CUST-02426,2,Month-to-month,DSL,38.9,120.85,Yes,No,Yes,Bank transfer,1,0,Yes,Yes,1
CUST-02427,72,Month-to-month,DSL,86.2,6287.89,No,Yes,No,Bank transfer,0,0,Yes,No,0
CUST-02428,9,One year,Fiber optic,111.64,1057.69,Yes,Yes,Yes,Electronic check,4,0,No,No,0
CUST-02429,52,One year,DSL,56.94,2890.46,No,No,Yes,Bank transfer,1,1,No,Yes,0
CUST-02430,22,Month-to-month,No,86.03,1998.69,No,Yes,Yes,Credit card,1,0,No,No,0
CUST-02431,42,Month-to-month,Fiber optic,95.72,3881.12,No,No,Yes,Bank transfer,1,0,No,No,0
CUST-02432,72,Month-to-month,No,90.43,6544.21,Yes,No,Yes,Credit card,1,1,Yes,No,0
CUST-02433,8,Month-to-month,DSL,68.14,635.3,Yes,No,No,Bank transfer,4,0,No,No,0
CUST-02434,72,Month-to-month,Fiber optic,47.54,3337.04,Yes,No,Yes,Bank transfer,0,0,No,Yes,0
CUST-02435,11,Two year,No,62.97,746.62,No,No,No,Credit card,2,0,No,No,0
CUST-02436,11,Month-to-month,DSL,76.47,953.69,Yes,No,Yes,Bank transfer,2,0,No,No,0
CUST-02437,9,Month-to-month,Fiber optic,87.71,834.2,No,No,No,Mailed check,2,0,Yes,Yes,0
CUST-02438,18,Month-to-month,Fiber optic,73.35,1413.09,No,No,Yes,Mailed check,1,0,Yes,Yes,1
CUST-02439,4,Month-to-month,Fiber optic,55.5,281.18,Yes,No,Yes,Credit card,3,0,Yes,No,1
CUST-02440,19,One year,No,78.88,1639.56,Yes,No,No,Electronic check,3,0,Yes,Yes,0
CUST-02441,18,Month-to-month,DSL,86.5,1690.81,Yes,No,Yes,Mailed check,2,0,No,Yes,0
CUST-02442,34,Month-to-month,No,74.49,2639.28,Yes,No,No,Mailed check,1,0,No,No,0
CUST-02443,43,One year,Fiber optic,44.1,1931.62,No,Yes,No,Bank transfer,3,0,Yes,Yes,0
CUST-02444,13,Month-to-month,Fiber optic,60.46,792.42,No,Yes,Yes,Bank transfer,2,0,Yes,No,0
CUST-02445,8,One year,Fiber optic,88.7,798.78,No,No,No,Mailed check,2,0,Yes,Yes,1
CUST-02446,7,One year,DSL,30.42,229.12,Yes,No,No,Electronic check,3,0,No,No,0
CUST-02447,5,Month-to-month,No,18.0,104.33,No,No,Yes,Credit card,0,0,No,No,1
CUST-02448,1,One year,DSL,102.7,206.73,Yes,Yes,Yes,Bank transfer,1,1,No,Yes,0
CUST-02449,10,Month-to-month,Fiber optic,77.79,856.75,Yes,No,Yes,Credit card,0,0,No,No,1
CUST-02450,7,Month-to-month,No,80.17,615.82,No,Yes,Yes,Electronic check,3,0,Yes,No,1
CUST-02451,72,Month-to-month,DSL,38.08,2578.03,No,No,Yes,Bank transfer,2,0,Yes,No,0
CUST-02452,19,Month-to-month,Fiber optic,83.44,1623.11,Yes,No,No,Bank transfer,0,0,No,No,0
CUST-02453,10,One year,No,71.88,743.63,No,No,No,Mailed check,2,0,No,Yes,0
CUST-02454,20,Two year,Fiber optic,25.39,500.3,No,Yes,No,Credit card,0,0,Yes,No,0
CUST-02455,3,Two year,Fiber optic,100.61,381.92,No,No,No,Electronic check,2,0,Yes,No,0
CUST-02456,14,One year,Fiber optic,68.97,1040.69,Yes,No,Yes,Bank transfer,2,0,Yes,No,0
CUST-02457,23,Month-to-month,DSL,55.1,1288.8,No,No,Yes,Bank transfer,1,0,No,No,0
CUST-02458,16,Month-to-month,Fiber optic,55.55,902.78,No,No,No,Mailed check,1,1,No,No,1
CUST-02459,12,Month-to-month,Fiber optic,18.0,242.21,No,No,Yes,Bank transfer,1,0,Yes,Yes,0
CUST-02460,72,Month-to-month,Fiber optic,79.83,5862.66,No,Yes,No,Electronic check,1,0,No,No,0
CUST-02461,50,Month-to-month,DSL,71.55,3554.9,No,Yes,Yes,Bank transfer,0,0,Yes,No,0
CUST-02462,23,Two year,No,60.15,1390.47,No,No,Yes,Electronic check,1,0,No,No,0
CUST-02463,20,Month-to-month,DSL,96.96,2082.65,Yes,No,Yes,Mailed check,1,1,Yes,Yes,0
CUST-02464,23,Month-to-month,Fiber optic,30.4,675.56,No,Yes,Yes,Electronic check,1,0,No,No,1
CUST-02465,5,Month-to-month,Fiber optic,50.08,300.37,Yes,No,Yes,Mailed check,1,0,Yes,Yes,1
CUST-02466,12,Two year,Fiber optic,43.75,513.67,Yes,No,Yes,Bank transfer,1,0,No,Yes,0
CUST-02467,0,One year,Fiber optic,58.03,52.29,No,Yes,Yes,Credit card,0,1,Yes,No,0
CUST-02468,15,One year,DSL,66.69,1109.47,Yes,Yes,Yes,Mailed check,0,0,Yes,No,0
CUST-02469,18,Month-to-month,DSL,75.75,1406.29,No,No,Yes,Electronic check,1,0,Yes,No,0
CUST-02470,6,Two year,DSL,56.33,373.52,No,No,Yes,Mailed check,0,0,No,No,0
CUST-02471,72,Month-to-month,DSL,43.07,3204.49,No,Yes,No,Bank transfer,0,0,Yes,No,0
CUST-02472,57,Two year,Fiber optic,107.15,6511.29,No,Yes,Yes,Electronic check,0,1,Yes,Yes,0
CUST-02473,30,Month-to-month,Fiber optic,120.0,3367.2,Yes,No,Yes,Mailed check,0,0,No,No,0
CUST-02474,18,Month-to-month,DSL,68.58,1180.14,No,Yes,No,Bank transfer,1,0,No,No,0
CUST-02475,48,Month-to-month,Fiber optic,46.08,2321.63,No,No,No,Electronic check,1,0,Yes,No,0
CUST-02476,3,One year,Fiber optic,101.89,400.84,Yes,No,Yes,Electronic check,2,0,Yes,No,1
CUST-02477,37,Month-to-month,Fiber optic,28.83,1131.05,Yes,No,Yes,Electronic check,0,1,No,Yes,1
CUST-02478,3,Two year,Fiber optic,56.63,227.47,Yes,No,Yes,Mailed check,0,0,No,No,0
CUST-02479,37,Month-to-month,Fiber optic,47.6,1755.6,No,No,Yes,Electronic check,3,0,No,No,1
CUST-02480,7,Month-to-month,No,36.01,266.24,No,Yes,No,Bank transfer,0,0,Yes,No,0
CUST-02481,50,Month-to-month,No,58.0,2835.18,Yes,No,No,Electronic check,3,1,No,No,1
CUST-02482,69,Month-to-month,Fiber optic,43.4,3092.9,No,No,No,Mailed check,2,0,Yes,No,0
CUST-02483,3,Month-to-month,Fiber optic,65.32,244.32,Yes,Yes,No,Electronic check,4,0,Yes,Yes,1
CUST-02484,14,Month-to-month,DSL,65.68,991.95,No,Yes,Yes,Bank transfer,1,0,Yes,No,0
CUST-02485,72,One year,Fiber optic,49.47,3384.16,No,No,No,Credit card,3,0,No,No,0
CUST-02486,15,Month-to-month,Fiber optic,55.74,864.67,Yes,Yes,Yes,Bank transfer,1,0,No,No,0
CUST-02487,47,Two year,Fiber optic,59.23,2595.17,No,No,Yes,Mailed check,1,1,No,No,0
CUST-02488,21,One year,Fiber optic,85.25,1815.95,No,No,No,Bank transfer,1,0,Yes,No,0
CUST-02489,11,Two year,DSL,61.29,729.53,No,No,Yes,Electronic check,3,0,No,No,1
CUST-02490,8,Month-to-month,No,85.62,758.63,Yes,No,Yes,Electronic check,0,0,Yes,No,1
CUST-02491,5,Month-to-month,Fiber optic,79.65,459.25,Yes,No,No,Electronic check,2,1,No,Yes,0
CUST-02492,34,Month-to-month,Fiber optic,79.29,2651.53,Yes,Yes,Yes,Electronic check,3,0,No,Yes,0
CUST-02493,11,One year,Fiber optic,99.7,1126.18,No,Yes,Yes,Electronic check,1,0,No,No,0
CUST-02494,17,Two year,Fiber optic,37.02,676.4,No,Yes,Yes,Mailed check,0,0,Yes,No,0
CUST-02495,16,Month-to-month,No,53.17,919.61,Yes,Yes,No,Electronic check,3,0,No,No,1
CUST-02496,20,Month-to-month,DSL,109.08,2227.58,No,No,Yes,Credit card,1,0,No,Yes,0
CUST-02497,48,Two year,DSL,58.57,2747.63,Yes,No,Yes,Credit card,3,0,No,No,0
CUST-02498,72,Month-to-month,DSL,18.0,1308.24,Yes,No,Yes,Credit card,4,1,No,No,0
CUST-02499,12,One year,No,59.93,766.36,No,No,No,Electronic check,2,0,Yes,Yes,0
CUST-02500,42,Month-to-month,No,68.37,2940.17,Yes,No,No,Credit card,3,0,No,No,0
CUST-02501,34,Two year,Fiber optic,18.0,595.92,Yes,No,Yes,Credit card,1,0,No,Yes,0
CUST-02502,20,Month-to-month,Fiber optic,98.35,2103.05,Yes,No,Yes,Credit card,0,0,Yes,No,0
CUST-02503,72,Month-to-month,DSL,47.16,3261.98,No,No,Yes,Mailed check,1,0,Yes,No,0
CUST-02504,5,One year,Fiber optic,73.21,422.92,No,No,Yes,Bank transfer,2,1,No,No,1
CUST-02505,2,Two year,No,59.35,163.78,No,Yes,Yes,Electronic check,0,0,Yes,No,0
CUST-02506,46,Month-to-month,DSL,32.79,1584.75,No,No,Yes,Electronic check,0,0,Yes,Yes,0
CUST-02507,13,Month-to-month,No,38.24,533.56,No,No,No,Electronic check,3,0,Yes,No,0
CUST-02508,45,One year,Fiber optic,41.62,1790.64,Yes,No,No,Credit card,0,0,No,Yes,0
CUST-02509,53,Two year,No,92.14,5113.67,No,No,Yes,Electronic check,2,1,Yes,No,0
CUST-02510,1,Two year,Fiber optic,61.31,123.32,No,No,Yes,Electronic check,1,1,No,No,0
CUST-02511,51,Two year,No,51.95,2610.44,No,No,Yes,Credit card,0,0,No,No,0
CUST-02512,14,Month-to-month,Fiber optic,41.63,654.72,No,No,Yes,Electronic check,0,1,No,No,1
CUST-02513,17,Month-to-month,DSL,94.9,1623.78,No,No,Yes,Credit card,2,0,No,Yes,0
CUST-02514,23,One year,DSL,101.61,2231.19,Yes,No,Yes,Bank transfer,5,0,Yes,Yes,0
CUST-02515,62,Two year,Fiber optic,94.62,6020.78,No,No,Yes,Electronic check,2,0,Yes,No,0
CUST-02516,0,Month-to-month,DSL,77.31,78.36,Yes,No,Yes,Electronic check,2,0,Yes,No,0
CUST-02517,15,Month-to-month,No,72.25,1050.62,No,Yes,No,Mailed check,2,0,No,No,0
CUST-02518,27,One year,Fiber optic,34.6,991.0,Yes,No,Yes,Credit card,2,0,No,No,1
CUST-02519,30,Month-to-month,DSL,58.85,1854.25,Yes,Yes,Yes,Credit card,3,0,Yes,No,1
CUST-02520,28,Month-to-month,Fiber optic,47.9,1443.89,No,No,Yes,Electronic check,1,0,Yes,No,1
CUST-02521,3,Month-to-month,No,19.36,71.07,Yes,Yes,No,Mailed check,5,1,Yes,No,1
CUST-02522,8,One year,DSL,91.43,814.74,No,No,Yes,Mailed check,1,0,No,No,1
CUST-02523,10,One year,Fiber optic,47.6,488.47,No,No,Yes,Bank transfer,1,0,Yes,No,0
CUST-02524,39,Month-to-month,Fiber optic,94.9,3643.84,No,No,No,Electronic check,0,1,Yes,No,0
CUST-02525,7,One year,DSL,87.04,654.38,Yes,No,No,Electronic check,0,1,Yes,No,1
CUST-02526,5,One year,Fiber optic,78.92,458.08,Yes,No,No,Bank transfer,0,0,Yes,No,0
CUST-02527,72,Month-to-month,Fiber optic,80.32,5376.3,Yes,No,Yes,Mailed check,5,0,No,Yes,0
CUST-02528,0,One year,DSL,49.62,46.92,No,Yes,No,Electronic check,1,1,Yes,No,1
CUST-02529,72,Month-to-month,Fiber optic,111.45,7408.81,No,No,No,Bank transfer,0,0,Yes,Yes,0
CUST-02530,27,Month-to-month,Fiber optic,66.08,1801.72,No,Yes,No,Bank transfer,1,0,No,Yes,1
CUST-02531,42,Month-to-month,DSL,72.55,2946.52,No,No,Yes,Mailed check,1,0,Yes,No,1
CUST-02532,8,Month-to-month,Fiber optic,48.77,433.9,No,Yes,Yes,Bank transfer,1,0,No,No,0
CUST-02533,0,Month-to-month,Fiber optic,41.72,40.4,No,No,No,Mailed check,0,0,Yes,No,0
CUST-02534,32,Two year,Fiber optic,76.93,2377.68,Yes,No,No,Bank transfer,1,0,Yes,No,0
CUST-02535,43,One year,DSL,70.44,2837.28,Yes,Yes,No,Credit card,0,0,Yes,No,0
CUST-02536,32,One year,DSL,45.27,1513.33,Yes,No,No,Bank transfer,2,0,Yes,No,0
CUST-02537,3,Month-to-month,DSL,29.04,115.58,Yes,No,Yes,Bank transfer,2,0,No,No,0
CUST-02538,33,Month-to-month,Fiber optic,33.25,1023.03,No,No,Yes,Bank transfer,1,0,Yes,No,1
CUST-02539,35,Month-to-month,Fiber optic,94.9,3581.77,No,No,No,Mailed check,1,1,Yes,No,1
CUST-02540,25,Month-to-month,Fiber optic,49.67,1286.74,No,No,No,Electronic check,1,1,Yes,No,1
CUST-02541,34,Month-to-month,Fiber optic,56.53,1842.18,No,No,No,Electronic check,1,0,Yes,No,0
CUST-02542,44,One year,No,101.26,4675.51,No,No,No,Bank transfer,3,0,Yes,No,0
CUST-02543,22,Two year,Fiber optic,36.95,877.31,No,Yes,Yes,Mailed check,0,0,Yes,Yes,1
CUST-02544,2,Month-to-month,Fiber optic,46.83,138.53,Yes,No,Yes,Mailed check,0,0,No,No,0
CUST-02545,16,Month-to-month,Fiber optic,45.78,803.81,Yes,No,No,Bank transfer,1,0,Yes,No,0
CUST-02546,1,One year,DSL,105.45,190.73,Yes,No,Yes,Electronic check,0,0,No,No,0
CUST-02547,12,Month-to-month,DSL,114.83,1555.15,Yes,No,No,Bank transfer,0,0,Yes,No,1
CUST-02548,12,Two year,DSL,83.79,989.69,No,Yes,No,Mailed check,2,1,Yes,Yes,0
CUST-02549,1,One year,No,84.58,168.54,No,Yes,Yes,Mailed check,2,0,No,Yes,0
CUST-02550,10,Two year,DSL,50.49,528.67,Yes,Yes,No,Electronic check,0,1,No,No,0
CUST-02551,2,Month-to-month,Fiber optic,113.68,308.95,No,No,Yes,Electronic check,3,0,Yes,Yes,1
CUST-02552,39,One year,Fiber optic,71.69,2980.56,No,No,No,Electronic check,1,0,Yes,No,0
CUST-02553,70,Month-to-month,DSL,86.33,5640.94,Yes,No,Yes,Mailed check,3,0,Yes,No,0
CUST-02554,1,One year,DSL,62.36,128.22,Yes,No,No,Mailed check,2,0,Yes,No,1
CUST-02555,72,Month-to-month,DSL,58.3,4041.2,No,No,No,Bank transfer,1,1,No,No,0
CUST-02556,17,Month-to-month,DSL,106.58,1939.88,No,No,Yes,Mailed check,1,0,No,Yes,1
CUST-02557,8,Month-to-month,DSL,78.49,662.71,Yes,No,No,Bank transfer,2,0,No,No,1
CUST-02558,1,Month-to-month,No,101.28,200.03,Yes,No,No,Bank transfer,3,0,Yes,No,0
CUST-02559,16,Two year,DSL,71.38,1237.65,Yes,No,No,Electronic check,2,1,No,No,0
CUST-02560,37,One year,DSL,43.79,1638.94,Yes,No,No,Electronic check,1,0,Yes,Yes,0
CUST-02561,29,One year,Fiber optic,50.42,1430.89,No,Yes,Yes,Electronic check,3,0,No,No,0
CUST-02562,1,Month-to-month,DSL,67.57,126.36,Yes,Yes,Yes,Credit card,1,0,Yes,No,0
CUST-02563,1,One year,No,49.34,91.4,Yes,No,Yes,Credit card,0,1,No,No,0
CUST-02564,12,Month-to-month,Fiber optic,37.31,497.55,Yes,No,No,Electronic check,2,0,Yes,No,0
CUST-02565,8,Two year,DSL,95.04,848.21,No,Yes,Yes,Bank transfer,2,0,No,No,0
CUST-02566,6,Two year,DSL,51.38,351.14,Yes,No,Yes,Credit card,3,0,No,No,0
CUST-02567,7,Month-to-month,Fiber optic,68.45,513.34,Yes,No,Yes,Bank transfer,2,1,No,No,1
CUST-02568,39,Two year,DSL,72.4,2794.82,No,No,Yes,Mailed check,1,0,Yes,No,0
CUST-02569,63,Month-to-month,Fiber optic,50.3,3196.7,No,No,No,Electronic check,2,0,No,Yes,0
CUST-02570,12,Month-to-month,No,101.27,1199.05,Yes,No,Yes,Electronic check,0,0,Yes,Yes,0
CUST-02571,56,Month-to-month,No,37.07,2016.02,Yes,Yes,No,Bank transfer,1,1,Yes,Yes,0
CUST-02572,9,Month-to-month,Fiber optic,71.54,669.56,No,Yes,Yes,Bank transfer,4,0,No,Yes,1
CUST-02573,15,One year,Fiber optic,71.15,1134.96,No,Yes,No,Mailed check,1,0,No,Yes,0
CUST-02574,6,Month-to-month,DSL,63.64,441.44,Yes,No,Yes,Electronic check,2,0,No,Yes,0
CUST-02575,24,Month-to-month,Fiber optic,32.58,769.63,Yes,No,Yes,Credit card,2,0,Yes,Yes,0
CUST-02576,72,One year,Fiber optic,86.77,5740.34,Yes,No,Yes,Credit card,4,0,No,Yes,0
CUST-02577,22,One year,DSL,83.59,1783.03,No,No,Yes,Electronic check,1,0,No,Yes,0
CUST-02578,10,Two year,Fiber optic,48.11,488.99,No,No,Yes,Electronic check,2,0,Yes,No,0
CUST-02579,25,One year,Fiber optic,82.69,2118.25,No,Yes,Yes,Mailed check,0,0,No,No,0
CUST-02580,3,One year,No,74.37,275.29,No,Yes,Yes,Electronic check,2,0,No,No,0
CUST-02581,52,Month-to-month,No,32.98,1699.61,No,No,Yes,Electronic check,2,0,No,No,0
CUST-02582,16,Month-to-month,DSL,43.65,736.25,No,No,No,Electronic check,2,0,Yes,No,0
CUST-02583,14,Month-to-month,No,93.46,1446.67,No,No,Yes,Credit card,2,0,No,Yes,0
CUST-02584,21,Month-to-month,Fiber optic,72.74,1499.07,No,No,No,Credit card,1,0,Yes,No,0
CUST-02585,23,One year,Fiber optic,50.89,1133.28,Yes,No,No,Electronic check,4,0,Yes,No,0
CUST-02586,1,Month-to-month,Fiber optic,43.54,80.64,No,No,Yes,Credit card,5,0,No,No,1
CUST-02587,27,One year,DSL,52.12,1392.32,No,Yes,Yes,Bank transfer,3,1,Yes,No,1
CUST-02588,6,Month-to-month,No,53.89,376.24,No,No,Yes,Electronic check,0,0,No,Yes,1
CUST-02589,30,Month-to-month,DSL,43.85,1360.41,Yes,Yes,Yes,Credit card,2,0,Yes,No,0
CUST-02590,41,Month-to-month,No,21.46,839.71,No,Yes,No,Bank transfer,2,0,No,No,0
CUST-02591,39,Two year,DSL,93.5,3439.62,No,Yes,Yes,Credit card,0,0,No,No,0
CUST-02592,19,One year,Fiber optic,89.27,1727.02,No,No,Yes,Mailed check,3,0,No,Yes,1
CUST-02593,17,Two year,Fiber optic,33.17,550.0,Yes,No,Yes,Mailed check,0,0,No,Yes,0
CUST-02594,3,Month-to-month,Fiber optic,68.41,279.64,No,No,No,Electronic check,3,0,No,No,1
CUST-02595,35,Two year,Fiber optic,42.44,1394.28,Yes,No,No,Mailed check,0,0,No,No,0
CUST-02596,7,Month-to-month,DSL,58.46,473.67,No,Yes,No,Bank transfer,1,1,Yes,Yes,0
CUST-02597,16,Month-to-month,Fiber optic,56.38,868.75,No,No,No,Credit card,2,0,No,No,0
CUST-02598,8,Two year,DSL,54.3,498.99,Yes,No,Yes,Bank transfer,0,0,Yes,Yes,0
CUST-02599,3,Month-to-month,DSL,115.07,457.55,Yes,No,Yes,Electronic check,2,0,Yes,Yes,1
CUST-02600,23,One year,Fiber optic,53.99,1228.84,No,Yes,Yes,Electronic check,1,0,Yes,No,0
CUST-02601,1,Month-to-month,DSL,44.79,86.07,Yes,No,Yes,Credit card,2,0,Yes,No,0
CUST-02602,33,One year,DSL,45.94,1563.59,No,Yes,Yes,Mailed check,6,0,Yes,No,0
CUST-02603,9,Two year,Fiber optic,91.09,845.17,No,No,Yes,Electronic check,3,0,Yes,No,1
CUST-02604,0,Month-to-month,No,23.7,24.5,Yes,No,Yes,Credit card,0,1,Yes,No,1
CUST-02605,17,One year,DSL,45.93,803.95,No,No,Yes,Credit card,3,0,Yes,Yes,0
CUST-02606,1,Month-to-month,DSL,101.17,205.18,Yes,Yes,No,Bank transfer,0,0,Yes,Yes,1
CUST-02607,7,One year,No,71.1,555.15,No,Yes,No,Electronic check,0,1,Yes,No,0
CUST-02608,29,Month-to-month,No,69.8,2026.66,Yes,Yes,Yes,Mailed check,5,0,Yes,Yes,0
CUST-02609,1,Month-to-month,No,118.3,229.61,No,No,Yes,Bank transfer,1,0,Yes,Yes,1
CUST-02610,43,Month-to-month,Fiber optic,71.16,2988.48,No,No,Yes,Credit card,1,0,Yes,No,0
CUST-02611,0,Month-to-month,Fiber optic,47.3,47.77,No,No,No,Credit card,2,1,Yes,No,1
CUST-02612,6,Two year,Fiber optic,57.95,416.57,Yes,No,No,Mailed check,0,0,No,Yes,0
CUST-02613,32,Month-to-month,Fiber optic,36.61,1242.15,Yes,Yes,Yes,Credit card,2,0,Yes,No,1
CUST-02614,9,Month-to-month,No,96.4,885.12,No,Yes,Yes,Electronic check,2,0,No,Yes,0
CUST-02615,2,Month-to-month,DSL,79.36,241.46,No,Yes,Yes,Electronic check,0,0,Yes,Yes,0
CUST-02616,10,Month-to-month,Fiber optic,93.11,952.51,Yes,No,Yes,Mailed check,1,1,Yes,No,0
CUST-02617,7,One year,Fiber optic,95.32,687.7,Yes,No,No,Credit card,2,0,Yes,No,1
CUST-02618,44,Two year,Fiber optic,54.64,2314.51,Yes,No,Yes,Electronic check,3,0,Yes,Yes,0
CUST-02619,9,Month-to-month,DSL,41.38,390.6,No,No,No,Electronic check,1,1,Yes,No,1
CUST-02620,37,Two year,DSL,63.71,2472.95,Yes,Yes,Yes,Credit card,0,0,No,No,0
CUST-02621,53,One year,No,43.18,2358.21,Yes,Yes,No,Electronic check,1,0,No,No,0
CUST-02622,13,Month-to-month,No,69.12,883.2,Yes,No,Yes,Electronic check,2,0,Yes,No,1
CUST-02623,57,One year,Fiber optic,93.3,5134.85,No,No,Yes,Bank transfer,3,1,Yes,Yes,0
CUST-02624,11,Month-to-month,Fiber optic,60.8,684.14,Yes,Yes,No,Bank transfer,1,0,Yes,No,1
CUST-02625,72,One year,Fiber optic,68.75,4965.14,No,Yes,No,Mailed check,3,0,Yes,Yes,0
CUST-02626,2,Two year,Fiber optic,62.65,184.42,Yes,No,No,Credit card,3,1,No,Yes,0
CUST-02627,27,Month-to-month,No,85.07,2386.34,No,No,No,Electronic check,3,0,No,No,0
CUST-02628,16,Two year,DSL,48.31,851.34,No,Yes,No,Credit card,1,0,Yes,Yes,0
CUST-02629,11,One year,DSL,18.0,208.04,Yes,No,Yes,Bank transfer,2,1,No,No,0
CUST-02630,24,Month-to-month,DSL,76.77,1916.16,Yes,Yes,No,Mailed check,3,0,No,No,1
CUST-02631,29,One year,Fiber optic,89.7,2792.59,No,No,No,Credit card,2,0,No,No,0
CUST-02632,0,Month-to-month,Fiber optic,76.16,74.73,No,Yes,Yes,Electronic check,1,0,Yes,No,1
CUST-02633,4,Two year,DSL,48.99,231.78,No,Yes,Yes,Electronic check,1,0,Yes,No,0
CUST-02634,29,One year,DSL,36.62,1055.13,Yes,Yes,No,Credit card,1,0,No,No,0
CUST-02635,26,Month-to-month,Fiber optic,77.36,2116.27,No,Yes,No,Electronic check,0,0,No,No,0
CUST-02636,72,Month-to-month,DSL,68.54,5043.46,No,No,Yes,Electronic check,1,0,No,No,1
CUST-02637,34,One year,No,61.86,2191.65,No,No,No,Mailed check,3,1,No,No,0
CUST-02638,72,Month-to-month,Fiber optic,110.56,8163.65,No,No,No,Electronic check,0,0,Yes,Yes,0
CUST-02639,29,Month-to-month,DSL,41.33,1287.1,No,No,Yes,Credit card,1,0,No,No,1
CUST-02640,8,Month-to-month,Fiber optic,109.38,998.79,Yes,No,No,Credit card,1,0,Yes,No,0
CUST-02641,2,Month-to-month,DSL,65.79,202.96,Yes,Yes,Yes,Mailed check,3,0,Yes,No,1
CUST-02642,36,Month-to-month,DSL,19.11,697.21,No,No,Yes,Mailed check,1,0,No,No,1
CUST-02643,24,Month-to-month,No,60.52,1507.89,No,No,Yes,Mailed check,0,0,Yes,No,0
CUST-02644,1,Month-to-month,Fiber optic,88.99,186.02,Yes,Yes,No,Electronic check,1,1,No,No,1
CUST-02645,10,One year,Fiber optic,55.87,633.34,No,No,Yes,Electronic check,1,0,Yes,Yes,1
CUST-02646,72,Month-to-month,Fiber optic,28.13,2087.59,No,No,No,Electronic check,0,0,Yes,No,0
CUST-02647,16,Month-to-month,Fiber optic,60.89,1038.06,Yes,Yes,Yes,Mailed check,2,1,Yes,No,1
CUST-02648,13,Month-to-month,DSL,43.57,581.79,Yes,No,No,Bank transfer,1,0,No,Yes,1
CUST-02649,14,One year,No,77.3,1138.88,No,No,No,Credit card,1,1,Yes,No,0
CUST-02650,5,Month-to-month,Fiber optic,84.33,459.57,Yes,Yes,No,Bank transfer,3,0,Yes,No,0
CUST-02651,11,Month-to-month,Fiber optic,38.59,445.68,Yes,Yes,No,Bank transfer,5,0,No,No,1
CUST-02652,11,Month-to-month,Fiber optic,47.35,520.92,Yes,No,No,Electronic check,1,0,Yes,No,0
CUST-02653,1,Two year,DSL,83.92,169.4,Yes,Yes,Yes,Credit card,3,1,Yes,Yes,1
CUST-02654,35,One year,Fiber optic,43.53,1620.12,No,Yes,Yes,Credit card,1,0,No,No,0
CUST-02655,12,One year,Fiber optic,37.95,456.9,No,No,Yes,Credit card,0,0,Yes,Yes,0
CUST-02656,41,One year,DSL,35.53,1398.03,No,No,No,Electronic check,3,0,No,No,0
CUST-02657,45,One year,Fiber optic,73.8,3491.71,No,Yes,Yes,Bank transfer,0,0,Yes,Yes,0
CUST-02658,5,Month-to-month,DSL,72.73,431.09,No,No,Yes,Bank transfer,0,0,Yes,No,0
CUST-02659,25,One year,DSL,47.9,1230.76,Yes,No,No,Electronic check,0,0,Yes,No,0
CUST-02660,15,Month-to-month,Fiber optic,65.13,1025.86,Yes,Yes,No,Credit card,1,0,Yes,No,0
CUST-02661,50,One year,DSL,103.18,4908.24,No,No,No,Electronic check,1,0,No,No,0
CUST-02662,5,One year,DSL,40.65,228.41,No,No,Yes,Electronic check,1,0,No,No,0
CUST-02663,27,Month-to-month,DSL,18.0,525.39,Yes,Yes,Yes,Mailed check,3,0,Yes,No,0
CUST-02664,22,Month-to-month,Fiber optic,76.38,1771.71,Yes,No,Yes,Electronic check,1,0,Yes,No,1
CUST-02665,8,Month-to-month,Fiber optic,62.24,511.74,No,No,Yes,Credit card,0,0,Yes,Yes,0
CUST-02666,3,One year,No,47.25,176.42,Yes,No,Yes,Mailed check,1,1,No,No,0
CUST-02667,25,One year,DSL,81.3,2101.26,No,No,Yes,Mailed check,1,0,No,No,0
CUST-02668,32,Two year,Fiber optic,85.98,2674.25,Yes,No,Yes,Bank transfer,1,1,Yes,No,0
CUST-02669,9,Month-to-month,Fiber optic,18.0,168.8,Yes,Yes,Yes,Electronic check,3,1,Yes,No,0
CUST-02670,24,One year,Fiber optic,48.69,1132.47,No,No,Yes,Bank transfer,1,0,No,Yes,0
CUST-02671,12,One year,Fiber optic,120.0,1447.46,No,No,Yes,Bank transfer,1,0,No,Yes,0
CUST-02672,29,Two year,DSL,79.59,2368.6,No,No,No,Mailed check,1,1,Yes,No,0
CUST-02673,5,Month-to-month,Fiber optic,81.9,509.03,Yes,No,No,Credit card,2,0,Yes,Yes,0
CUST-02674,53,Month-to-month,Fiber optic,94.32,4859.85,No,No,No,Bank transfer,1,0,No,Yes,0
CUST-02675,8,One year,DSL,65.43,540.72,No,No,Yes,Bank transfer,1,0,No,Yes,1
CUST-02676,11,One year,Fiber optic,84.92,936.14,Yes,Yes,No,Credit card,1,0,Yes,Yes,0
CUST-02677,1,Two year,DSL,82.95,172.54,Yes,Yes,No,Bank transfer,1,0,Yes,Yes,0
CUST-02678,2,Month-to-month,DSL,78.48,230.57,Yes,Yes,Yes,Mailed check,3,0,No,No,1
CUST-02679,17,Month-to-month,Fiber optic,56.95,994.29,No,Yes,Yes,Electronic check,1,1,No,No,1
CUST-02680,7,Two year,DSL,69.3,573.03,No,No,Yes,Bank transfer,1,1,No,Yes,0
CUST-02681,43,Month-to-month,DSL,50.29,2159.8,Yes,Yes,No,Credit card,1,0,Yes,No,0
CUST-02682,0,One year,Fiber optic,65.32,63.5,Yes,Yes,Yes,Mailed check,3,0,No,Yes,0
CUST-02683,11,Month-to-month,Fiber optic,35.79,446.23,Yes,Yes,No,Electronic check,3,0,No,No,0
CUST-02684,9,Month-to-month,DSL,45.23,439.26,No,No,Yes,Mailed check,1,0,Yes,No,0
CUST-02685,0,One year,No,57.94,55.54,Yes,No,No,Bank transfer,0,0,Yes,Yes,0
CUST-02686,3,One year,DSL,41.41,163.53,Yes,No,No,Electronic check,1,0,Yes,No,0
CUST-02687,12,Month-to-month,Fiber optic,52.37,712.53,No,Yes,No,Credit card,3,0,No,No,0
CUST-02688,16,Month-to-month,DSL,60.9,1081.45,No,No,Yes,Credit card,3,0,No,Yes,0
CUST-02689,12,Two year,Fiber optic,75.06,991.72,Yes,Yes,Yes,Mailed check,0,0,No,No,0
CUST-02690,18,Month-to-month,DSL,88.73,1643.54,No,Yes,No,Electronic check,3,0,Yes,No,1
CUST-02691,21,Two year,DSL,53.41,1212.88,Yes,No,No,Bank transfer,4,0,Yes,No,0
CUST-02692,0,Month-to-month,DSL,98.38,94.73,No,No,Yes,Electronic check,1,0,Yes,Yes,0
CUST-02693,14,One year,No,88.47,1321.77,No,Yes,No,Mailed check,2,1,Yes,No,0
CUST-02694,72,Two year,DSL,77.6,5250.78,No,No,Yes,Electronic check,1,0,Yes,Yes,0
CUST-02695,17,One year,DSL,68.84,1238.12,No,Yes,Yes,Bank transfer,1,0,Yes,Yes,0
CUST-02696,27,Month-to-month,Fiber optic,72.98,1923.73,Yes,No,Yes,Electronic check,1,0,No,No,1
CUST-02697,8,One year,No,94.68,865.55,No,No,No,Credit card,1,0,Yes,Yes,0
CUST-02698,35,Month-to-month,No,95.59,3310.84,Yes,Yes,Yes,Bank transfer,1,0,No,No,0
CUST-02699,35,Month-to-month,Fiber optic,98.37,3398.82,Yes,No,No,Credit card,2,0,No,No,0
CUST-02700,17,Two year,DSL,66.03,1202.79,No,No,Yes,Electronic check,1,0,Yes,Yes,0
CUST-02701,72,One year,Fiber optic,78.87,5549.08,No,No,No,Electronic check,0,0,No,No,0
CUST-02702,3,One year,DSL,98.59,397.16,No,No,No,Mailed check,1,0,Yes,No,0
CUST-02703,0,Month-to-month,DSL,49.41,50.81,Yes,No,Yes,Electronic check,3,1,Yes,Yes,0
CUST-02704,35,Month-to-month,Fiber optic,57.04,1890.26,No,No,Yes,Electronic check,1,1,No,No,0
CUST-02705,39,Month-to-month,No,65.4,2542.37,Yes,Yes,No,Bank transfer,2,0,Yes,Yes,0
CUST-02706,3,One year,Fiber optic,87.49,364.57,No,No,No,Bank transfer,2,0,Yes,No,0
CUST-02707,7,One year,DSL,87.88,718.39,Yes,No,Yes,Electronic check,1,0,Yes,No,1
CUST-02708,0,Month-to-month,DSL,59.23,61.96,Yes,Yes,Yes,Mailed check,2,0,No,No,1
CUST-02709,8,Two year,Fiber optic,27.28,252.65,Yes,No,Yes,Mailed check,2,0,Yes,No,0
CUST-02710,35,Month-to-month,Fiber optic,71.15,2424.45,No,No,Yes,Electronic check,0,0,Yes,Yes,0
CUST-02711,17,Month-to-month,Fiber optic,42.04,701.38,Yes,No,Yes,Credit card,2,0,Yes,No,0
CUST-02712,10,Month-to-month,DSL,27.75,284.37,No,No,No,Electronic check,2,0,No,Yes,1
CUST-02713,11,Month-to-month,DSL,33.4,373.76,Yes,No,Yes,Electronic check,4,0,No,No,0
CUST-02714,0,Month-to-month,Fiber optic,73.16,66.68,Yes,No,Yes,Electronic check,2,0,Yes,No,1
CUST-02715,8,Two year,Fiber optic,99.03,923.37,Yes,Yes,No,Electronic check,0,0,No,No,0
CUST-02716,24,Month-to-month,Fiber optic,65.97,1608.65,No,Yes,Yes,Credit card,1,1,No,No,1
CUST-02717,72,Two year,DSL,70.28,4695.33,Yes,Yes,No,Electronic check,3,0,No,No,0
CUST-02718,45,Month-to-month,DSL,94.57,4412.85,Yes,No,No,Bank transfer,0,0,Yes,No,0
CUST-02719,0,Two year,Fiber optic,26.39,25.04,No,Yes,Yes,Mailed check,0,0,Yes,Yes,0
CUST-02720,54,One year,DSL,78.0,3906.71,Yes,Yes,Yes,Bank transfer,1,0,No,No,0
CUST-02721,36,Two year,Fiber optic,64.71,2222.99,No,No,Yes,Credit card,2,0,No,No,0
CUST-02722,36,Month-to-month,No,79.15,2924.55,Yes,No,Yes,Credit card,0,0,No,Yes,0
CUST-02723,14,One year,No,52.91,808.81,No,No,Yes,Electronic check,1,0,No,Yes,0
CUST-02724,12,Two year,DSL,44.55,543.27,Yes,No,No,Credit card,0,0,Yes,No,0
CUST-02725,8,Month-to-month,No,68.51,608.3,No,No,Yes,Mailed check,2,0,No,Yes,0
CUST-02726,1,Month-to-month,No,106.23,191.24,No,Yes,No,Mailed check,1,0,No,No,0
CUST-02727,6,Month-to-month,No,86.52,570.37,No,Yes,Yes,Bank transfer,1,1,Yes,Yes,0
CUST-02728,6,Two year,DSL,52.31,339.53,No,No,No,Credit card,0,0,No,No,0
CUST-02729,15,Month-to-month,Fiber optic,31.48,459.1,No,No,No,Electronic check,0,0,Yes,Yes,0
CUST-02730,33,Month-to-month,Fiber optic,22.95,758.91,Yes,Yes,No,Bank transfer,0,1,Yes,Yes,0
CUST-02731,15,Month-to-month,Fiber optic,97.9,1558.02,Yes,No,Yes,Electronic check,0,0,No,No,0
CUST-02732,1,Month-to-month,DSL,41.12,74.59,No,No,Yes,Mailed check,1,0,No,No,1
CUST-02733,72,Two year,Fiber optic,56.86,3821.56,No,No,Yes,Credit card,1,0,No,No,0
CUST-02734,68,Month-to-month,Fiber optic,98.03,7033.58,Yes,No,No,Mailed check,1,0,No,Yes,0
CUST-02735,36,One year,DSL,24.65,851.37,No,No,No,Electronic check,1,0,Yes,Yes,0
CUST-02736,72,Two year,Fiber optic,102.31,7573.18,Yes,No,Yes,Mailed check,0,0,Yes,No,0
CUST-02737,18,Month-to-month,DSL,58.66,1128.09,No,No,No,Bank transfer,1,0,No,No,0
CUST-02738,72,One year,No,36.29,2512.04,No,No,No,Mailed check,2,0,Yes,No,0
CUST-02739,1,Month-to-month,DSL,58.82,109.48,No,No,Yes,Electronic check,1,0,No,No,1
CUST-02740,10,One year,DSL,46.94,483.6,Yes,No,Yes,Mailed check,0,0,No,No,0
CUST-02741,6,Month-to-month,DSL,76.02,524.1,No,Yes,No,Credit card,1,0,No,No,0
CUST-02742,5,One year,DSL,48.8,280.26,No,No,Yes,Bank transfer,2,1,Yes,No,0
CUST-02743,3,Month-to-month,Fiber optic,18.0,70.15,Yes,No,No,Bank transfer,1,0,Yes,Yes,0
CUST-02744,23,Month-to-month,No,59.49,1458.8,No,Yes,No,Bank transfer,2,0,No,No,0
CUST-02745,36,One year,Fiber optic,31.09,1121.97,No,Yes,Yes,Electronic check,1,0,Yes,No,1
CUST-02746,20,Month-to-month,Fiber optic,70.11,1544.87,Yes,Yes,No,Bank transfer,0,0,No,No,0
CUST-02747,3,One year,DSL,35.32,141.26,Yes,Yes,Yes,Mailed check,1,1,Yes,No,0
CUST-02748,39,Month-to-month,Fiber optic,52.8,1966.46,Yes,No,No,Electronic check,1,0,No,Yes,1
CUST-02749,24,One year,Fiber optic,69.56,1695.4,No,Yes,Yes,Electronic check,0,0,No,Yes,0
CUST-02750,11,Month-to-month,Fiber optic,59.69,732.05,No,Yes,Yes,Bank transfer,0,0,No,Yes,1
CUST-02751,26,One year,Fiber optic,71.26,1794.62,No,No,No,Electronic check,2,0,Yes,No,0
CUST-02752,7,Month-to-month,Fiber optic,82.01,662.26,Yes,No,Yes,Electronic check,1,0,No,No,1
CUST-02753,10,Month-to-month,Fiber optic,36.05,358.88,No,Yes,No,Electronic check,0,0,No,No,1
CUST-02754,59,Month-to-month,DSL,63.39,3960.84,No,Yes,Yes,Electronic check,4,0,No,No,0
CUST-02755,8,One year,No,18.0,161.92,No,No,Yes,Mailed check,0,0,Yes,No,0
CUST-02756,15,Month-to-month,Fiber optic,71.18,1052.76,Yes,No,No,Bank transfer,1,0,Yes,No,0
CUST-02757,53,Two year,No,57.48,3200.59,No,No,Yes,Electronic check,4,0,Yes,No,0
CUST-02758,29,Two year,Fiber optic,40.41,1105.95,No,Yes,No,Electronic check,1,1,Yes,No,0
CUST-02759,1,Month-to-month,Fiber optic,72.89,140.08,Yes,Yes,Yes,Bank transfer,0,0,No,No,1
CUST-02760,3,One year,Fiber optic,94.32,381.26,No,Yes,Yes,Bank transfer,3,0,Yes,Yes,1
CUST-02761,0,Month-to-month,DSL,53.1,55.26,No,Yes,Yes,Bank transfer,1,0,No,No,0
CUST-02762,23,Month-to-month,Fiber optic,41.38,945.77,Yes,No,No,Electronic check,1,0,No,No,0
CUST-02763,14,One year,DSL,69.13,1062.43,No,No,Yes,Credit card,3,0,Yes,No,1
CUST-02764,3,One year,DSL,31.61,117.53,Yes,No,Yes,Mailed check,2,0,Yes,No,0
CUST-02765,72,One year,DSL,48.49,3204.44,No,No,No,Bank transfer,1,0,Yes,Yes,0
CUST-02766,18,Month-to-month,DSL,95.56,1641.91,Yes,No,Yes,Electronic check,0,0,Yes,No,0
CUST-02767,6,Month-to-month,No,66.55,465.26,Yes,No,Yes,Electronic check,1,0,No,No,0
CUST-02768,16,Month-to-month,Fiber optic,18.01,282.64,No,No,Yes,Bank transfer,2,1,No,No,1
CUST-02769,27,One year,Fiber optic,20.08,510.26,No,Yes,Yes,Electronic check,2,0,No,Yes,0
CUST-02770,1,Month-to-month,DSL,69.05,144.52,No,No,Yes,Electronic check,1,0,Yes,No,1
CUST-02771,7,One year,DSL,86.56,648.37,No,No,Yes,Bank transfer,1,0,No,Yes,0
CUST-02772,39,Month-to-month,Fiber optic,24.56,952.32,No,No,Yes,Mailed check,1,0,No,No,0
CUST-02773,14,Month-to-month,Fiber optic,76.24,1134.41,No,No,Yes,Bank transfer,1,0,Yes,No,0
CUST-02774,18,Month-to-month,DSL,98.26,1720.7,No,No,Yes,Bank transfer,0,0,No,No,0
CUST-02775,13,Month-to-month,Fiber optic,112.2,1497.88,Yes,No,No,Mailed check,1,0,No,Yes,0
CUST-02776,1,Month-to-month,Fiber optic,73.28,146.14,Yes,No,No,Mailed check,3,0,Yes,No,1
CUST-02777,4,Two year,No,77.67,386.78,Yes,No,Yes,Credit card,1,1,Yes,Yes,0
CUST-02778,14,Two year,DSL,18.0,277.1,No,Yes,No,Mailed check,2,0,No,No,0
CUST-02779,5,Month-to-month,DSL,117.49,680.7,Yes,No,No,Bank transfer,0,1,No,Yes,0
CUST-02780,1,Month-to-month,DSL,50.61,104.61,Yes,No,No,Electronic check,1,0,No,Yes,1
CUST-02781,44,Month-to-month,No,41.66,1879.07,Yes,No,Yes,Credit card,2,0,Yes,No,0
CUST-02782,72,Two year,Fiber optic,58.62,4212.14,No,No,No,Electronic check,3,0,Yes,Yes,0
CUST-02783,37,Month-to-month,Fiber optic,102.79,3584.05,Yes,No,Yes,Bank transfer,0,0,Yes,Yes,0
CUST-02784,46,Two year,DSL,120.0,5562.2,Yes,No,No,Mailed check,0,0,Yes,No,0
CUST-02785,6,Month-to-month,DSL,68.14,471.83,No,No,Yes,Bank transfer,0,0,No,No,0
CUST-02786,72,Month-to-month,Fiber optic,89.95,6657.1,No,Yes,Yes,Mailed check,2,0,No,No,0
CUST-02787,5,Two year,No,66.08,399.6,Yes,No,Yes,Bank transfer,2,0,No,Yes,0
CUST-02788,72,Month-to-month,DSL,39.06,2792.92,No,Yes,Yes,Electronic check,2,0,Yes,No,0
CUST-02789,72,One year,Fiber optic,101.92,7357.76,Yes,No,Yes,Mailed check,2,0,Yes,No,1
CUST-02790,29,Month-to-month,Fiber optic,49.45,1507.02,No,Yes,Yes,Credit card,1,0,No,No,1
CUST-02791,72,Month-to-month,Fiber optic,103.39,7190.6,Yes,No,Yes,Electronic check,2,0,No,No,1
CUST-02792,20,Month-to-month,DSL,97.46,1883.43,No,No,No,Electronic check,1,0,No,No,1
CUST-02793,7,One year,No,80.35,662.82,No,No,No,Mailed check,1,1,Yes,No,0
CUST-02794,13,One year,Fiber optic,110.72,1619.45,No,No,Yes,Credit card,1,0,Yes,No,1
CUST-02795,21,Month-to-month,No,120.0,2546.0,Yes,No,Yes,Electronic check,2,0,No,No,1
CUST-02796,1,Two year,No,60.62,127.13,No,Yes,Yes,Electronic check,3,0,Yes,No,1
CUST-02797,23,Month-to-month,DSL,44.78,1019.27,Yes,No,Yes,Bank transfer,0,0,Yes,No,0
CUST-02798,72,Month-to-month,DSL,18.39,1221.63,No,Yes,Yes,Electronic check,0,0,No,No,0
CUST-02799,5,Month-to-month,Fiber optic,120.0,709.83,No,No,Yes,Mailed check,2,0,No,No,1
CUST-02800,37,Month-to-month,DSL,54.01,2114.42,No,Yes,No,Credit card,1,0,No,No,0
CUST-02801,57,Month-to-month,Fiber optic,93.38,5376.08,No,No,Yes,Electronic check,1,0,Yes,No,0
CUST-02802,69,Two year,DSL,46.47,2932.21,No,No,Yes,Bank transfer,0,0,No,No,0
CUST-02803,72,Month-to-month,Fiber optic,103.46,6810.73,No,No,Yes,Mailed check,1,0,No,No,0
CUST-02804,17,Month-to-month,No,47.5,862.4,Yes,No,Yes,Credit card,1,0,Yes,Yes,1
CUST-02805,72,Month-to-month,No,35.21,2639.22,No,No,No,Credit card,1,0,Yes,No,0
CUST-02806,33,One year,Fiber optic,59.79,1906.73,No,Yes,Yes,Mailed check,1,0,No,No,0
CUST-02807,4,Two year,Fiber optic,51.71,250.93,No,No,Yes,Bank transfer,1,0,Yes,Yes,0
CUST-02808,15,Month-to-month,DSL,79.91,1335.03,No,Yes,No,Bank transfer,2,0,No,No,1
CUST-02809,30,Month-to-month,DSL,63.72,1914.26,No,Yes,Yes,Electronic check,0,0,Yes,Yes,0
CUST-02810,6,Month-to-month,Fiber optic,80.69,519.85,No,No,Yes,Electronic check,2,0,Yes,No,1
CUST-02811,24,Month-to-month,DSL,57.72,1496.03,No,Yes,Yes,Credit card,0,0,Yes,No,1
CUST-02812,26,Month-to-month,Fiber optic,48.37,1272.39,Yes,Yes,Yes,Mailed check,1,0,No,No,0
CUST-02813,4,Month-to-month,Fiber optic,50.41,239.86,No,No,Yes,Electronic check,2,0,Yes,Yes,1
CUST-02814,19,Month-to-month,Fiber optic,116.12,2124.1,No,No,No,Credit card,2,0,No,No,1
CUST-02815,35,Month-to-month,Fiber optic,70.63,2463.2,Yes,Yes,Yes,Bank transfer,0,1,Yes,Yes,1
CUST-02816,16,Month-to-month,DSL,18.0,310.73,Yes,Yes,Yes,Electronic check,1,1,No,No,1
CUST-02817,0,Two year,No,51.99,52.38,No,Yes,No,Electronic check,2,0,Yes,No,0
CUST-02818,0,Two year,Fiber optic,67.42,65.7,Yes,No,Yes,Electronic check,1,1,No,No,0
CUST-02819,10,One year,DSL,111.13,1232.12,No,No,No,Credit card,3,0,No,Yes,0
CUST-02820,62,Month-to-month,Fiber optic,90.72,5444.53,No,No,Yes,Credit card,2,0,Yes,No,0
CUST-02821,6,Month-to-month,DSL,41.96,296.74,No,Yes,No,Electronic check,0,1,No,No,0
CUST-02822,24,Month-to-month,Fiber optic,120.0,2738.58,No,No,No,Credit card,1,0,Yes,No,0
CUST-02823,6,One year,DSL,64.22,418.02,No,No,No,Mailed check,2,0,No,No,1
CUST-02824,9,Month-to-month,No,96.16,992.04,No,No,Yes,Bank transfer,1,0,No,No,0
CUST-02825,45,Two year,Fiber optic,36.12,1568.56,Yes,No,Yes,Electronic check,2,0,Yes,No,0
CUST-02826,31,Two year,DSL,18.0,536.19,No,Yes,Yes,Mailed check,2,0,Yes,No,0
CUST-02827,2,Month-to-month,Fiber optic,29.79,81.63,No,Yes,No,Electronic check,1,0,Yes,No,1
CUST-02828,13,One year,Fiber optic,18.0,241.65,No,No,Yes,Electronic check,0,0,Yes,No,1
CUST-02829,0,Month-to-month,Fiber optic,117.8,107.2,No,Yes,No,Electronic check,2,0,Yes,No,1
CUST-02830,15,Month-to-month,Fiber optic,70.36,1097.11,Yes,Yes,Yes,Electronic check,1,0,Yes,No,0
CUST-02831,26,Month-to-month,Fiber optic,41.88,1173.59,No,No,Yes,Credit card,0,0,Yes,No,1
CUST-02832,3,Month-to-month,Fiber optic,76.32,310.8,No,No,Yes,Credit card,0,0,No,No,1
CUST-02833,8,Two year,Fiber optic,69.73,568.64,Yes,No,Yes,Credit card,0,0,Yes,No,0
CUST-02834,12,Month-to-month,Fiber optic,80.52,989.15,No,Yes,No,Electronic check,1,0,Yes,No,1
CUST-02835,60,Month-to-month,DSL,95.24,5392.2,No,No,Yes,Mailed check,2,0,Yes,Yes,0
CUST-02836,72,One year,No,57.75,3836.51,No,Yes,No,Mailed check,1,0,No,Yes,0
CUST-02837,1,One year,Fiber optic,43.0,78.8,No,No,Yes,Mailed check,1,0,No,No,0
CUST-02838,34,Month-to-month,Fiber optic,85.69,3107.78,Yes,Yes,No,Electronic check,0,0,Yes,Yes,0
CUST-02839,11,Two year,Fiber optic,85.06,966.12,No,No,No,Mailed check,0,0,No,Yes,1
CUST-02840,11,One year,No,67.52,776.89,Yes,Yes,Yes,Electronic check,0,0,No,No,0
CUST-02841,33,Month-to-month,DSL,119.44,3950.73,No,Yes,Yes,Credit card,0,0,No,No,1
CUST-02842,60,Month-to-month,DSL,54.05,3335.76,No,No,Yes,Bank transfer,2,0,No,No,0
CUST-02843,72,Month-to-month,Fiber optic,42.5,3163.79,No,No,Yes,Mailed check,1,0,Yes,No,0
CUST-02844,20,Two year,Fiber optic,75.45,1655.05,No,No,No,Bank transfer,0,0,Yes,No,0
CUST-02845,10,One year,Fiber optic,48.13,493.22,Yes,No,No,Electronic check,2,1,No,No,1
CUST-02846,37,Two year,No,77.39,2779.55,No,No,No,Electronic check,0,1,No,Yes,0
CUST-02847,6,Month-to-month,No,44.17,292.79,No,Yes,No,Electronic check,2,0,Yes,Yes,1
CUST-02848,19,Month-to-month,Fiber optic,54.99,1063.27,No,Yes,Yes,Bank transfer,1,1,Yes,Yes,0
CUST-02849,10,Month-to-month,DSL,112.27,1261.04,Yes,No,Yes,Electronic check,1,0,No,No,1
CUST-02850,25,Month-to-month,Fiber optic,54.86,1334.96,No,Yes,No,Bank transfer,2,0,Yes,No,1
CUST-02851,6,One year,Fiber optic,45.03,320.71,No,Yes,Yes,Electronic check,3,0,Yes,No,0
CUST-02852,5,One year,No,94.27,526.37,No,Yes,No,Electronic check,1,0,Yes,No,1
CUST-02853,60,Month-to-month,DSL,38.72,2377.32,No,No,No,Electronic check,1,0,No,No,0
CUST-02854,2,Month-to-month,Fiber optic,47.68,145.88,Yes,Yes,Yes,Bank transfer,1,0,No,Yes,1
CUST-02855,16,Month-to-month,Fiber optic,79.41,1387.86,No,Yes,Yes,Mailed check,2,0,No,No,0
CUST-02856,5,Month-to-month,No,88.46,518.31,No,No,No,Bank transfer,4,0,Yes,No,1
CUST-02857,0,Month-to-month,DSL,95.51,90.67,Yes,No,Yes,Electronic check,1,0,No,No,1
CUST-02858,0,Month-to-month,DSL,46.32,47.05,No,No,No,Electronic check,1,1,Yes,Yes,0
CUST-02859,4,Month-to-month,Fiber optic,79.9,378.78,No,No,Yes,Bank transfer,0,1,Yes,Yes,1
CUST-02860,48,Month-to-month,Fiber optic,53.35,2410.8,Yes,Yes,Yes,Electronic check,1,1,No,No,0
CUST-02861,7,Month-to-month,No,49.86,408.93,Yes,No,Yes,Electronic check,1,0,No,No,1
CUST-02862,72,Month-to-month,DSL,95.08,6674.91,Yes,Yes,No,Electronic check,0,0,Yes,No,0
CUST-02863,20,One year,Fiber optic,51.26,1060.99,Yes,No,Yes,Bank transfer,0,0,No,No,0
CUST-02864,13,Month-to-month,DSL,71.96,1045.49,Yes,No,Yes,Bank transfer,1,0,No,No,0
CUST-02865,20,Two year,DSL,68.89,1331.49,Yes,No,Yes,Electronic check,1,0,No,Yes,0
CUST-02866,17,Month-to-month,Fiber optic,38.23,676.84,Yes,No,Yes,Bank transfer,3,0,Yes,No,0
CUST-02867,34,Month-to-month,Fiber optic,89.15,3069.75,No,Yes,Yes,Bank transfer,0,0,Yes,Yes,0
CUST-02868,7,Month-to-month,DSL,79.01,650.59,No,No,Yes,Mailed check,5,0,Yes,Yes,0
CUST-02869,10,Month-to-month,DSL,18.0,188.34,Yes,No,Yes,Electronic check,3,0,No,Yes,1
CUST-02870,53,Two year,DSL,71.94,3730.08,No,No,Yes,Bank transfer,3,0,No,No,0
CUST-02871,70,Month-to-month,No,45.68,3171.58,No,Yes,Yes,Bank transfer,2,0,No,Yes,0
CUST-02872,53,Two year,Fiber optic,92.43,4617.28,No,No,Yes,Electronic check,0,0,No,No,0
CUST-02873,13,Two year,Fiber optic,28.87,392.3,No,Yes,Yes,Bank transfer,2,0,Yes,Yes,0
CUST-02874,36,Month-to-month,No,56.09,2003.55,No,No,Yes,Mailed check,1,0,No,Yes,1
CUST-02875,15,Month-to-month,Fiber optic,74.05,1101.4,Yes,No,Yes,Bank transfer,3,0,No,No,1
CUST-02876,16,One year,DSL,66.36,1156.27,Yes,Yes,No,Electronic check,0,1,Yes,No,0
CUST-02877,5,Month-to-month,DSL,84.07,486.59,No,No,Yes,Electronic check,1,0,Yes,No,0
CUST-02878,21,One year,DSL,27.04,562.7,No,No,No,Mailed check,2,0,No,Yes,1
CUST-02879,4,Month-to-month,Fiber optic,106.3,488.74,No,Yes,Yes,Mailed check,1,0,Yes,No,1
CUST-02880,9,Month-to-month,DSL,78.13,713.69,Yes,Yes,No,Mailed check,1,0,No,Yes,0
CUST-02881,46,Month-to-month,No,98.99,4857.4,No,No,No,Bank transfer,2,0,Yes,No,0
CUST-02882,5,Month-to-month,DSL,86.86,546.84,No,No,Yes,Bank transfer,1,1,Yes,No,0
CUST-02883,1,Two year,DSL,64.71,133.91,No,No,No,Bank transfer,0,0,No,Yes,0
CUST-02884,1,Month-to-month,Fiber optic,32.9,63.75,Yes,Yes,Yes,Electronic check,3,0,No,No,1
CUST-02885,67,Two year,Fiber optic,50.91,3535.23,No,Yes,Yes,Bank transfer,2,0,No,No,0
CUST-02886,16,Month-to-month,Fiber optic,104.74,1825.35,No,No,Yes,Mailed check,1,0,No,No,0
CUST-02887,12,Month-to-month,Fiber optic,99.64,1224.04,No,No,Yes,Electronic check,1,0,No,No,1
CUST-02888,39,Month-to-month,No,49.51,1956.45,No,Yes,Yes,Electronic check,1,0,No,No,1
CUST-02889,43,Month-to-month,DSL,18.0,826.47,Yes,No,Yes,Electronic check,1,0,No,No,0
CUST-02890,9,Month-to-month,DSL,59.68,562.19,No,Yes,Yes,Mailed check,1,0,No,No,1
CUST-02891,28,Month-to-month,DSL,57.81,1675.54,Yes,No,No,Electronic check,0,0,No,No,0
CUST-02892,35,Two year,Fiber optic,58.76,2114.05,No,No,Yes,Credit card,1,1,No,Yes,0
CUST-02893,25,Month-to-month,No,78.21,1968.19,Yes,Yes,Yes,Credit card,2,0,No,No,0
CUST-02894,3,Month-to-month,Fiber optic,86.91,338.44,No,Yes,Yes,Credit card,1,0,No,No,0
CUST-02895,50,Two year,Fiber optic,89.76,4433.37,No,Yes,Yes,Mailed check,0,0,No,No,0
CUST-02896,18,One year,DSL,76.14,1415.07,No,Yes,Yes,Credit card,1,0,Yes,Yes,0
CUST-02897,7,Month-to-month,No,19.98,147.42,No,Yes,Yes,Electronic check,3,0,No,No,1
CUST-02898,13,Month-to-month,No,56.47,805.77,No,No,Yes,Bank transfer,0,0,Yes,No,1
CUST-02899,0,Two year,Fiber optic,120.0,119.9,No,Yes,Yes,Mailed check,2,0,No,Yes,0
CUST-02900,3,One year,No,74.36,311.14,Yes,No,No,Electronic check,0,0,No,No,0
CUST-02901,34,Month-to-month,Fiber optic,74.2,2432.99,Yes,No,Yes,Electronic check,1,0,No,Yes,0
CUST-02902,0,Month-to-month,Fiber optic,73.99,68.21,No,No,Yes,Bank transfer,2,0,Yes,No,1
CUST-02903,12,Two year,No,75.38,932.3,Yes,No,Yes,Electronic check,4,1,Yes,No,0
CUST-02904,17,Month-to-month,No,18.0,316.37,No,Yes,No,Bank transfer,2,0,No,No,0
CUST-02905,1,Two year,DSL,59.01,109.85,Yes,No,No,Credit card,1,0,No,Yes,0
CUST-02906,72,Month-to-month,DSL,64.05,4531.13,No,Yes,Yes,Electronic check,1,0,Yes,No,0
CUST-02907,6,One year,No,97.04,676.83,No,No,Yes,Mailed check,1,0,Yes,No,0
CUST-02908,8,Month-to-month,DSL,66.19,541.16,No,Yes,Yes,Bank transfer,1,0,Yes,Yes,0
CUST-02909,8,Month-to-month,No,23.84,217.5,Yes,No,Yes,Electronic check,2,0,No,Yes,0
CUST-02910,6,Two year,DSL,75.75,551.97,Yes,No,No,Credit card,2,0,No,No,1
CUST-02911,0,Month-to-month,No,44.9,42.22,Yes,No,Yes,Credit card,0,0,No,Yes,0
CUST-02912,31,Month-to-month,No,34.58,1124.74,Yes,Yes,Yes,Electronic check,0,0,No,No,0
CUST-02913,72,Month-to-month,Fiber optic,44.15,3102.7,No,Yes,Yes,Electronic check,6,1,No,Yes,0
CUST-02914,6,Month-to-month,No,78.56,549.74,No,No,No,Credit card,1,0,Yes,Yes,0
CUST-02915,26,Month-to-month,DSL,96.47,2634.52,Yes,Yes,Yes,Credit card,0,1,No,No,0
CUST-02916,32,One year,Fiber optic,77.07,2401.51,No,Yes,No,Mailed check,1,0,No,No,0
CUST-02917,45,Month-to-month,DSL,80.8,3784.11,No,No,Yes,Electronic check,2,0,No,Yes,1
CUST-02918,13,Month-to-month,Fiber optic,76.83,985.02,Yes,No,No,Bank transfer,1,0,No,No,0
CUST-02919,8,Month-to-month,DSL,67.53,636.95,No,No,Yes,Electronic check,3,0,No,No,1
CUST-02920,9,One year,No,82.42,783.45,Yes,No,Yes,Credit card,1,0,Yes,No,0
CUST-02921,29,One year,Fiber optic,18.0,504.13,No,No,No,Bank transfer,1,0,Yes,No,0
CUST-02922,40,Month-to-month,Fiber optic,67.78,2558.88,No,Yes,No,Bank transfer,2,0,No,No,0
CUST-02923,4,Month-to-month,No,38.88,198.64,Yes,No,Yes,Electronic check,2,0,Yes,Yes,0
CUST-02924,11,Two year,Fiber optic,94.07,1115.16,No,No,No,Bank transfer,2,0,Yes,Yes,0
CUST-02925,55,Month-to-month,Fiber optic,61.32,3580.72,No,No,No,Electronic check,0,0,Yes,No,1
CUST-02926,39,Two year,Fiber optic,65.77,2623.31,Yes,Yes,Yes,Electronic check,2,1,No,No,0
CUST-02927,72,Two year,DSL,27.37,1900.29,No,No,No,Mailed check,0,0,Yes,Yes,0
CUST-02928,33,One year,DSL,90.42,3152.56,No,No,Yes,Mailed check,0,0,Yes,No,0
CUST-02929,11,Month-to-month,No,80.68,912.19,No,Yes,No,Bank transfer,0,0,No,Yes,0
CUST-02930,21,Two year,DSL,78.92,1638.36,No,No,Yes,Credit card,0,0,No,Yes,0
CUST-02931,25,One year,No,44.67,1050.2,No,Yes,Yes,Mailed check,1,0,Yes,No,0
CUST-02932,1,One year,DSL,45.66,85.64,No,No,No,Mailed check,4,0,No,Yes,1
CUST-02933,18,Month-to-month,Fiber optic,70.59,1259.68,No,Yes,Yes,Mailed check,1,0,Yes,No,0
CUST-02934,29,Month-to-month,DSL,47.64,1350.06,No,No,Yes,Electronic check,0,0,No,No,0
CUST-02935,4,Month-to-month,DSL,75.87,362.39,Yes,No,No,Bank transfer,0,0,No,Yes,0
CUST-02936,36,Month-to-month,DSL,18.0,657.01,No,No,No,Mailed check,1,0,Yes,No,0
CUST-02937,21,One year,Fiber optic,52.81,1083.35,Yes,No,Yes,Credit card,0,0,No,No,0
CUST-02938,72,Month-to-month,Fiber optic,109.92,7988.16,Yes,Yes,Yes,Bank transfer,0,0,Yes,No,0
CUST-02939,1,Month-to-month,Fiber optic,75.99,139.82,No,No,No,Electronic check,3,0,No,No,1
CUST-02940,7,Month-to-month,Fiber optic,69.17,575.29,No,No,Yes,Electronic check,1,0,No,No,1
CUST-02941,22,One year,DSL,114.63,2383.17,No,Yes,Yes,Mailed check,2,0,Yes,Yes,0
CUST-02942,8,Two year,Fiber optic,18.0,167.87,No,No,Yes,Electronic check,1,0,Yes,No,0
CUST-02943,30,Month-to-month,DSL,44.62,1358.43,No,No,Yes,Mailed check,4,0,No,No,1
CUST-02944,34,Month-to-month,Fiber optic,54.97,1936.47,No,No,Yes,Electronic check,1,0,No,No,1
CUST-02945,2,Month-to-month,Fiber optic,86.46,245.05,Yes,No,No,Credit card,4,0,No,No,1
CUST-02946,17,One year,DSL,86.89,1448.39,Yes,No,No,Electronic check,3,0,Yes,Yes,0
CUST-02947,17,One year,Fiber optic,43.35,813.15,Yes,Yes,Yes,Bank transfer,0,0,Yes,No,0
CUST-02948,11,Two year,No,89.95,1042.86,No,No,Yes,Electronic check,2,1,No,No,0
CUST-02949,64,Month-to-month,Fiber optic,54.92,3470.12,Yes,No,Yes,Mailed check,1,0,Yes,Yes,0
CUST-02950,42,Two year,Fiber optic,95.29,4293.54,Yes,Yes,Yes,Electronic check,4,0,Yes,Yes,0
CUST-02951,28,Month-to-month,No,39.18,1079.88,No,No,Yes,Mailed check,4,0,No,No,1
CUST-02952,30,One year,DSL,61.92,1756.42,No,No,No,Mailed check,2,1,Yes,No,0
CUST-02953,14,Month-to-month,Fiber optic,52.75,781.78,No,No,Yes,Bank transfer,0,0,No,Yes,0
CUST-02954,60,Two year,Fiber optic,91.4,5481.85,Yes,Yes,No,Bank transfer,2,0,No,No,0
CUST-02955,28,Month-to-month,DSL,51.93,1530.01,No,No,No,Bank transfer,1,0,Yes,No,0
CUST-02956,31,One year,No,63.94,2134.6,No,No,Yes,Credit card,1,0,No,Yes,0
CUST-02957,47,Two year,No,77.67,3527.4,No,No,Yes,Credit card,3,0,Yes,No,0
CUST-02958,7,Month-to-month,Fiber optic,78.63,634.24,No,Yes,No,Bank transfer,2,1,No,Yes,1
CUST-02959,39,Month-to-month,No,87.17,3365.37,Yes,No,No,Electronic check,2,0,No,No,1
CUST-02960,5,Two year,Fiber optic,70.28,429.09,No,No,No,Credit card,1,0,No,No,0
CUST-02961,10,Month-to-month,Fiber optic,54.54,554.73,Yes,No,Yes,Credit card,0,1,Yes,No,1
CUST-02962,9,Month-to-month,No,56.26,548.61,Yes,No,No,Bank transfer,0,0,No,Yes,1
CUST-02963,72,Month-to-month,Fiber optic,65.64,4368.03,Yes,No,Yes,Mailed check,1,0,No,No,0
CUST-02964,46,One year,Fiber optic,71.24,3295.3,No,No,Yes,Electronic check,5,0,Yes,Yes,0
CUST-02965,28,Month-to-month,Fiber optic,61.32,1645.52,No,Yes,Yes,Bank transfer,1,0,No,Yes,1
CUST-02966,31,Month-to-month,Fiber optic,65.48,2187.57,No,No,Yes,Credit card,0,0,Yes,Yes,0
CUST-02967,19,Month-to-month,DSL,27.07,532.28,No,No,No,Bank transfer,2,0,Yes,Yes,0
CUST-02968,70,Month-to-month,DSL,81.68,5679.85,Yes,Yes,Yes,Bank transfer,1,0,No,No,0
CUST-02969,16,Two year,Fiber optic,69.53,1236.2,No,No,No,Electronic check,4,0,No,No,0
CUST-02970,11,Two year,DSL,90.05,1053.33,No,No,Yes,Mailed check,0,0,Yes,No,0
CUST-02971,4,One year,No,65.0,325.49,No,No,No,Bank transfer,1,0,Yes,Yes,0
CUST-02972,37,Month-to-month,No,21.54,742.4,No,Yes,Yes,Electronic check,3,0,No,No,0
CUST-02973,31,Two year,Fiber optic,56.04,1804.49,Yes,No,No,Bank transfer,2,0,Yes,Yes,0
CUST-02974,11,Month-to-month,No,60.0,659.27,No,Yes,Yes,Bank transfer,3,0,No,Yes,1
CUST-02975,0,Month-to-month,DSL,83.57,84.99,No,Yes,Yes,Electronic check,2,1,No,No,1
CUST-02976,43,Two year,Fiber optic,18.0,816.97,No,Yes,No,Electronic check,0,0,No,No,0
CUST-02977,0,One year,Fiber optic,66.03,62.55,No,Yes,Yes,Credit card,1,0,Yes,Yes,1
CUST-02978,29,One year,Fiber optic,77.84,2409.27,No,Yes,Yes,Electronic check,2,0,No,No,0
CUST-02979,72,One year,DSL,48.46,3439.93,Yes,No,No,Mailed check,2,0,Yes,Yes,0
CUST-02980,13,Month-to-month,Fiber optic,66.87,922.83,No,No,Yes,Bank transfer,1,1,No,No,0
CUST-02981,6,Month-to-month,DSL,49.32,332.0,No,No,Yes,Credit card,2,1,Yes,No,0
CUST-02982,29,One year,Fiber optic,46.76,1362.79,Yes,No,Yes,Credit card,1,1,Yes,No,0
CUST-02983,40,Month-to-month,No,54.79,2327.8,Yes,No,Yes,Mailed check,0,0,Yes,No,0
CUST-02984,18,Month-to-month,Fiber optic,47.23,935.14,No,Yes,No,Mailed check,2,0,No,No,0
CUST-02985,72,One year,No,82.09,5794.1,Yes,No,Yes,Credit card,3,0,No,No,0
CUST-02986,1,One year,No,46.63,91.13,Yes,No,Yes,Bank transfer,3,0,Yes,No,0
CUST-02987,16,Month-to-month,Fiber optic,42.43,661.75,No,No,No,Bank transfer,0,0,No,No,1
CUST-02988,30,One year,DSL,109.2,3212.02,No,Yes,No,Mailed check,1,0,Yes,No,0
CUST-02989,47,Two year,Fiber optic,89.02,4174.62,Yes,Yes,No,Mailed check,4,0,No,No,0
CUST-02990,4,One year,No,18.46,85.87,No,No,Yes,Mailed check,1,0,Yes,Yes,0
CUST-02991,38,Month-to-month,DSL,45.88,1765.13,No,No,Yes,Mailed check,1,1,No,No,0
CUST-02992,19,Month-to-month,Fiber optic,71.06,1425.17,No,Yes,Yes,Electronic check,0,0,No,No,1
CUST-02993,12,Month-to-month,Fiber optic,73.09,947.79,No,No,Yes,Credit card,0,0,No,No,0
CUST-02994,3,Month-to-month,Fiber optic,27.74,107.23,No,Yes,Yes,Electronic check,1,0,No,No,1
CUST-02995,48,Month-to-month,No,93.96,4674.93,Yes,No,No,Electronic check,4,0,Yes,No,0
CUST-02996,4,Month-to-month,DSL,85.63,405.86,No,Yes,No,Mailed check,2,0,Yes,No,0
CUST-02997,8,Month-to-month,No,77.05,672.92,Yes,Yes,Yes,Bank transfer,3,0,Yes,Yes,0
CUST-02998,8,Two year,Fiber optic,98.92,837.33,Yes,Yes,Yes,Credit card,0,0,Yes,No,0
CUST-02999,49,Month-to-month,Fiber optic,76.31,3779.42,No,No,Yes,Bank transfer,2,1,Yes,Yes,0
CUST-03000,26,One year,No,76.21,1987.93,Yes,Yes,No,Credit card,2,0,No,No,0
CUST-03001,38,One year,Fiber optic,103.94,3780.31,No,No,No,Credit card,3,0,No,No,0
CUST-03002,6,Month-to-month,No,92.53,612.88,No,No,Yes,Credit card,1,0,No,No,0
CUST-03003,23,Two year,Fiber optic,43.96,993.76,Yes,Yes,No,Electronic check,5,0,Yes,No,0
CUST-03004,20,One year,Fiber optic,80.83,1759.62,Yes,No,Yes,Mailed check,1,1,No,No,0
CUST-03005,42,Month-to-month,DSL,48.39,2035.6,No,Yes,Yes,Mailed check,1,0,Yes,Yes,0
CUST-03006,56,One year,No,77.6,4413.9,No,No,Yes,Mailed check,1,0,No,No,0
CUST-03007,0,Month-to-month,No,76.92,80.01,No,Yes,Yes,Bank transfer,0,0,No,No,0
CUST-03008,26,One year,Fiber optic,30.41,761.41,No,Yes,Yes,Mailed check,1,0,Yes,No,0
CUST-03009,1,Month-to-month,Fiber optic,61.95,128.92,Yes,No,Yes,Bank transfer,0,0,Yes,No,1
CUST-03010,19,Two year,DSL,71.63,1405.3,Yes,Yes,Yes,Mailed check,4,0,Yes,No,0
CUST-03011,8,Month-to-month,DSL,54.09,500.65,No,No,Yes,Electronic check,2,0,No,No,1
CUST-03012,8,One year,DSL,72.87,606.77,Yes,No,No,Mailed check,1,0,Yes,No,0
CUST-03013,10,Month-to-month,Fiber optic,85.15,881.33,No,No,Yes,Credit card,1,0,No,No,1
CUST-03014,23,One year,No,64.24,1432.49,No,No,No,Bank transfer,1,0,No,No,0
CUST-03015,9,One year,DSL,70.61,704.7,No,No,Yes,Credit card,1,0,No,Yes,1
CUST-03016,31,Month-to-month,No,99.59,2935.48,No,No,Yes,Credit card,2,0,No,No,0
CUST-03017,12,One year,DSL,76.83,1017.65,No,No,Yes,Mailed check,5,0,No,No,1
CUST-03018,1,Month-to-month,Fiber optic,70.02,131.3,No,Yes,Yes,Electronic check,0,0,No,No,1
CUST-03019,36,Two year,No,41.05,1425.17,No,No,Yes,Bank transfer,1,0,Yes,No,1
CUST-03020,8,Month-to-month,DSL,81.78,693.45,No,No,Yes,Bank transfer,2,0,No,No,1
CUST-03021,13,Two year,No,73.25,1037.76,No,No,No,Mailed check,3,0,No,Yes,1
CUST-03022,27,Two year,No,97.09,2823.54,No,Yes,No,Electronic check,1,0,No,No,0
CUST-03023,9,Month-to-month,DSL,66.17,685.6,No,Yes,No,Bank transfer,1,0,No,No,0
CUST-03024,1,Month-to-month,DSL,19.59,35.86,No,Yes,Yes,Electronic check,2,0,No,No,1
CUST-03025,11,Month-to-month,Fiber optic,22.5,253.63,Yes,No,Yes,Credit card,3,0,No,No,0
CUST-03026,69,Two year,Fiber optic,83.39,5842.13,Yes,Yes,Yes,Bank transfer,1,0,Yes,No,0
CUST-03027,24,Month-to-month,Fiber optic,50.75,1259.59,Yes,No,No,Electronic check,1,0,Yes,No,0
CUST-03028,26,Month-to-month,Fiber optic,75.92,1952.48,Yes,No,No,Electronic check,2,0,Yes,No,0
CUST-03029,24,Two year,Fiber optic,67.86,1746.42,No,Yes,No,Bank transfer,0,0,Yes,No,0
CUST-03030,5,Month-to-month,Fiber optic,60.83,335.62,Yes,No,Yes,Bank transfer,1,0,Yes,No,0
CUST-03031,13,One year,Fiber optic,62.59,872.63,No,No,Yes,Bank transfer,0,0,No,No,0
CUST-03032,33,Month-to-month,Fiber optic,43.37,1387.52,No,Yes,Yes,Bank transfer,0,1,No,Yes,0
CUST-03033,2,Month-to-month,Fiber optic,64.61,189.77,Yes,No,Yes,Bank transfer,1,0,No,No,0
CUST-03034,7,One year,Fiber optic,50.39,386.24,Yes,No,Yes,Mailed check,2,1,Yes,No,0
CUST-03035,7,Month-to-month,DSL,55.69,466.44,No,No,Yes,Credit card,2,0,Yes,No,1
CUST-03036,13,Month-to-month,DSL,56.91,775.23,No,No,Yes,Mailed check,1,0,Yes,No,1
CUST-03037,72,Two year,Fiber optic,59.33,4532.11,No,No,Yes,Electronic check,3,0,Yes,No,0
CUST-03038,1,Month-to-month,DSL,88.05,165.23,No,Yes,Yes,Electronic check,0,0,Yes,Yes,0
CUST-03039,17,Two year,No,61.76,1128.57,No,No,No,Electronic check,0,0,No,No,0
CUST-03040,4,Two year,Fiber optic,90.59,456.37,No,Yes,Yes,Mailed check,1,0,Yes,No,0
CUST-03041,72,Month-to-month,DSL,103.45,7756.86,Yes,No,Yes,Bank transfer,1,0,Yes,No,1
CUST-03042,2,Month-to-month,No,86.37,260.16,No,Yes,No,Electronic check,2,1,No,No,1
CUST-03043,12,One year,No,78.36,1021.08,Yes,Yes,Yes,Credit card,2,1,Yes,No,0
CUST-03044,32,Month-to-month,Fiber optic,73.17,2412.45,No,Yes,Yes,Bank transfer,0,0,No,No,0
CUST-03045,29,Month-to-month,DSL,86.63,2723.02,No,No,No,Electronic check,3,0,Yes,No,0
CUST-03046,13,One year,Fiber optic,67.23,879.3,No,No,Yes,Electronic check,0,0,Yes,No,0
CUST-03047,10,Month-to-month,DSL,89.61,891.59,Yes,No,Yes,Mailed check,1,0,Yes,No,0
CUST-03048,12,Two year,No,80.35,1046.32,No,Yes,Yes,Electronic check,2,1,Yes,Yes,0
CUST-03049,7,Month-to-month,DSL,56.0,414.78,No,No,Yes,Electronic check,1,0,Yes,No,1
CUST-03050,5,Month-to-month,No,87.4,525.4,No,Yes,Yes,Electronic check,1,0,Yes,No,1
CUST-03051,15,Month-to-month,Fiber optic,67.29,1020.6,Yes,Yes,Yes,Mailed check,0,0,Yes,Yes,0
CUST-03052,7,Two year,No,62.35,452.16,No,No,Yes,Electronic check,0,0,No,No,0
CUST-03053,8,One year,DSL,53.1,485.29,No,No,No,Electronic check,3,1,Yes,Yes,0
CUST-03054,25,Two year,Fiber optic,69.15,1632.04,No,Yes,Yes,Credit card,0,0,Yes,No,0
CUST-03055,72,Month-to-month,DSL,89.91,6127.75,No,No,No,Electronic check,2,0,No,No,1
CUST-03056,22,Month-to-month,Fiber optic,87.22,1906.68,No,No,Yes,Mailed check,1,0,No,Yes,1
CUST-03057,1,Month-to-month,Fiber optic,73.83,135.83,Yes,No,Yes,Electronic check,0,1,Yes,Yes,1
CUST-03058,1,Month-to-month,No,79.99,165.9,Yes,Yes,Yes,Electronic check,1,0,Yes,Yes,1
CUST-03059,72,One year,Fiber optic,96.79,7018.16,No,No,No,Bank transfer,1,0,No,No,0
CUST-03060,8,One year,DSL,61.25,568.51,No,Yes,No,Electronic check,0,0,Yes,No,0
CUST-03061,2,Month-to-month,Fiber optic,37.11,111.59,Yes,Yes,Yes,Electronic check,2,0,No,No,0
CUST-03062,21,Two year,Fiber optic,97.53,2250.35,No,Yes,Yes,Bank transfer,2,0,No,No,0
CUST-03063,23,Month-to-month,No,51.76,1215.87,No,No,No,Electronic check,3,0,No,No,1
CUST-03064,25,Two year,Fiber optic,47.74,1127.13,Yes,Yes,No,Mailed check,1,1,Yes,No,0
CUST-03065,7,Month-to-month,DSL,20.1,148.6,No,No,Yes,Electronic check,1,0,No,Yes,0
CUST-03066,0,Month-to-month,DSL,79.28,78.35,Yes,Yes,Yes,Electronic check,3,0,No,Yes,0
CUST-03067,72,Month-to-month,DSL,24.46,1700.16,Yes,No,No,Electronic check,1,1,Yes,No,0
CUST-03068,6,Month-to-month,No,46.24,296.79,No,No,Yes,Credit card,1,0,Yes,No,1
CUST-03069,27,One year,DSL,79.71,2088.42,No,Yes,No,Mailed check,1,0,No,Yes,1
CUST-03070,29,Month-to-month,Fiber optic,83.05,2419.71,Yes,No,Yes,Bank transfer,1,0,No,Yes,0
CUST-03071,22,Month-to-month,No,48.71,1095.38,No,Yes,No,Bank transfer,0,1,No,Yes,0
CUST-03072,9,One year,Fiber optic,61.65,641.28,Yes,No,Yes,Bank transfer,1,0,No,No,1
CUST-03073,7,One year,DSL,43.19,315.67,Yes,No,Yes,Bank transfer,1,0,Yes,Yes,0
CUST-03074,21,Two year,No,51.29,1076.1,Yes,No,Yes,Bank transfer,2,0,Yes,Yes,0
CUST-03075,48,Month-to-month,DSL,71.66,3426.74,Yes,No,No,Mailed check,2,1,Yes,No,0
CUST-03076,70,One year,No,52.46,3415.48,Yes,No,No,Mailed check,4,0,Yes,Yes,0
CUST-03077,2,One year,DSL,58.89,177.23,No,Yes,No,Credit card,1,0,Yes,Yes,0
CUST-03078,4,Month-to-month,No,28.38,138.67,No,No,No,Credit card,2,0,No,No,0
CUST-03079,69,Month-to-month,No,93.32,6329.42,Yes,No,Yes,Electronic check,1,0,No,No,0
CUST-03080,32,Month-to-month,Fiber optic,77.75,2561.68,Yes,Yes,Yes,Mailed check,1,0,Yes,No,1
CUST-03081,51,Month-to-month,Fiber optic,84.82,4159.99,Yes,Yes,No,Bank transfer,1,1,No,No,0
CUST-03082,5,Month-to-month,DSL,97.26,554.91,No,No,No,Electronic check,2,0,No,Yes,1
CUST-03083,21,Month-to-month,DSL,44.37,902.35,Yes,No,Yes,Credit card,2,0,Yes,No,1
CUST-03084,28,One year,Fiber optic,56.04,1590.31,Yes,Yes,Yes,Mailed check,0,1,Yes,No,0
CUST-03085,27,One year,Fiber optic,18.0,481.75,No,Yes,Yes,Bank transfer,2,1,Yes,Yes,1
CUST-03086,12,Two year,Fiber optic,120.0,1464.92,No,No,Yes,Electronic check,1,0,No,Yes,0
CUST-03087,0,One year,No,61.26,56.28,Yes,No,No,Electronic check,3,0,No,Yes,1
CUST-03088,20,Month-to-month,DSL,90.97,1725.99,No,Yes,No,Electronic check,1,0,No,No,0
CUST-03089,7,Two year,Fiber optic,34.05,253.06,Yes,No,No,Electronic check,1,0,Yes,No,0
CUST-03090,14,Two year,Fiber optic,89.91,1263.84,Yes,No,No,Mailed check,2,0,No,No,1
CUST-03091,72,Month-to-month,Fiber optic,111.44,7913.97,No,No,Yes,Credit card,0,0,Yes,Yes,0
CUST-03092,12,One year,Fiber optic,63.49,772.67,No,No,Yes,Mailed check,4,0,No,No,1
CUST-03093,43,Two year,Fiber optic,39.73,1787.71,No,Yes,No,Electronic check,1,0,Yes,No,0
CUST-03094,5,Month-to-month,No,61.53,358.52,Yes,No,Yes,Electronic check,0,0,Yes,No,1
CUST-03095,26,Two year,No,18.0,482.88,No,Yes,Yes,Bank transfer,0,0,No,No,0
CUST-03096,72,Month-to-month,Fiber optic,64.05,4353.92,Yes,Yes,No,Mailed check,0,0,No,No,0
CUST-03097,2,Month-to-month,Fiber optic,85.52,246.92,No,Yes,No,Credit card,4,1,No,No,1
CUST-03098,0,Month-to-month,Fiber optic,64.11,63.5,No,Yes,No,Bank transfer,0,1,Yes,No,0
CUST-03099,13,One year,DSL,57.9,767.36,Yes,No,No,Credit card,3,0,Yes,No,0
CUST-03100,2,Two year,Fiber optic,78.19,222.94,No,No,Yes,Electronic check,2,0,No,No,1
CUST-03101,33,Two year,Fiber optic,80.1,2780.9,No,Yes,Yes,Bank transfer,1,1,Yes,No,0
CUST-03102,59,Month-to-month,Fiber optic,23.5,1446.06,Yes,Yes,No,Electronic check,3,0,Yes,No,1
CUST-03103,13,Month-to-month,DSL,67.22,922.2,No,No,No,Bank transfer,1,1,Yes,No,1
CUST-03104,7,Two year,DSL,120.0,993.08,No,Yes,Yes,Mailed check,0,0,Yes,No,0
CUST-03105,13,One year,DSL,31.62,447.33,Yes,Yes,Yes,Bank transfer,0,0,Yes,No,0
CUST-03106,30,Month-to-month,Fiber optic,62.86,1769.96,No,No,No,Electronic check,5,0,No,No,1
CUST-03107,0,Month-to-month,No,113.54,111.71,No,No,Yes,Mailed check,2,0,No,No,1
CUST-03108,21,One year,No,92.6,2046.71,No,No,No,Electronic check,0,0,Yes,Yes,0
CUST-03109,22,One year,Fiber optic,52.17,1177.27,No,No,Yes,Electronic check,3,0,No,No,0
CUST-03110,24,Month-to-month,Fiber optic,70.15,1797.24,No,Yes,Yes,Bank transfer,3,1,No,No,0
CUST-03111,6,Month-to-month,DSL,64.95,429.7,Yes,No,No,Credit card,2,0,No,Yes,0
CUST-03112,30,Two year,Fiber optic,46.3,1305.87,No,Yes,Yes,Bank transfer,0,0,No,No,0
CUST-03113,2,One year,Fiber optic,63.14,188.48,Yes,Yes,Yes,Mailed check,1,1,No,No,1
CUST-03114,5,Month-to-month,DSL,58.0,351.35,Yes,No,No,Electronic check,2,0,Yes,No,1
CUST-03115,50,Month-to-month,DSL,67.82,3509.97,Yes,No,No,Electronic check,2,0,No,No,0
CUST-03116,32,One year,Fiber optic,46.29,1377.35,No,Yes,Yes,Electronic check,2,0,No,No,0
CUST-03117,0,Month-to-month,DSL,33.08,33.11,No,Yes,Yes,Credit card,0,0,Yes,Yes,0
CUST-03118,6,Month-to-month,No,63.97,404.4,Yes,No,Yes,Mailed check,2,0,No,No,0
CUST-03119,5,Month-to-month,Fiber optic,107.88,657.78,No,No,Yes,Credit card,1,0,No,Yes,1
CUST-03120,7,Month-to-month,DSL,67.06,539.41,Yes,No,Yes,Bank transfer,3,0,Yes,No,0
CUST-03121,6,One year,Fiber optic,56.71,391.06,No,No,Yes,Bank transfer,2,0,No,No,1
CUST-03122,1,Month-to-month,Fiber optic,83.85,163.67,No,No,Yes,Credit card,3,0,Yes,Yes,0
CUST-03123,14,One year,DSL,61.04,922.25,Yes,No,Yes,Electronic check,3,0,Yes,No,1
CUST-03124,31,Month-to-month,Fiber optic,111.7,3247.63,Yes,No,Yes,Mailed check,0,0,No,Yes,1
CUST-03125,22,Month-to-month,Fiber optic,64.9,1529.76,Yes,Yes,Yes,Credit card,1,1,No,No,0
CUST-03126,26,Month-to-month,Fiber optic,82.51,2072.24,Yes,Yes,No,Bank transfer,1,0,No,No,0
CUST-03127,2,Two year,DSL,46.13,134.47,No,No,No,Electronic check,0,1,No,Yes,1
CUST-03128,72,Two year,DSL,77.58,5510.54,Yes,Yes,Yes,Electronic check,0,1,Yes,No,0
CUST-03129,43,Month-to-month,Fiber optic,71.88,3215.12,No,Yes,No,Bank transfer,2,1,Yes,Yes,0
CUST-03130,39,One year,DSL,63.59,2362.87,No,No,No,Electronic check,2,0,No,Yes,0
CUST-03131,41,One year,Fiber optic,52.46,2082.05,No,Yes,Yes,Credit card,1,1,Yes,Yes,0
CUST-03132,64,Two year,DSL,49.05,3186.55,Yes,No,Yes,Electronic check,3,0,No,No,0
CUST-03133,18,Month-to-month,Fiber optic,72.06,1317.0,No,Yes,Yes,Bank transfer,1,0,Yes,No,1
CUST-03134,5,One year,DSL,80.72,457.6,No,No,Yes,Bank transfer,1,0,No,No,1
CUST-03135,23,Month-to-month,No,61.82,1473.61,No,No,Yes,Bank transfer,3,0,No,No,0
CUST-03136,32,Month-to-month,No,72.18,2174.68,No,No,No,Mailed check,1,0,Yes,No,0
CUST-03137,32,Two year,Fiber optic,64.05,2152.68,Yes,No,No,Credit card,0,0,No,Yes,0
CUST-03138,17,Month-to-month,No,67.46,1188.43,Yes,No,No,Bank transfer,4,0,No,Yes,1
CUST-03139,1,Month-to-month,Fiber optic,59.99,111.69,No,No,No,Bank transfer,1,0,No,Yes,0
CUST-03140,11,Month-to-month,No,65.45,754.99,No,No,No,Electronic check,4,0,Yes,Yes,0
CUST-03141,60,One year,Fiber optic,120.0,6731.92,No,No,Yes,Electronic check,5,0,Yes,No,0
CUST-03142,21,One year,Fiber optic,72.79,1589.35,Yes,No,Yes,Electronic check,1,0,Yes,Yes,0
CUST-03143,18,Month-to-month,Fiber optic,81.13,1542.08,No,Yes,Yes,Electronic check,2,0,No,No,1
CUST-03144,7,Two year,Fiber optic,75.95,583.78,Yes,No,No,Bank transfer,1,0,No,Yes,0
CUST-03145,11,Month-to-month,DSL,58.43,666.77,Yes,No,Yes,Mailed check,0,1,No,No,0
CUST-03146,54,Month-to-month,No,97.35,5501.32,No,No,No,Bank transfer,0,1,Yes,No,0
CUST-03147,26,Two year,DSL,57.72,1537.26,Yes,No,No,Electronic check,1,0,Yes,Yes,0
CUST-03148,37,Month-to-month,DSL,91.38,3472.62,No,No,Yes,Mailed check,0,1,No,Yes,1
CUST-03149,14,Month-to-month,DSL,56.64,780.89,No,Yes,Yes,Credit card,1,0,No,No,1
CUST-03150,23,Month-to-month,Fiber optic,41.0,990.89,No,No,No,Credit card,1,0,No,Yes,0
CUST-03151,6,Two year,Fiber optic,74.13,501.63,No,No,Yes,Credit card,2,0,No,Yes,0
CUST-03152,29,Month-to-month,Fiber optic,37.38,1070.94,No,No,Yes,Credit card,2,0,No,Yes,1
CUST-03153,13,Two year,Fiber optic,78.39,1140.71,Yes,No,No,Bank transfer,1,0,Yes,No,0
CUST-03154,14,One year,Fiber optic,35.15,478.79,No,No,No,Credit card,5,0,Yes,No,1
CUST-03155,25,Month-to-month,Fiber optic,57.02,1377.77,No,No,Yes,Bank transfer,3,0,No,No,0
CUST-03156,66,One year,Fiber optic,29.21,1871.46,No,Yes,No,Credit card,2,0,No,No,0
CUST-03157,1,Month-to-month,Fiber optic,120.0,227.67,No,No,Yes,Electronic check,4,0,Yes,No,1
CUST-03158,41,Month-to-month,No,23.65,970.06,Yes,No,No,Credit card,0,0,Yes,No,0
CUST-03159,8,One year,Fiber optic,65.25,563.84,Yes,No,No,Bank transfer,2,0,Yes,No,0
CUST-03160,14,Two year,DSL,93.58,1429.31,Yes,No,Yes,Electronic check,3,0,No,Yes,0
CUST-03161,0,Month-to-month,DSL,90.91,92.29,No,No,Yes,Electronic check,1,0,Yes,No,1
CUST-03162,8,Month-to-month,DSL,86.28,788.83,No,No,No,Credit card,1,0,No,No,0
CUST-03163,16,Month-to-month,Fiber optic,57.07,926.92,No,Yes,Yes,Mailed check,2,0,Yes,No,0
CUST-03164,1,Month-to-month,Fiber optic,98.78,189.88,No,Yes,Yes,Credit card,2,1,Yes,No,1
CUST-03165,16,Month-to-month,Fiber optic,87.83,1505.16,No,No,Yes,Electronic check,1,0,No,No,1
CUST-03166,62,Month-to-month,Fiber optic,70.31,4069.1,Yes,No,Yes,Mailed check,1,0,No,No,0
CUST-03167,2,One year,Fiber optic,71.01,218.95,Yes,No,No,Electronic check,0,0,Yes,No,0
CUST-03168,34,Month-to-month,DSL,57.4,1971.21,No,No,Yes,Mailed check,2,0,Yes,No,0
CUST-03169,12,Month-to-month,DSL,42.26,564.37,No,Yes,No,Bank transfer,1,0,No,No,1
CUST-03170,25,Two year,DSL,95.93,2541.67,Yes,No,Yes,Bank transfer,1,0,Yes,No,0
CUST-03171,7,Two year,Fiber optic,97.81,748.17,No,No,No,Electronic check,1,0,No,No,0
CUST-03172,4,Month-to-month,Fiber optic,42.9,196.32,Yes,Yes,Yes,Electronic check,1,0,Yes,No,0
CUST-03173,4,Month-to-month,No,61.16,317.46,No,No,Yes,Electronic check,2,1,No,No,1
CUST-03174,1,One year,Fiber optic,61.41,116.89,Yes,No,No,Credit card,0,0,Yes,No,0
CUST-03175,4,Month-to-month,DSL,64.18,306.8,No,No,Yes,Electronic check,2,0,Yes,No,1
CUST-03176,26,Month-to-month,DSL,66.61,1863.86,Yes,Yes,Yes,Mailed check,0,0,Yes,No,0
CUST-03177,51,One year,Fiber optic,88.67,4784.22,No,No,No,Mailed check,3,0,Yes,No,0
CUST-03178,40,Month-to-month,Fiber optic,46.32,1784.1,No,Yes,No,Credit card,1,1,No,No,0
CUST-03179,27,Month-to-month,DSL,43.84,1121.15,No,No,No,Electronic check,0,1,No,No,0
CUST-03180,2,Month-to-month,Fiber optic,95.92,259.03,No,Yes,Yes,Electronic check,0,0,Yes,No,1
CUST-03181,8,Month-to-month,Fiber optic,53.43,464.4,Yes,No,Yes,Bank transfer,1,0,No,Yes,1
CUST-03182,8,Month-to-month,Fiber optic,33.42,296.35,Yes,Yes,Yes,Credit card,3,1,No,No,0
CUST-03183,6,Two year,Fiber optic,52.87,348.09,No,No,No,Bank transfer,3,0,Yes,No,0
CUST-03184,17,Month-to-month,DSL,56.75,959.15,No,Yes,No,Electronic check,1,0,No,Yes,0
CUST-03185,18,Month-to-month,No,103.87,1881.8,Yes,No,Yes,Mailed check,1,0,Yes,No,0
CUST-03186,10,Month-to-month,Fiber optic,88.12,910.64,No,No,Yes,Credit card,3,0,Yes,No,1
CUST-03187,10,Two year,No,93.69,1060.24,Yes,No,Yes,Mailed check,3,0,Yes,No,0
CUST-03188,42,Month-to-month,No,85.5,3663.36,Yes,No,Yes,Mailed check,2,0,No,No,0
CUST-03189,37,Month-to-month,No,88.66,3451.09,No,No,Yes,Mailed check,0,0,Yes,No,0
CUST-03190,8,Two year,No,47.8,442.71,No,No,No,Credit card,2,0,Yes,Yes,0
CUST-03191,58,Month-to-month,Fiber optic,60.03,3418.7,No,Yes,No,Bank transfer,1,0,No,No,0
CUST-03192,72,Month-to-month,Fiber optic,40.25,2854.91,No,No,No,Bank transfer,1,0,No,No,0
CUST-03193,9,Month-to-month,DSL,59.74,625.28,No,Yes,No,Electronic check,2,0,No,No,0
CUST-03194,10,Month-to-month,DSL,82.1,923.44,Yes,No,No,Bank transfer,2,0,No,No,1
CUST-03195,16,Month-to-month,No,68.36,1185.0,No,No,No,Mailed check,1,0,No,Yes,1
CUST-03196,67,One year,No,97.79,6566.98,No,No,Yes,Electronic check,1,1,Yes,No,0
CUST-03197,50,Month-to-month,DSL,36.46,1802.14,Yes,Yes,Yes,Credit card,1,0,No,No,0
CUST-03198,2,One year,Fiber optic,77.51,240.48,Yes,No,Yes,Mailed check,3,0,Yes,No,0
CUST-03199,11,Month-to-month,Fiber optic,33.79,413.87,No,No,No,Electronic check,2,0,No,Yes,1
CUST-03200,19,Month-to-month,Fiber optic,67.35,1316.72,No,Yes,No,Credit card,0,0,Yes,No,0
CUST-03201,16,Month-to-month,DSL,83.51,1335.3,Yes,Yes,Yes,Electronic check,0,0,No,Yes,0
CUST-03202,5,Two year,DSL,59.64,329.96,Yes,No,No,Bank transfer,3,0,Yes,No,1
CUST-03203,46,Month-to-month,No,78.78,3639.37,Yes,No,Yes,Bank transfer,3,0,No,No,1
CUST-03204,27,One year,DSL,41.01,1084.44,Yes,No,No,Credit card,1,0,No,Yes,0
CUST-03205,43,Month-to-month,No,23.41,967.86,No,No,No,Credit card,2,0,Yes,No,0
CUST-03206,46,Month-to-month,DSL,78.93,3397.6,No,No,No,Bank transfer,0,0,Yes,Yes,0
CUST-03207,33,Month-to-month,No,108.6,3342.25,No,No,No,Electronic check,2,1,Yes,No,0
CUST-03208,13,Month-to-month,Fiber optic,40.1,571.23,Yes,No,Yes,Mailed check,0,0,No,Yes,0
CUST-03209,22,Month-to-month,No,95.55,2013.48,No,No,Yes,Credit card,0,1,No,Yes,1
CUST-03210,4,Month-to-month,DSL,66.09,341.45,Yes,Yes,Yes,Electronic check,1,0,Yes,Yes,1
CUST-03211,26,One year,Fiber optic,31.61,795.49,Yes,No,Yes,Bank transfer,2,0,Yes,No,0
CUST-03212,4,Month-to-month,Fiber optic,36.71,186.11,No,No,No,Electronic check,1,1,Yes,Yes,1
CUST-03213,28,One year,No,65.39,1940.78,Yes,No,Yes,Electronic check,2,0,Yes,No,0
CUST-03214,6,Month-to-month,Fiber optic,54.89,391.49,Yes,No,No,Electronic check,0,0,Yes,No,1
CUST-03215,3,Month-to-month,DSL,32.18,132.7,No,Yes,No,Electronic check,2,1,No,No,1
CUST-03216,4,One year,Fiber optic,22.65,107.7,Yes,Yes,Yes,Credit card,0,0,No,No,0
CUST-03217,0,Month-to-month,DSL,43.83,45.93,No,No,Yes,Credit card,1,0,Yes,Yes,1
CUST-03218,30,Month-to-month,No,69.85,2039.63,Yes,Yes,Yes,Mailed check,2,0,No,No,1
CUST-03219,31,One year,Fiber optic,64.84,2158.18,Yes,Yes,Yes,Bank transfer,2,0,Yes,Yes,0
CUST-03220,17,Two year,Fiber optic,52.47,911.99,No,No,Yes,Bank transfer,2,0,No,No,0
CUST-03221,4,Month-to-month,No,70.05,318.22,No,No,Yes,Credit card,0,0,No,No,0
CUST-03222,2,Month-to-month,DSL,91.0,277.84,No,Yes,Yes,Credit card,2,0,No,No,1
CUST-03223,0,Two year,No,74.85,76.21,No,No,No,Electronic check,0,0,Yes,Yes,0
CUST-03224,4,Month-to-month,Fiber optic,61.97,288.03,No,Yes,No,Mailed check,4,0,No,Yes,1
CUST-03225,53,One year,Fiber optic,88.2,4874.85,No,No,No,Bank transfer,1,0,No,No,0
CUST-03226,6,Month-to-month,Fiber optic,41.0,265.08,Yes,No,Yes,Credit card,3,0,Yes,Yes,1
CUST-03227,10,Month-to-month,DSL,59.38,602.7,No,Yes,No,Bank transfer,3,0,Yes,No,0
CUST-03228,2,One year,Fiber optic,59.97,183.75,No,Yes,No,Credit card,0,0,No,No,0
CUST-03229,6,Month-to-month,Fiber optic,34.08,225.09,No,Yes,No,Credit card,3,0,Yes,Yes,1
CUST-03230,17,Month-to-month,Fiber optic,54.5,894.21,No,No,Yes,Bank transfer,1,0,Yes,Yes,1
CUST-03231,22,Month-to-month,Fiber optic,18.0,431.99,Yes,Yes,No,Credit card,1,0,No,No,1
CUST-03232,6,One year,No,112.8,776.62,No,Yes,No,Mailed check,3,0,Yes,No,0
CUST-03233,1,One year,Fiber optic,41.56,80.39,No,Yes,Yes,Mailed check,1,0,No,No,0
CUST-03234,11,Month-to-month,DSL,104.65,1225.18,No,No,Yes,Bank transfer,4,0,Yes,Yes,0
CUST-03235,6,Month-to-month,No,65.95,461.91,No,Yes,No,Electronic check,1,1,No,Yes,0
CUST-03236,5,One year,Fiber optic,79.12,488.61,No,No,Yes,Electronic check,1,0,No,No,0
CUST-03237,72,One year,DSL,52.78,3856.36,No,No,Yes,Bank transfer,0,0,No,No,0
CUST-03238,22,One year,No,70.2,1632.25,No,No,Yes,Mailed check,1,1,Yes,No,0
CUST-03239,19,Month-to-month,No,81.26,1506.6,No,No,No,Credit card,0,0,Yes,No,0
CUST-03240,12,One year,Fiber optic,81.61,1015.96,No,No,No,Credit card,1,0,No,Yes,0
CUST-03241,13,One year,Fiber optic,84.37,1166.68,No,No,Yes,Mailed check,0,0,No,No,0
CUST-03242,18,Month-to-month,Fiber optic,55.79,1052.5,No,No,No,Mailed check,2,0,Yes,No,0
CUST-03243,28,Month-to-month,DSL,52.99,1445.44,Yes,No,Yes,Bank transfer,0,0,Yes,Yes,0
CUST-03244,29,Month-to-month,DSL,25.15,789.39,No,No,No,Mailed check,2,0,Yes,No,0
CUST-03245,4,One year,DSL,78.08,358.28,No,No,Yes,Electronic check,1,0,No,Yes,0
CUST-03246,16,Month-to-month,Fiber optic,92.06,1434.88,No,Yes,No,Bank transfer,1,1,No,No,1
CUST-03247,12,One year,Fiber optic,105.4,1280.28,No,Yes,Yes,Bank transfer,1,0,No,No,1
CUST-03248,49,Two year,DSL,72.63,3679.03,Yes,Yes,Yes,Electronic check,5,0,Yes,No,0
CUST-03249,23,One year,DSL,45.84,996.18,Yes,No,Yes,Credit card,2,0,No,No,0
CUST-03250,18,Two year,DSL,22.57,449.49,Yes,No,No,Bank transfer,1,0,No,No,0
CUST-03251,2,Two year,Fiber optic,91.04,286.27,No,No,No,Electronic check,3,1,Yes,No,0
CUST-03252,22,Month-to-month,Fiber optic,20.09,426.93,Yes,No,Yes,Bank transfer,4,1,No,No,1
CUST-03253,2,One year,Fiber optic,56.48,162.69,No,No,Yes,Electronic check,3,0,No,No,1
CUST-03254,9,Month-to-month,Fiber optic,59.39,552.68,Yes,Yes,No,Electronic check,1,0,Yes,Yes,1
CUST-03255,3,Two year,Fiber optic,63.26,243.22,No,No,No,Credit card,2,0,No,No,0
CUST-03256,28,Month-to-month,Fiber optic,65.9,1872.74,Yes,No,Yes,Credit card,2,0,Yes,No,0
CUST-03257,5,Two year,Fiber optic,68.45,420.31,Yes,No,Yes,Electronic check,0,0,No,No,0
CUST-03258,11,One year,Fiber optic,18.0,195.56,No,No,Yes,Credit card,1,0,No,Yes,0
CUST-03259,54,One year,Fiber optic,65.37,3768.05,Yes,No,Yes,Electronic check,1,0,No,No,0
CUST-03260,5,Month-to-month,DSL,18.0,112.44,No,Yes,Yes,Electronic check,0,0,Yes,No,1
CUST-03261,17,Month-to-month,Fiber optic,83.31,1477.93,Yes,No,Yes,Electronic check,2,0,No,Yes,1
CUST-03262,13,One year,DSL,51.12,695.74,No,No,Yes,Electronic check,2,0,Yes,No,0
CUST-03263,0,Month-to-month,DSL,18.0,17.69,No,No,No,Mailed check,2,0,No,Yes,1
CUST-03264,37,Two year,DSL,44.64,1531.38,Yes,No,No,Credit card,2,0,No,No,0
CUST-03265,1,Month-to-month,No,50.75,102.58,Yes,No,No,Electronic check,1,0,Yes,No,1
CUST-03266,15,One year,Fiber optic,94.77,1477.6,Yes,No,No,Mailed check,1,0,No,No,0
CUST-03267,19,Month-to-month,DSL,69.92,1318.56,No,No,No,Bank transfer,2,0,No,Yes,0
CUST-03268,23,One year,No,73.61,1712.28,Yes,Yes,Yes,Electronic check,2,0,No,No,0
CUST-03269,28,One year,No,94.53,2587.54,No,Yes,No,Bank transfer,1,1,No,Yes,0
CUST-03270,7,Month-to-month,Fiber optic,62.6,503.3,No,Yes,Yes,Mailed check,1,0,No,Yes,0
CUST-03271,0,Month-to-month,Fiber optic,83.85,83.19,No,No,No,Electronic check,4,0,Yes,No,1
CUST-03272,30,Month-to-month,Fiber optic,82.1,2438.75,Yes,Yes,No,Bank transfer,1,0,No,No,0
CUST-03273,18,One year,DSL,32.84,590.98,Yes,No,No,Electronic check,2,0,No,No,0
CUST-03274,43,Month-to-month,DSL,101.82,4622.12,Yes,No,Yes,Electronic check,2,0,Yes,Yes,0
CUST-03275,41,One year,Fiber optic,29.49,1241.47,No,No,No,Mailed check,3,0,Yes,No,0
CUST-03276,44,Month-to-month,DSL,87.93,3986.0,Yes,Yes,No,Mailed check,3,1,Yes,No,1
CUST-03277,15,Month-to-month,DSL,27.07,430.0,No,Yes,Yes,Bank transfer,1,0,Yes,No,1
CUST-03278,9,Month-to-month,Fiber optic,80.03,729.3,No,Yes,No,Mailed check,1,1,No,No,1
CUST-03279,37,Month-to-month,No,111.55,3852.69,Yes,Yes,Yes,Bank transfer,1,0,Yes,No,0
CUST-03280,14,Month-to-month,DSL,59.68,863.31,No,No,No,Bank transfer,0,0,Yes,No,1
CUST-03281,4,Two year,Fiber optic,58.59,304.54,Yes,No,Yes,Mailed check,1,0,Yes,No,0
CUST-03282,46,Two year,DSL,80.26,3691.9,Yes,No,Yes,Credit card,3,0,No,No,0
CUST-03283,51,Month-to-month,Fiber optic,56.77,3044.68,Yes,No,No,Credit card,2,0,Yes,No,0
CUST-03284,15,One year,DSL,110.46,1616.22,Yes,No,Yes,Bank transfer,0,0,No,Yes,0
CUST-03285,1,Two year,No,69.8,140.81,No,Yes,Yes,Electronic check,1,0,Yes,No,0
CUST-03286,11,Month-to-month,No,57.0,640.77,No,No,Yes,Mailed check,2,0,Yes,Yes,1
CUST-03287,39,Month-to-month,Fiber optic,51.49,2015.68,Yes,Yes,No,Electronic check,1,0,Yes,Yes,0
CUST-03288,55,Month-to-month,Fiber optic,41.68,2203.23,No,No,Yes,Mailed check,1,0,Yes,No,0
CUST-03289,5,Month-to-month,Fiber optic,49.31,297.89,No,No,No,Electronic check,1,0,Yes,No,0
CUST-03290,1,Two year,DSL,56.23,107.98,Yes,No,No,Bank transfer,2,0,No,Yes,0
CUST-03291,50,One year,Fiber optic,52.81,2610.69,Yes,No,Yes,Electronic check,5,0,No,No,1
CUST-03292,11,Month-to-month,DSL,48.55,545.78,No,Yes,No,Credit card,3,0,No,No,1
CUST-03293,18,Month-to-month,Fiber optic,117.47,2102.97,No,No,Yes,Electronic check,3,0,Yes,No,1
CUST-03294,72,One year,Fiber optic,39.25,2655.86,No,No,Yes,Bank transfer,2,0,No,No,0
CUST-03295,1,Two year,Fiber optic,68.67,135.01,No,No,Yes,Credit card,0,0,Yes,No,0
CUST-03296,25,One year,No,79.81,1912.69,No,Yes,Yes,Electronic check,3,1,No,No,0
CUST-03297,1,One year,DSL,80.75,151.85,No,Yes,Yes,Credit card,0,0,Yes,No,0
CUST-03298,11,Month-to-month,Fiber optic,63.53,746.78,No,No,Yes,Mailed check,3,1,No,Yes,1
CUST-03299,39,Two year,Fiber optic,58.98,2220.54,No,No,No,Credit card,3,0,No,No,0
CUST-03300,13,One year,DSL,76.29,1055.54,Yes,No,Yes,Credit card,1,0,No,No,0
CUST-03301,72,Month-to-month,Fiber optic,71.66,4719.18,No,No,No,Electronic check,1,0,Yes,No,0
CUST-03302,19,One year,DSL,58.53,1224.43,Yes,No,Yes,Credit card,3,0,No,No,1
CUST-03303,9,Month-to-month,No,25.95,261.96,No,No,Yes,Electronic check,2,1,Yes,No,0
CUST-03304,5,Month-to-month,DSL,53.3,311.99,No,Yes,Yes,Electronic check,1,0,No,No,0
CUST-03305,10,Month-to-month,DSL,36.34,414.98,No,No,Yes,Electronic check,1,0,Yes,Yes,1
CUST-03306,11,Month-to-month,DSL,48.32,597.5,Yes,Yes,No,Electronic check,1,0,Yes,No,0
CUST-03307,1,Month-to-month,No,65.83,125.73,No,Yes,Yes,Bank transfer,1,0,No,No,0
CUST-03308,11,Month-to-month,No,73.97,814.34,No,Yes,Yes,Mailed check,1,0,Yes,No,0
CUST-03309,14,Month-to-month,DSL,109.51,1540.53,No,No,Yes,Bank transfer,2,0,No,No,0
CUST-03310,30,Month-to-month,Fiber optic,51.56,1488.56,No,No,Yes,Electronic check,1,1,Yes,No,1
CUST-03311,25,Month-to-month,DSL,84.37,2221.06,No,No,Yes,Credit card,0,0,Yes,No,0
CUST-03312,29,Month-to-month,Fiber optic,72.65,2140.74,Yes,Yes,Yes,Electronic check,1,0,Yes,No,0
CUST-03313,0,One year,DSL,97.4,100.08,No,Yes,Yes,Electronic check,2,1,No,No,1
CUST-03314,5,Month-to-month,DSL,79.41,463.81,No,No,Yes,Bank transfer,1,0,No,No,0
CUST-03315,26,Month-to-month,Fiber optic,39.79,1090.94,Yes,No,Yes,Credit card,1,0,No,Yes,0
CUST-03316,15,Two year,Fiber optic,21.92,332.66,Yes,No,No,Bank transfer,1,0,Yes,No,0
CUST-03317,0,One year,DSL,72.78,72.08,Yes,Yes,Yes,Mailed check,0,1,No,No,0
CUST-03318,39,Two year,No,51.79,2063.13,No,No,Yes,Electronic check,1,0,No,No,0
CUST-03319,35,Month-to-month,DSL,40.49,1477.89,No,No,Yes,Electronic check,3,0,Yes,Yes,0
CUST-03320,19,Month-to-month,DSL,33.31,679.47,No,No,Yes,Mailed check,1,0,Yes,No,0
CUST-03321,1,One year,Fiber optic,69.02,129.96,No,No,Yes,Mailed check,2,0,No,Yes,0
CUST-03322,34,Month-to-month,DSL,102.69,3442.33,Yes,No,Yes,Electronic check,3,1,No,No,1
CUST-03323,21,Month-to-month,Fiber optic,54.78,1122.09,No,No,Yes,Bank transfer,2,0,No,No,0
CUST-03324,36,Month-to-month,DSL,79.76,2987.05,Yes,No,Yes,Bank transfer,0,0,Yes,No,0
CUST-03325,33,Two year,Fiber optic,62.44,1996.88,Yes,No,No,Bank transfer,1,0,Yes,No,0
CUST-03326,38,Month-to-month,DSL,32.77,1225.19,No,Yes,No,Electronic check,0,0,Yes,No,0
CUST-03327,17,Two year,Fiber optic,83.37,1531.35,Yes,No,Yes,Bank transfer,0,0,No,No,0
CUST-03328,3,Two year,Fiber optic,37.63,143.14,No,No,Yes,Electronic check,0,0,No,No,0
CUST-03329,26,Month-to-month,No,65.54,1670.0,No,Yes,No,Electronic check,3,0,No,No,0
CUST-03330,23,One year,Fiber optic,56.46,1351.89,No,No,No,Bank transfer,2,0,No,No,0
CUST-03331,32,One year,Fiber optic,87.33,3015.34,Yes,No,No,Bank transfer,1,1,No,Yes,0
CUST-03332,4,Two year,DSL,38.55,175.29,No,No,Yes,Bank transfer,4,0,Yes,No,0
CUST-03333,5,Month-to-month,No,74.77,459.93,No,No,Yes,Electronic check,2,0,No,No,1
CUST-03334,53,One year,Fiber optic,44.01,2182.24,No,No,No,Credit card,1,0,No,No,0
CUST-03335,33,Month-to-month,DSL,52.22,1689.79,No,No,No,Electronic check,1,0,Yes,No,1
CUST-03336,57,Two year,No,18.0,1004.86,No,No,Yes,Credit card,0,0,Yes,Yes,0
CUST-03337,34,Month-to-month,Fiber optic,117.3,4137.57,No,No,No,Mailed check,2,0,Yes,Yes,0
CUST-03338,21,Month-to-month,Fiber optic,78.76,1800.27,No,No,Yes,Electronic check,2,0,Yes,No,0
CUST-03339,25,One year,Fiber optic,45.82,1090.42,No,No,Yes,Electronic check,2,1,No,No,1
CUST-03340,52,Two year,No,36.88,1977.55,No,No,Yes,Electronic check,4,1,Yes,Yes,0
CUST-03341,20,One year,Fiber optic,52.61,1047.74,No,Yes,Yes,Mailed check,0,0,No,Yes,0
CUST-03342,24,Month-to-month,Fiber optic,82.92,2146.15,No,No,No,Credit card,3,0,No,No,0
CUST-03343,4,Month-to-month,DSL,18.0,84.76,Yes,Yes,No,Electronic check,1,0,No,No,1
CUST-03344,15,Two year,DSL,61.46,987.37,No,No,No,Bank transfer,1,0,No,No,0
CUST-03345,30,One year,Fiber optic,109.27,3132.35,Yes,No,Yes,Credit card,2,0,No,No,1
CUST-03346,7,Two year,DSL,36.65,306.01,Yes,No,Yes,Bank transfer,1,0,Yes,No,0
CUST-03347,5,Month-to-month,Fiber optic,67.01,362.11,Yes,No,Yes,Mailed check,2,0,Yes,No,0
CUST-03348,9,Month-to-month,Fiber optic,120.0,1121.91,Yes,Yes,Yes,Credit card,2,0,No,No,1
CUST-03349,6,One year,DSL,80.8,566.39,No,Yes,No,Electronic check,2,1,Yes,No,0
CUST-03350,5,Two year,No,68.15,420.36,No,No,Yes,Mailed check,0,0,No,No,0
CUST-03351,13,Month-to-month,Fiber optic,77.67,1140.7,Yes,No,Yes,Bank transfer,2,0,Yes,Yes,1
CUST-03352,57,Two year,No,54.98,2952.83,No,Yes,Yes,Electronic check,2,1,No,Yes,0
CUST-03353,16,Month-to-month,DSL,97.49,1567.95,Yes,Yes,Yes,Bank transfer,2,0,No,Yes,1
CUST-03354,4,Month-to-month,Fiber optic,55.02,284.39,No,No,No,Electronic check,3,1,No,No,1
CUST-03355,1,Month-to-month,DSL,18.0,32.58,No,Yes,Yes,Electronic check,2,0,No,No,1
CUST-03356,28,Month-to-month,Fiber optic,55.22,1617.39,No,No,No,Electronic check,0,0,Yes,No,0
CUST-03357,11,Month-to-month,No,40.83,472.06,Yes,No,No,Credit card,3,0,No,No,0
CUST-03358,41,Month-to-month,No,57.97,2442.83,No,No,Yes,Credit card,1,0,Yes,No,0
CUST-03359,25,Month-to-month,Fiber optic,58.52,1489.16,No,Yes,Yes,Electronic check,0,1,No,No,1
CUST-03360,38,Two year,Fiber optic,94.94,3680.69,No,Yes,No,Electronic check,1,0,No,No,0
CUST-03361,7,Month-to-month,Fiber optic,82.38,659.04,Yes,No,Yes,Mailed check,3,1,Yes,No,1
CUST-03362,28,Month-to-month,Fiber optic,71.58,2064.79,No,No,No,Bank transfer,2,0,No,No,0
CUST-03363,7,Month-to-month,Fiber optic,64.93,519.28,Yes,Yes,Yes,Credit card,1,0,Yes,Yes,0
CUST-03364,67,Month-to-month,Fiber optic,38.53,2581.4,No,Yes,Yes,Credit card,1,0,Yes,No,0
CUST-03365,24,One year,DSL,18.0,453.19,Yes,Yes,No,Bank transfer,1,0,No,No,0
CUST-03366,9,Month-to-month,Fiber optic,67.83,689.43,No,No,Yes,Bank transfer,1,0,No,Yes,0
CUST-03367,7,One year,No,84.87,691.31,Yes,No,Yes,Electronic check,0,0,No,Yes,1
CUST-03368,5,One year,No,62.29,384.21,No,Yes,Yes,Electronic check,2,0,No,Yes,1
CUST-03369,28,Month-to-month,DSL,51.63,1418.6,No,No,Yes,Bank transfer,0,0,Yes,No,0
CUST-03370,5,Month-to-month,No,76.61,465.11,No,No,Yes,Mailed check,2,0,Yes,No,0
CUST-03371,21,Month-to-month,Fiber optic,62.92,1442.38,No,No,Yes,Credit card,0,0,Yes,No,0
CUST-03372,7,Month-to-month,Fiber optic,107.14,818.65,Yes,No,Yes,Electronic check,0,0,Yes,No,1
CUST-03373,26,One year,DSL,95.82,2630.21,Yes,No,No,Electronic check,4,0,No,Yes,1
CUST-03374,40,One year,DSL,88.99,3443.25,Yes,No,Yes,Mailed check,1,1,No,No,0
CUST-03375,36,Month-to-month,DSL,83.94,2876.99,No,No,Yes,Credit card,1,0,No,No,0
CUST-03376,34,Month-to-month,No,32.75,1108.38,No,No,Yes,Bank transfer,1,1,Yes,Yes,0
CUST-03377,4,Month-to-month,No,81.57,416.41,No,No,Yes,Electronic check,2,0,Yes,Yes,1
CUST-03378,2,One year,DSL,74.41,211.19,Yes,No,Yes,Credit card,0,0,Yes,No,0
CUST-03379,28,Month-to-month,DSL,80.16,2195.02,No,Yes,Yes,Mailed check,0,0,No,No,0
CUST-03380,11,Month-to-month,Fiber optic,77.32,873.7,No,No,No,Mailed check,1,0,Yes,No,1
CUST-03381,13,Month-to-month,Fiber optic,76.32,996.59,No,Yes,Yes,Electronic check,0,0,Yes,Yes,0
CUST-03382,0,One year,DSL,120.0,119.0,No,No,Yes,Bank transfer,2,0,Yes,No,1
CUST-03383,7,Two year,Fiber optic,63.1,472.75,Yes,Yes,No,Mailed check,1,0,No,No,0
CUST-03384,0,Month-to-month,Fiber optic,88.41,91.97,Yes,No,Yes,Bank transfer,3,0,No,No,1
CUST-03385,50,Month-to-month,Fiber optic,53.23,2584.12,Yes,No,No,Bank transfer,3,0,Yes,No,0
CUST-03386,6,Two year,DSL,84.77,582.33,No,No,Yes,Electronic check,0,0,No,Yes,0
CUST-03387,19,Month-to-month,Fiber optic,88.48,1701.25,No,No,No,Electronic check,3,0,No,No,1
CUST-03388,0,One year,DSL,74.11,77.4,Yes,No,No,Credit card,2,0,Yes,No,0
CUST-03389,26,Month-to-month,Fiber optic,106.73,2776.82,Yes,Yes,No,Bank transfer,1,0,Yes,No,0
CUST-03390,9,One year,Fiber optic,42.89,422.28,Yes,Yes,Yes,Mailed check,0,1,Yes,No,1
CUST-03391,54,Month-to-month,Fiber optic,52.82,2947.26,No,Yes,No,Electronic check,2,0,Yes,Yes,1
CUST-03392,52,Two year,Fiber optic,70.31,3449.54,Yes,No,Yes,Electronic check,1,0,Yes,No,0
CUST-03393,9,One year,No,87.02,787.44,Yes,No,No,Electronic check,1,0,Yes,Yes,0
CUST-03394,55,One year,Fiber optic,69.49,3767.84,Yes,No,Yes,Electronic check,1,0,Yes,Yes,0
CUST-03395,72,One year,Fiber optic,97.14,6967.81,No,No,Yes,Mailed check,2,0,No,No,0
CUST-03396,41,One year,DSL,48.46,1919.43,No,No,Yes,Credit card,1,0,Yes,No,0
CUST-03397,44,Month-to-month,DSL,36.49,1591.76,No,No,Yes,Electronic check,3,0,Yes,No,0
CUST-03398,6,Two year,Fiber optic,72.7,504.97,Yes,No,Yes,Credit card,4,0,Yes,No,1
CUST-03399,20,Two year,Fiber optic,63.07,1385.38,No,No,No,Bank transfer,4,0,No,No,0
CUST-03400,1,Month-to-month,No,78.57,155.61,Yes,No,Yes,Electronic check,2,0,No,No,1
CUST-03401,2,Two year,DSL,64.31,186.63,No,Yes,No,Bank transfer,0,0,No,No,0
CUST-03402,72,One year,Fiber optic,56.5,3725.99,Yes,Yes,Yes,Electronic check,2,0,No,No,0
CUST-03403,9,Month-to-month,DSL,63.13,597.58,Yes,Yes,Yes,Bank transfer,2,0,Yes,No,1
CUST-03404,33,Month-to-month,Fiber optic,65.72,2131.19,No,No,Yes,Electronic check,2,1,No,No,1
CUST-03405,39,Month-to-month,Fiber optic,57.38,2229.88,Yes,No,Yes,Mailed check,3,0,Yes,Yes,0
CUST-03406,46,Month-to-month,DSL,59.92,2865.03,Yes,No,Yes,Bank transfer,1,0,Yes,No,0
CUST-03407,72,Month-to-month,No,54.91,4074.1,No,No,No,Electronic check,4,0,Yes,No,0
CUST-03408,6,Month-to-month,Fiber optic,86.42,621.15,No,Yes,Yes,Electronic check,4,0,No,Yes,1
CUST-03409,0,Month-to-month,No,69.85,65.9,No,No,No,Electronic check,1,0,Yes,No,1
CUST-03410,12,Month-to-month,Fiber optic,120.0,1485.07,No,No,Yes,Mailed check,3,0,No,Yes,1
CUST-03411,3,Two year,Fiber optic,69.02,254.69,No,Yes,No,Credit card,1,0,Yes,No,0
CUST-03412,0,Month-to-month,Fiber optic,51.23,52.7,No,No,Yes,Electronic check,0,0,Yes,Yes,1
CUST-03413,10,Month-to-month,Fiber optic,120.0,1317.14,No,No,No,Electronic check,3,0,Yes,Yes,1
CUST-03414,36,Month-to-month,No,75.34,2541.25,No,Yes,Yes,Mailed check,1,0,No,No,0
CUST-03415,20,Month-to-month,DSL,89.75,1782.12,Yes,No,Yes,Electronic check,3,0,Yes,No,0
CUST-03416,9,One year,Fiber optic,79.8,736.48,Yes,Yes,Yes,Bank transfer,1,0,No,No,1
CUST-03417,25,One year,No,80.58,2190.16,No,Yes,Yes,Electronic check,1,0,No,No,0
CUST-03418,6,One year,No,78.39,520.57,No,No,Yes,Bank transfer,1,0,No,No,0
CUST-03419,0,Month-to-month,DSL,37.45,36.49,No,No,Yes,Mailed check,0,0,No,No,0
CUST-03420,34,One year,No,74.19,2460.81,Yes,No,No,Electronic check,1,1,No,Yes,0
CUST-03421,23,Month-to-month,Fiber optic,31.88,743.04,Yes,No,Yes,Bank transfer,1,1,Yes,Yes,1
CUST-03422,34,Month-to-month,No,60.64,2228.08,Yes,No,Yes,Bank transfer,2,0,Yes,Yes,0
CUST-03423,0,Month-to-month,DSL,46.86,44.19,Yes,Yes,Yes,Electronic check,1,0,Yes,No,0
CUST-03424,43,Month-to-month,No,73.94,3065.94,No,No,No,Electronic check,2,0,No,No,1
CUST-03425,23,Month-to-month,DSL,73.35,1682.43,No,No,Yes,Electronic check,4,0,Yes,Yes,0
CUST-03426,19,Month-to-month,Fiber optic,77.03,1425.67,No,No,Yes,Mailed check,1,0,No,No,1
CUST-03427,23,Two year,DSL,72.18,1751.11,No,No,Yes,Electronic check,2,0,Yes,No,0
CUST-03428,47,Month-to-month,Fiber optic,49.83,2288.75,No,No,Yes,Bank transfer,1,0,Yes,No,1
CUST-03429,21,Month-to-month,Fiber optic,58.47,1269.78,No,Yes,Yes,Bank transfer,1,0,No,No,1
CUST-03430,20,Month-to-month,Fiber optic,88.01,1846.72,No,No,No,Credit card,0,0,No,No,1
CUST-03431,72,One year,No,91.7,6060.28,No,No,Yes,Bank transfer,3,0,No,No,0
CUST-03432,33,Month-to-month,Fiber optic,36.33,1231.02,No,No,Yes,Bank transfer,1,0,Yes,No,0
CUST-03433,14,Two year,DSL,26.73,392.9,No,No,No,Bank transfer,3,0,No,No,1
CUST-03434,29,Two year,Fiber optic,46.83,1281.87,No,Yes,Yes,Credit card,1,1,No,No,0
CUST-03435,11,Month-to-month,No,91.13,1004.62,No,Yes,No,Electronic check,1,0,No,Yes,0
CUST-03436,6,Month-to-month,Fiber optic,95.37,644.97,No,Yes,No,Electronic check,1,0,Yes,Yes,0
CUST-03437,21,Month-to-month,DSL,41.88,877.09,No,No,No,Electronic check,2,0,No,Yes,0
CUST-03438,63,One year,No,72.68,4491.62,No,No,Yes,Mailed check,2,0,Yes,Yes,0
CUST-03439,63,Month-to-month,Fiber optic,110.86,7061.89,Yes,Yes,Yes,Electronic check,1,0,No,Yes,1
CUST-03440,10,Month-to-month,Fiber optic,75.38,765.47,Yes,No,No,Electronic check,1,0,Yes,No,0
CUST-03441,18,Month-to-month,DSL,100.54,1909.05,No,Yes,Yes,Mailed check,2,0,No,No,1
CUST-03442,5,One year,No,89.97,552.08,Yes,No,Yes,Credit card,1,0,No,No,0
CUST-03443,72,Month-to-month,DSL,42.25,2777.18,No,Yes,Yes,Credit card,3,0,Yes,Yes,0
CUST-03444,72,Month-to-month,Fiber optic,60.25,4201.51,Yes,No,Yes,Bank transfer,0,0,No,No,0
CUST-03445,25,One year,No,65.87,1612.05,Yes,No,No,Mailed check,0,1,No,No,1
CUST-03446,39,One year,Fiber optic,67.6,2608.82,No,No,No,Credit card,0,1,No,No,0
CUST-03447,30,Two year,DSL,87.91,2704.2,No,No,Yes,Credit card,0,1,Yes,No,0
CUST-03448,21,Month-to-month,No,75.22,1535.92,No,Yes,No,Credit card,1,0,No,Yes,0
CUST-03449,1,One year,Fiber optic,18.0,33.12,Yes,No,Yes,Bank transfer,0,0,No,Yes,1
CUST-03450,14,One year,DSL,32.18,487.2,No,No,No,Electronic check,1,0,Yes,Yes,0
CUST-03451,26,Month-to-month,DSL,18.0,487.39,No,Yes,Yes,Electronic check,1,0,No,Yes,0
CUST-03452,27,One year,No,69.38,1882.66,Yes,No,Yes,Credit card,3,1,No,No,0
CUST-03453,11,Month-to-month,Fiber optic,71.01,830.99,Yes,No,Yes,Electronic check,1,0,No,Yes,0
CUST-03454,68,Two year,Fiber optic,72.08,4677.49,No,Yes,Yes,Electronic check,5,0,Yes,Yes,0
CUST-03455,4,Month-to-month,No,41.03,194.76,Yes,Yes,Yes,Mailed check,1,0,No,No,0
CUST-03456,16,One year,Fiber optic,81.85,1319.11,No,Yes,Yes,Electronic check,1,0,Yes,Yes,1
CUST-03457,28,Month-to-month,Fiber optic,82.91,2425.91,Yes,Yes,No,Credit card,1,1,No,No,1
CUST-03458,28,Two year,No,33.62,958.74,No,No,No,Electronic check,2,0,No,No,0
CUST-03459,25,Month-to-month,Fiber optic,28.35,744.05,Yes,Yes,No,Electronic check,3,0,Yes,No,0
CUST-03460,7,Two year,No,65.0,514.08,No,No,No,Credit card,1,1,Yes,No,0
CUST-03461,4,Two year,Fiber optic,109.79,538.98,No,No,No,Electronic check,1,0,Yes,Yes,0
CUST-03462,24,Month-to-month,Fiber optic,107.49,2547.75,Yes,Yes,No,Credit card,0,1,Yes,No,0
CUST-03463,21,Two year,DSL,79.09,1669.2,No,No,Yes,Mailed check,1,0,Yes,No,0
CUST-03464,4,Two year,DSL,46.75,241.49,No,Yes,No,Bank transfer,0,0,No,Yes,0
CUST-03465,29,Month-to-month,DSL,87.17,2579.51,No,No,Yes,Electronic check,1,0,No,Yes,0
CUST-03466,14,Month-to-month,DSL,53.69,788.17,No,No,Yes,Mailed check,1,0,No,No,1
CUST-03467,26,Month-to-month,No,45.81,1123.04,Yes,Yes,Yes,Electronic check,0,0,Yes,Yes,0
CUST-03468,43,Month-to-month,Fiber optic,18.0,792.5,No,Yes,Yes,Credit card,1,0,Yes,No,0
CUST-03469,4,Month-to-month,Fiber optic,67.56,338.78,No,Yes,No,Electronic check,3,0,Yes,No,0
CUST-03470,0,Month-to-month,Fiber optic,49.25,49.43,No,No,No,Electronic check,4,0,No,No,0
CUST-03471,36,Month-to-month,DSL,67.41,2278.88,No,No,No,Credit card,2,0,No,No,0
CUST-03472,22,Month-to-month,Fiber optic,18.0,391.26,Yes,No,No,Mailed check,0,0,No,Yes,0
CUST-03473,28,Month-to-month,Fiber optic,69.25,1919.25,Yes,No,Yes,Bank transfer,1,1,Yes,No,0
CUST-03474,43,Two year,DSL,18.0,810.99,No,No,No,Bank transfer,2,0,Yes,No,0
CUST-03475,38,One year,Fiber optic,92.2,3765.17,No,Yes,Yes,Electronic check,1,0,No,No,0
CUST-03476,72,Month-to-month,Fiber optic,78.05,5482.35,Yes,Yes,Yes,Electronic check,1,0,Yes,No,0
CUST-03477,18,One year,DSL,58.03,1083.98,Yes,Yes,No,Credit card,1,0,Yes,Yes,0
CUST-03478,16,One year,Fiber optic,79.07,1211.25,No,No,No,Electronic check,2,0,Yes,Yes,0
CUST-03479,12,Two year,No,40.55,475.13,Yes,Yes,No,Mailed check,0,0,No,No,0
CUST-03480,4,Month-to-month,DSL,66.81,304.38,Yes,Yes,Yes,Bank transfer,0,0,No,No,1
CUST-03481,20,Month-to-month,Fiber optic,84.87,1796.39,Yes,Yes,No,Electronic check,3,0,Yes,No,0
CUST-03482,7,Two year,DSL,18.0,133.45,No,No,Yes,Bank transfer,1,0,Yes,No,0
CUST-03483,61,Two year,Fiber optic,53.82,3382.48,No,No,Yes,Mailed check,1,0,No,No,0
CUST-03484,21,One year,DSL,64.43,1367.54,No,Yes,Yes,Credit card,2,0,No,No,1
CUST-03485,21,One year,No,60.09,1358.33,No,Yes,Yes,Electronic check,0,0,No,No,0
CUST-03486,10,Month-to-month,DSL,101.43,1149.81,Yes,Yes,Yes,Electronic check,0,0,No,No,1
CUST-03487,1,Month-to-month,DSL,36.9,76.16,Yes,Yes,Yes,Credit card,3,1,No,No,0
CUST-03488,0,Month-to-month,Fiber optic,49.47,48.56,No,Yes,No,Electronic check,1,0,Yes,No,0
CUST-03489,13,Month-to-month,Fiber optic,18.0,256.61,Yes,Yes,Yes,Mailed check,0,0,No,No,0
CUST-03490,2,Two year,No,102.76,308.06,No,No,Yes,Bank transfer,3,0,No,No,0
CUST-03491,22,Month-to-month,Fiber optic,58.84,1255.89,No,No,Yes,Bank transfer,2,0,No,No,1
CUST-03492,51,Month-to-month,Fiber optic,54.04,2689.89,Yes,Yes,No,Mailed check,2,0,No,No,0
CUST-03493,51,Two year,Fiber optic,63.69,3458.78,No,Yes,No,Electronic check,1,0,Yes,No,1
CUST-03494,25,Month-to-month,DSL,80.91,2137.08,No,Yes,Yes,Bank transfer,2,0,No,Yes,0
CUST-03495,5,Two year,Fiber optic,73.68,415.31,No,Yes,Yes,Electronic check,4,0,No,Yes,1
CUST-03496,47,Two year,No,120.0,5426.76,Yes,No,Yes,Credit card,0,1,No,No,0
CUST-03497,52,One year,Fiber optic,76.35,3796.18,Yes,No,Yes,Electronic check,2,0,No,No,0
CUST-03498,5,Month-to-month,Fiber optic,53.37,303.99,No,Yes,Yes,Credit card,0,0,Yes,No,0
CUST-03499,32,Month-to-month,DSL,50.97,1748.02,No,No,Yes,Mailed check,2,1,No,No,1
CUST-03500,8,Month-to-month,Fiber optic,55.18,479.25,Yes,Yes,Yes,Electronic check,3,0,Yes,No,1
CUST-03501,38,Month-to-month,DSL,27.45,1021.99,No,Yes,No,Mailed check,0,0,Yes,No,0
CUST-03502,72,Month-to-month,Fiber optic,66.0,4509.06,No,No,Yes,Electronic check,2,0,No,No,1
CUST-03503,0,Two year,Fiber optic,84.59,87.45,No,Yes,Yes,Electronic check,1,1,Yes,Yes,0
CUST-03504,54,Month-to-month,Fiber optic,49.67,2850.98,Yes,No,No,Electronic check,2,0,No,No,0
CUST-03505,23,One year,No,44.82,1020.32,Yes,No,No,Credit card,1,0,No,Yes,0
CUST-03506,72,Month-to-month,DSL,102.9,7455.35,Yes,No,No,Electronic check,2,0,Yes,No,0
CUST-03507,15,One year,DSL,29.34,489.99,Yes,No,Yes,Credit card,0,0,Yes,No,0
CUST-03508,45,Two year,Fiber optic,18.0,807.24,No,No,Yes,Electronic check,1,0,No,No,1
CUST-03509,1,Month-to-month,DSL,36.18,70.21,Yes,No,Yes,Bank transfer,2,0,Yes,No,0
CUST-03510,9,Month-to-month,DSL,26.49,259.38,No,No,Yes,Credit card,2,0,No,Yes,0
CUST-03511,1,One year,No,74.66,135.13,Yes,Yes,Yes,Credit card,1,0,Yes,No,0
CUST-03512,72,One year,DSL,55.98,3861.85,No,No,No,Electronic check,2,0,No,Yes,0
CUST-03513,40,One year,DSL,59.51,2451.74,Yes,No,No,Bank transfer,0,0,Yes,No,0
CUST-03514,45,Month-to-month,Fiber optic,93.82,4509.97,Yes,No,No,Electronic check,2,0,No,Yes,0
CUST-03515,66,Month-to-month,DSL,47.72,3150.28,Yes,No,No,Mailed check,1,0,No,No,1
CUST-03516,2,Two year,DSL,84.38,235.06,No,Yes,Yes,Bank transfer,2,0,No,Yes,0
CUST-03517,11,Two year,No,102.78,1188.99,Yes,Yes,No,Electronic check,1,0,No,No,0
CUST-03518,1,Month-to-month,Fiber optic,53.61,104.38,Yes,Yes,No,Electronic check,3,1,Yes,No,1
CUST-03519,5,Two year,Fiber optic,83.43,461.95,Yes,No,No,Electronic check,1,0,Yes,No,1
CUST-03520,6,Month-to-month,Fiber optic,58.95,391.77,No,No,Yes,Electronic check,1,0,Yes,No,1
CUST-03521,15,Month-to-month,Fiber optic,88.1,1362.74,No,Yes,Yes,Electronic check,0,0,No,No,1
CUST-03522,7,Month-to-month,Fiber optic,25.71,193.19,No,No,Yes,Credit card,1,0,No,No,1
CUST-03523,2,Month-to-month,No,23.86,68.22,No,No,Yes,Electronic check,1,0,No,No,1
CUST-03524,4,Month-to-month,DSL,55.22,259.93,Yes,No,No,Bank transfer,5,0,No,No,1
CUST-03525,3,Month-to-month,No,42.78,169.74,No,No,No,Bank transfer,1,0,No,No,0
CUST-03526,72,Month-to-month,No,52.08,3751.62,Yes,Yes,No,Bank transfer,0,0,No,Yes,0
CUST-03527,34,One year,Fiber optic,59.51,2046.93,No,No,Yes,Bank transfer,1,0,No,No,0
CUST-03528,72,One year,DSL,83.0,5541.02,No,Yes,Yes,Bank transfer,0,0,No,No,0
CUST-03529,13,One year,Fiber optic,54.81,711.73,No,Yes,Yes,Mailed check,5,0,Yes,Yes,0
CUST-03530,7,Two year,No,44.4,325.58,Yes,No,No,Mailed check,3,0,Yes,No,0
CUST-03531,38,Month-to-month,Fiber optic,56.21,1993.78,Yes,No,Yes,Credit card,6,0,No,No,1
CUST-03532,9,One year,Fiber optic,45.77,428.88,No,No,No,Credit card,1,0,No,No,1
CUST-03533,8,One year,Fiber optic,41.65,348.3,No,No,No,Bank transfer,1,0,Yes,Yes,0
CUST-03534,6,Month-to-month,DSL,24.67,174.2,Yes,No,No,Electronic check,2,0,No,No,1
CUST-03535,3,Month-to-month,Fiber optic,66.74,268.13,Yes,Yes,No,Mailed check,1,0,No,No,1
CUST-03536,7,Month-to-month,Fiber optic,50.78,377.88,No,No,No,Mailed check,2,0,Yes,Yes,1
CUST-03537,10,Two year,DSL,89.16,907.04,No,No,Yes,Bank transfer,3,0,No,No,1
CUST-03538,26,Month-to-month,No,28.82,717.24,No,Yes,No,Bank transfer,0,1,No,No,0
CUST-03539,1,Two year,Fiber optic,51.45,97.55,Yes,No,Yes,Mailed check,1,0,Yes,No,0
CUST-03540,5,One year,DSL,110.32,624.94,No,Yes,Yes,Bank transfer,1,0,No,Yes,1
CUST-03541,39,One year,No,41.51,1501.47,Yes,Yes,Yes,Electronic check,2,0,No,Yes,0
CUST-03542,3,Two year,Fiber optic,59.09,232.86,No,Yes,No,Bank transfer,0,1,No,No,0
CUST-03543,10,One year,No,34.6,393.81,Yes,Yes,Yes,Electronic check,1,0,No,No,0
CUST-03544,47,Month-to-month,Fiber optic,31.29,1473.13,Yes,No,No,Bank transfer,1,0,Yes,No,0
CUST-03545,4,Month-to-month,DSL,103.68,471.52,Yes,No,No,Electronic check,1,0,No,No,0
CUST-03546,2,Two year,DSL,69.28,205.75,No,No,No,Electronic check,3,0,Yes,No,1
CUST-03547,15,Month-to-month,DSL,68.34,1063.64,No,Yes,Yes,Electronic check,1,1,Yes,No,0
CUST-03548,8,Month-to-month,No,22.59,210.64,No,No,No,Credit card,2,0,No,No,1
CUST-03549,19,Month-to-month,Fiber optic,73.97,1412.06,No,Yes,Yes,Bank transfer,0,0,No,No,0
CUST-03550,39,Two year,Fiber optic,93.94,3805.69,No,No,Yes,Mailed check,0,0,No,Yes,0
CUST-03551,3,Month-to-month,DSL,93.74,339.63,No,Yes,No,Bank transfer,0,0,No,Yes,0
CUST-03552,20,One year,No,81.71,1730.02,No,No,Yes,Bank transfer,3,0,No,Yes,0
CUST-03553,16,Month-to-month,Fiber optic,36.76,566.32,No,Yes,Yes,Bank transfer,1,0,Yes,No,0
CUST-03554,3,Month-to-month,No,72.83,277.25,Yes,No,No,Mailed check,1,0,No,No,1
CUST-03555,23,One year,Fiber optic,81.69,2043.32,No,No,Yes,Electronic check,1,0,Yes,Yes,0
CUST-03556,7,Month-to-month,Fiber optic,20.14,162.0,Yes,No,Yes,Electronic check,1,0,No,No,0
CUST-03557,16,One year,DSL,36.97,652.85,No,Yes,No,Electronic check,0,0,Yes,No,0
CUST-03558,2,One year,Fiber optic,87.2,254.9,Yes,Yes,Yes,Bank transfer,1,0,No,Yes,1
CUST-03559,14,Two year,DSL,86.9,1291.68,No,No,Yes,Electronic check,1,0,Yes,Yes,0
CUST-03560,8,Month-to-month,Fiber optic,26.29,231.32,No,No,No,Mailed check,1,0,No,No,1
CUST-03561,41,Two year,Fiber optic,84.88,3464.53,Yes,No,No,Mailed check,2,0,Yes,No,0
CUST-03562,1,One year,DSL,67.38,132.97,No,No,No,Electronic check,1,0,Yes,No,0
CUST-03563,13,Two year,DSL,84.53,1071.98,No,No,No,Credit card,1,0,No,No,0
CUST-03564,14,Month-to-month,Fiber optic,49.14,683.92,Yes,No,Yes,Credit card,4,0,Yes,Yes,1
CUST-03565,30,Month-to-month,Fiber optic,81.13,2344.49,Yes,No,No,Electronic check,2,0,No,No,0
CUST-03566,20,Two year,Fiber optic,86.1,1731.12,Yes,Yes,No,Credit card,0,1,No,No,0
CUST-03567,26,Two year,DSL,56.22,1465.09,No,No,Yes,Mailed check,0,1,No,No,0
CUST-03568,36,Month-to-month,No,65.44,2447.81,No,No,No,Bank transfer,1,0,Yes,No,0
CUST-03569,47,Month-to-month,No,48.79,2165.88,No,No,No,Electronic check,2,0,Yes,No,0
CUST-03570,9,Month-to-month,Fiber optic,106.29,1047.47,Yes,Yes,Yes,Electronic check,2,1,Yes,Yes,0
CUST-03571,18,Month-to-month,Fiber optic,61.99,1108.13,Yes,No,No,Credit card,1,0,No,Yes,0
CUST-03572,43,Month-to-month,No,41.95,1803.99,Yes,No,No,Credit card,0,0,No,No,0
CUST-03573,72,Month-to-month,DSL,47.1,3417.64,Yes,No,Yes,Mailed check,3,0,No,No,1
CUST-03574,52,Two year,DSL,68.17,3567.37,No,No,No,Credit card,1,0,No,No,0
CUST-03575,11,Month-to-month,DSL,83.83,937.86,No,No,No,Bank transfer,2,0,No,No,1
CUST-03576,5,One year,Fiber optic,31.6,190.82,Yes,No,No,Electronic check,1,0,No,Yes,0
CUST-03577,16,Month-to-month,DSL,111.19,1886.58,No,Yes,Yes,Electronic check,0,0,No,Yes,0
CUST-03578,32,Month-to-month,No,72.72,2495.27,Yes,Yes,Yes,Electronic check,2,0,Yes,Yes,0
CUST-03579,16,Month-to-month,DSL,76.66,1296.86,No,Yes,Yes,Bank transfer,0,0,Yes,No,0
CUST-03580,15,Month-to-month,Fiber optic,62.57,1009.18,Yes,No,No,Credit card,1,1,No,No,1
CUST-03581,43,One year,Fiber optic,65.48,2943.51,No,No,No,Mailed check,0,0,No,No,0
CUST-03582,10,Two year,Fiber optic,61.29,617.49,Yes,Yes,Yes,Bank transfer,1,0,Yes,Yes,0
CUST-03583,47,Month-to-month,DSL,90.44,4360.44,No,Yes,Yes,Bank transfer,1,0,Yes,No,0
CUST-03584,12,Month-to-month,Fiber optic,64.8,798.42,Yes,No,Yes,Electronic check,3,0,Yes,Yes,0
CUST-03585,9,Month-to-month,Fiber optic,84.18,861.56,Yes,No,No,Electronic check,0,0,Yes,No,0
CUST-03586,14,Two year,No,54.15,789.53,No,No,No,Mailed check,2,0,No,Yes,0
CUST-03587,34,One year,Fiber optic,69.89,2414.58,Yes,No,Yes,Bank transfer,0,0,Yes,No,0
CUST-03588,3,Month-to-month,Fiber optic,44.9,168.65,No,Yes,Yes,Credit card,1,1,Yes,No,1
CUST-03589,5,One year,Fiber optic,95.41,571.08,No,No,Yes,Electronic check,2,0,No,No,1
CUST-03590,72,Two year,Fiber optic,44.16,2918.55,No,Yes,Yes,Mailed check,3,0,No,Yes,0
CUST-03591,4,Month-to-month,Fiber optic,56.88,287.89,No,No,No,Bank transfer,0,0,No,Yes,0
CUST-03592,20,Month-to-month,No,57.13,1109.14,Yes,Yes,Yes,Electronic check,1,1,No,Yes,1
CUST-03593,20,Two year,No,56.15,1101.49,No,Yes,Yes,Mailed check,2,0,No,No,0
CUST-03594,16,One year,DSL,83.06,1271.01,No,Yes,No,Electronic check,1,0,No,Yes,0
CUST-03595,24,Month-to-month,Fiber optic,57.08,1351.34,No,No,No,Mailed check,2,0,Yes,No,0
CUST-03596,6,Month-to-month,DSL,99.85,669.76,Yes,No,No,Bank transfer,2,0,No,No,0
CUST-03597,19,Month-to-month,Fiber optic,44.54,832.99,No,Yes,No,Electronic check,2,0,No,Yes,0
CUST-03598,11,Month-to-month,Fiber optic,69.23,776.37,Yes,Yes,No,Credit card,4,0,Yes,No,0
CUST-03599,26,One year,No,45.61,1273.27,Yes,No,No,Electronic check,1,0,No,No,0
CUST-03600,3,Month-to-month,Fiber optic,75.52,286.66,Yes,Yes,No,Electronic check,2,0,Yes,No,0
CUST-03601,20,One year,Fiber optic,64.6,1367.92,Yes,Yes,No,Mailed check,1,0,No,Yes,0
CUST-03602,4,Two year,DSL,61.12,285.92,Yes,No,No,Credit card,2,0,Yes,Yes,0
CUST-03603,7,Month-to-month,DSL,94.71,773.86,Yes,No,Yes,Electronic check,1,0,Yes,No,1
CUST-03604,5,Month-to-month,Fiber optic,48.64,292.32,No,Yes,Yes,Electronic check,1,0,Yes,Yes,1
CUST-03605,4,Month-to-month,Fiber optic,79.66,403.65,Yes,No,Yes,Bank transfer,1,0,No,No,0
CUST-03606,41,One year,Fiber optic,45.78,1857.25,No,No,No,Mailed check,2,0,No,No,0
CUST-03607,8,Month-to-month,DSL,67.82,629.87,Yes,No,No,Electronic check,3,0,Yes,No,1
CUST-03608,62,One year,Fiber optic,35.11,2114.83,Yes,Yes,No,Electronic check,2,0,No,No,0
CUST-03609,72,Two year,Fiber optic,48.44,3501.23,No,No,Yes,Credit card,2,0,Yes,No,0
CUST-03610,20,Month-to-month,DSL,62.95,1316.68,No,Yes,Yes,Credit card,3,0,Yes,No,0
CUST-03611,3,Two year,No,110.37,460.39,No,No,No,Electronic check,0,0,No,No,0
CUST-03612,11,Two year,Fiber optic,67.52,745.57,No,Yes,Yes,Bank transfer,4,0,Yes,No,0
CUST-03613,38,Month-to-month,Fiber optic,106.37,3817.97,Yes,No,Yes,Electronic check,2,0,No,No,1
CUST-03614,10,Month-to-month,DSL,70.51,751.8,No,No,No,Bank transfer,6,0,No,No,1
CUST-03615,2,Two year,DSL,55.32,172.21,No,No,Yes,Electronic check,2,0,No,No,0
CUST-03616,19,Two year,Fiber optic,103.48,1869.37,Yes,Yes,Yes,Electronic check,0,0,No,Yes,0
CUST-03617,44,Month-to-month,Fiber optic,75.93,3216.76,No,No,Yes,Bank transfer,1,0,Yes,Yes,0
CUST-03618,38,Month-to-month,Fiber optic,48.93,1798.62,No,No,Yes,Electronic check,0,1,No,Yes,0
CUST-03619,4,Month-to-month,Fiber optic,76.76,362.98,Yes,Yes,Yes,Electronic check,0,0,No,Yes,1
CUST-03620,26,Two year,DSL,57.69,1407.64,No,No,Yes,Credit card,1,0,No,No,1
CUST-03621,5,Month-to-month,Fiber optic,18.0,110.57,No,Yes,Yes,Credit card,2,1,Yes,Yes,0
CUST-03622,5,Month-to-month,No,88.4,478.07,No,No,Yes,Electronic check,0,0,No,No,1
CUST-03623,49,Two year,DSL,92.37,4487.59,Yes,No,No,Bank transfer,1,0,Yes,No,0
CUST-03624,6,Month-to-month,DSL,110.95,705.55,No,Yes,Yes,Bank transfer,1,0,No,No,0
CUST-03625,7,One year,Fiber optic,75.55,616.37,Yes,Yes,Yes,Mailed check,1,0,Yes,No,0
CUST-03626,0,Month-to-month,DSL,58.78,59.48,Yes,Yes,Yes,Credit card,0,0,No,Yes,1
CUST-03627,49,Two year,Fiber optic,85.87,4328.83,Yes,No,Yes,Bank transfer,1,0,Yes,Yes,0
CUST-03628,37,Month-to-month,No,86.25,3311.72,No,No,Yes,Bank transfer,0,0,No,Yes,0
CUST-03629,23,One year,No,105.96,2647.4,No,Yes,Yes,Electronic check,1,0,No,Yes,1
CUST-03630,33,One year,Fiber optic,63.88,2090.52,No,No,No,Mailed check,0,1,Yes,No,0
CUST-03631,3,Month-to-month,Fiber optic,60.86,250.56,No,Yes,No,Mailed check,2,1,No,No,1
CUST-03632,14,Month-to-month,Fiber optic,47.11,655.51,Yes,No,No,Electronic check,1,1,No,No,1
CUST-03633,10,Month-to-month,DSL,78.44,834.96,Yes,No,Yes,Electronic check,3,0,No,No,1
CUST-03634,2,Month-to-month,DSL,26.29,71.09,No,No,No,Electronic check,1,1,Yes,No,0
CUST-03635,15,Two year,No,84.4,1272.92,No,Yes,Yes,Electronic check,1,0,Yes,No,0
CUST-03636,60,Two year,DSL,79.7,4709.65,No,No,No,Electronic check,1,0,Yes,No,0
CUST-03637,0,Month-to-month,Fiber optic,79.63,82.53,Yes,No,Yes,Electronic check,3,0,No,No,1
CUST-03638,8,One year,DSL,68.46,583.82,Yes,No,No,Electronic check,2,0,Yes,No,0
CUST-03639,5,One year,DSL,103.32,620.45,Yes,No,No,Mailed check,1,0,Yes,Yes,0
CUST-03640,6,Two year,DSL,86.8,622.85,Yes,No,Yes,Mailed check,1,0,Yes,No,0
CUST-03641,57,Month-to-month,DSL,49.82,2742.13,Yes,Yes,Yes,Electronic check,1,0,No,Yes,0
CUST-03642,15,Month-to-month,DSL,50.27,744.31,No,No,Yes,Credit card,0,0,Yes,Yes,1
CUST-03643,15,Month-to-month,DSL,43.01,680.37,No,No,Yes,Bank transfer,3,0,Yes,No,1
CUST-03644,34,Month-to-month,DSL,78.78,2599.19,No,No,No,Bank transfer,1,0,Yes,No,0
CUST-03645,4,Month-to-month,DSL,40.0,199.57,Yes,No,Yes,Credit card,2,0,No,No,0
CUST-03646,16,Month-to-month,DSL,92.08,1440.45,Yes,No,Yes,Electronic check,2,1,No,No,0
CUST-03647,13,Month-to-month,DSL,98.07,1266.9,No,No,No,Mailed check,1,1,Yes,No,0
CUST-03648,21,One year,DSL,43.02,947.75,No,Yes,Yes,Mailed check,2,0,No,No,0
CUST-03649,72,Month-to-month,DSL,60.36,4609.12,No,Yes,Yes,Mailed check,3,1,Yes,No,0
CUST-03650,35,Month-to-month,Fiber optic,65.42,2206.83,No,No,Yes,Electronic check,1,1,Yes,No,0
CUST-03651,12,Month-to-month,Fiber optic,87.1,1140.32,No,Yes,No,Credit card,0,0,Yes,Yes,0
CUST-03652,42,Month-to-month,Fiber optic,105.23,4433.51,Yes,No,Yes,Electronic check,1,0,No,Yes,1
CUST-03653,4,One year,DSL,22.86,117.34,Yes,No,No,Credit card,0,0,No,No,0
CUST-03654,0,Month-to-month,DSL,57.05,54.67,No,No,Yes,Bank transfer,2,1,Yes,No,1
CUST-03655,5,Month-to-month,No,58.35,366.12,No,No,Yes,Bank transfer,0,0,Yes,No,0
CUST-03656,9,Month-to-month,Fiber optic,29.98,273.53,Yes,No,Yes,Electronic check,0,1,No,No,0
CUST-03657,17,Month-to-month,Fiber optic,52.87,997.05,No,No,No,Mailed check,0,0,Yes,No,0
CUST-03658,22,Month-to-month,Fiber optic,75.69,1787.76,No,Yes,Yes,Electronic check,0,0,Yes,No,0
CUST-03659,57,Two year,Fiber optic,58.03,3466.61,No,No,Yes,Electronic check,1,0,No,No,0
CUST-03660,17,Month-to-month,DSL,26.38,487.36,Yes,Yes,No,Credit card,3,0,Yes,Yes,0
CUST-03661,16,Month-to-month,Fiber optic,120.0,2099.73,Yes,Yes,No,Mailed check,2,1,No,No,1
CUST-03662,1,Month-to-month,DSL,71.65,146.49,No,No,No,Mailed check,1,0,Yes,No,0
CUST-03663,0,Month-to-month,DSL,67.79,70.16,No,Yes,Yes,Credit card,1,1,Yes,No,1
CUST-03664,19,One year,DSL,37.55,727.81,No,No,Yes,Electronic check,2,0,No,No,0
CUST-03665,13,One year,No,71.52,1042.23,No,No,Yes,Bank transfer,1,1,No,Yes,0
CUST-03666,43,One year,Fiber optic,60.89,2565.95,No,No,No,Bank transfer,3,0,No,No,0
CUST-03667,4,Month-to-month,Fiber optic,18.0,90.83,No,Yes,Yes,Mailed check,2,0,Yes,No,0
CUST-03668,0,Month-to-month,No,38.24,38.49,Yes,No,Yes,Credit card,1,0,No,No,1
CUST-03669,14,Two year,No,84.87,1302.5,No,Yes,Yes,Credit card,1,0,Yes,No,0
CUST-03670,6,Two year,Fiber optic,113.6,803.75,No,Yes,Yes,Mailed check,2,0,No,Yes,0
CUST-03671,1,Month-to-month,Fiber optic,74.18,134.31,No,Yes,No,Mailed check,1,0,No,Yes,1
CUST-03672,30,Month-to-month,Fiber optic,92.58,2901.19,No,No,No,Mailed check,4,0,No,No,1
CUST-03673,2,Month-to-month,Fiber optic,61.11,165.64,No,Yes,No,Bank transfer,2,0,No,No,1
CUST-03674,22,Month-to-month,No,62.84,1416.39,No,No,Yes,Bank transfer,4,0,No,Yes,1
CUST-03675,7,Month-to-month,DSL,92.27,757.24,Yes,Yes,No,Electronic check,0,0,Yes,No,0
CUST-03676,4,Month-to-month,Fiber optic,106.57,545.87,Yes,Yes,Yes,Electronic check,1,1,Yes,No,1
CUST-03677,11,One year,No,97.53,1201.02,Yes,No,Yes,Credit card,0,0,No,No,0
CUST-03678,38,Month-to-month,DSL,38.34,1480.85,Yes,Yes,Yes,Electronic check,4,0,Yes,No,0
CUST-03679,11,Month-to-month,Fiber optic,63.33,704.92,No,No,Yes,Bank transfer,1,0,No,No,0
CUST-03680,33,Month-to-month,No,71.94,2387.74,Yes,No,Yes,Credit card,1,0,No,No,0
CUST-03681,3,Two year,No,58.51,228.76,No,No,Yes,Electronic check,1,0,Yes,No,0
CUST-03682,35,Month-to-month,No,74.7,2551.28,No,No,No,Bank transfer,0,0,Yes,No,0
CUST-03683,6,One year,DSL,85.51,576.79,No,No,No,Electronic check,2,0,No,No,0
CUST-03684,27,Month-to-month,DSL,90.07,2599.7,No,No,Yes,Credit card,0,1,Yes,No,0
CUST-03685,20,One year,Fiber optic,107.15,2199.95,Yes,No,Yes,Electronic check,1,0,No,No,0
CUST-03686,63,Month-to-month,DSL,56.76,3653.39,No,Yes,Yes,Mailed check,1,0,Yes,No,0
CUST-03687,11,Month-to-month,No,30.9,361.3,Yes,No,Yes,Mailed check,3,0,No,Yes,0
CUST-03688,1,Month-to-month,Fiber optic,73.96,146.83,No,No,Yes,Bank transfer,0,0,No,No,1
CUST-03689,0,Month-to-month,DSL,112.1,102.45,Yes,Yes,Yes,Electronic check,4,0,No,No,0
CUST-03690,42,Month-to-month,DSL,53.08,2373.07,No,No,No,Mailed check,3,0,No,No,1
CUST-03691,17,One year,Fiber optic,82.17,1427.87,Yes,No,Yes,Electronic check,3,0,No,No,0
CUST-03692,35,Month-to-month,DSL,82.39,3002.36,Yes,No,Yes,Electronic check,2,0,No,No,0
CUST-03693,6,Month-to-month,Fiber optic,69.79,488.56,No,Yes,No,Bank transfer,0,0,No,No,1
CUST-03694,10,Month-to-month,DSL,65.17,731.13,No,No,No,Electronic check,0,0,No,Yes,0
CUST-03695,0,One year,Fiber optic,41.91,37.94,Yes,Yes,Yes,Bank transfer,4,0,No,Yes,0
CUST-03696,72,Two year,No,18.0,1366.96,No,No,Yes,Credit card,2,0,No,Yes,0
CUST-03697,26,One year,Fiber optic,37.2,1028.97,Yes,Yes,No,Credit card,1,0,No,No,0
CUST-03698,64,Month-to-month,Fiber optic,55.24,3680.6,Yes,Yes,No,Bank transfer,0,0,No,No,0
CUST-03699,7,One year,Fiber optic,92.44,717.38,No,Yes,Yes,Electronic check,2,1,No,Yes,0
CUST-03700,22,Two year,No,62.42,1463.58,No,No,No,Mailed check,1,0,No,No,0
CUST-03701,27,Two year,DSL,52.02,1436.57,No,No,Yes,Credit card,0,0,Yes,No,0
CUST-03702,9,Month-to-month,DSL,42.73,416.84,Yes,Yes,No,Credit card,0,0,Yes,Yes,0
CUST-03703,45,Month-to-month,DSL,81.42,3811.76,Yes,Yes,Yes,Mailed check,8,0,No,No,0
CUST-03704,70,Month-to-month,DSL,98.96,6985.2,No,No,Yes,Credit card,1,0,No,No,0
CUST-03705,51,Month-to-month,Fiber optic,91.59,4341.54,Yes,No,No,Credit card,3,0,No,No,0
CUST-03706,32,One year,DSL,80.15,2505.23,No,No,No,Credit card,0,0,No,No,1
CUST-03707,7,Month-to-month,Fiber optic,28.11,223.38,Yes,Yes,Yes,Bank transfer,2,0,No,Yes,0
CUST-03708,7,Month-to-month,No,56.21,465.68,No,No,Yes,Credit card,2,1,Yes,No,1
CUST-03709,72,One year,DSL,113.68,8630.17,Yes,Yes,Yes,Credit card,1,0,Yes,No,0
CUST-03710,0,Two year,Fiber optic,93.05,95.45,Yes,No,Yes,Electronic check,5,0,No,Yes,0
CUST-03711,30,Month-to-month,Fiber optic,26.56,772.43,No,Yes,Yes,Credit card,3,1,No,No,0
CUST-03712,29,One year,DSL,63.61,1852.97,No,No,No,Electronic check,1,0,Yes,No,0
CUST-03713,23,Month-to-month,Fiber optic,74.08,1715.71,No,No,Yes,Mailed check,1,0,No,Yes,1
CUST-03714,72,Two year,Fiber optic,45.95,3239.64,No,No,No,Bank transfer,1,0,No,No,0
CUST-03715,8,Two year,Fiber optic,18.0,147.01,No,No,No,Bank transfer,1,0,Yes,Yes,0
CUST-03716,9,Month-to-month,DSL,67.47,624.8,No,No,Yes,Credit card,5,0,No,No,1
CUST-03717,1,One year,DSL,45.31,83.64,No,Yes,No,Mailed check,1,0,No,Yes,0
CUST-03718,14,Two year,Fiber optic,45.4,675.95,No,No,No,Mailed check,1,0,Yes,No,0
CUST-03719,7,Month-to-month,Fiber optic,56.13,431.87,No,No,Yes,Electronic check,3,0,Yes,No,1
CUST-03720,10,Month-to-month,DSL,61.66,643.44,No,No,No,Mailed check,2,0,Yes,No,0
CUST-03721,43,One year,DSL,64.77,2754.65,No,Yes,No,Bank transfer,4,0,No,No,0
CUST-03722,65,Month-to-month,Fiber optic,42.9,2685.96,No,No,Yes,Electronic check,4,0,Yes,Yes,1
CUST-03723,4,Month-to-month,Fiber optic,59.49,301.5,No,No,Yes,Mailed check,2,0,Yes,Yes,1
CUST-03724,11,Two year,No,21.06,233.78,Yes,Yes,No,Electronic check,3,0,No,No,0
CUST-03725,63,One year,No,72.78,4231.35,Yes,No,Yes,Bank transfer,0,1,Yes,No,0
CUST-03726,1,Month-to-month,No,18.0,35.91,No,No,No,Electronic check,1,0,No,Yes,0
CUST-03727,2,Month-to-month,No,57.76,161.95,Yes,No,No,Bank transfer,1,0,Yes,No,1
CUST-03728,4,Month-to-month,Fiber optic,87.98,438.36,No,No,Yes,Mailed check,0,1,Yes,Yes,0
CUST-03729,21,Month-to-month,Fiber optic,38.52,770.14,No,Yes,Yes,Electronic check,1,0,No,Yes,1
CUST-03730,3,Month-to-month,Fiber optic,82.91,310.77,No,No,Yes,Credit card,0,0,Yes,No,0
CUST-03731,72,One year,Fiber optic,93.89,6326.78,No,No,Yes,Mailed check,0,0,No,Yes,0
CUST-03732,14,Month-to-month,No,18.0,254.77,Yes,Yes,No,Bank transfer,3,0,No,No,0
CUST-03733,16,Month-to-month,DSL,61.22,988.0,No,Yes,Yes,Bank transfer,1,0,Yes,No,0
CUST-03734,6,Month-to-month,DSL,18.0,122.76,No,Yes,Yes,Bank transfer,2,0,Yes,Yes,0
CUST-03735,15,Two year,Fiber optic,62.04,970.82,Yes,Yes,Yes,Bank transfer,1,1,No,No,0
CUST-03736,26,Month-to-month,No,64.82,1740.54,No,No,No,Bank transfer,5,0,No,Yes,1
CUST-03737,33,Month-to-month,No,18.0,581.25,No,Yes,Yes,Bank transfer,1,0,Yes,No,0
CUST-03738,33,Month-to-month,Fiber optic,113.12,3768.4,Yes,Yes,No,Mailed check,1,0,No,No,1
CUST-03739,20,One year,No,72.15,1588.66,No,No,No,Electronic check,1,0,No,No,0
CUST-03740,56,One year,Fiber optic,43.77,2324.23,No,No,No,Credit card,3,0,Yes,Yes,0
CUST-03741,40,Month-to-month,Fiber optic,101.63,3845.59,Yes,Yes,Yes,Credit card,2,0,Yes,No,0
CUST-03742,33,Month-to-month,DSL,20.11,701.78,No,Yes,Yes,Mailed check,1,0,Yes,No,1
CUST-03743,1,Month-to-month,DSL,34.27,65.9,No,Yes,Yes,Electronic check,1,0,No,No,1
CUST-03744,0,Month-to-month,Fiber optic,18.0,18.49,Yes,No,Yes,Electronic check,3,1,No,No,0
CUST-03745,5,Month-to-month,Fiber optic,110.03,636.22,No,Yes,No,Bank transfer,1,0,No,No,1
CUST-03746,26,Month-to-month,No,73.31,1787.87,Yes,No,Yes,Electronic check,0,0,Yes,No,0
CUST-03747,12,Month-to-month,DSL,81.49,1013.0,No,Yes,Yes,Bank transfer,1,0,No,Yes,0
CUST-03748,12,Month-to-month,DSL,72.53,934.89,Yes,Yes,No,Credit card,3,0,No,No,0
CUST-03749,51,Month-to-month,Fiber optic,79.34,3990.08,Yes,No,Yes,Credit card,0,1,No,No,0
CUST-03750,54,One year,Fiber optic,66.95,3567.74,No,Yes,Yes,Electronic check,0,0,No,Yes,0
CUST-03751,57,Month-to-month,Fiber optic,71.77,4369.74,Yes,Yes,Yes,Credit card,2,0,No,No,0
CUST-03752,9,Month-to-month,Fiber optic,67.69,664.46,Yes,Yes,No,Bank transfer,3,0,No,Yes,1
CUST-03753,28,Month-to-month,Fiber optic,49.79,1450.47,No,Yes,Yes,Electronic check,2,1,No,No,1
CUST-03754,7,Two year,Fiber optic,63.83,514.8,No,No,No,Mailed check,4,0,Yes,No,0
CUST-03755,5,Two year,DSL,71.84,387.95,No,Yes,Yes,Bank transfer,2,1,No,No,0
CUST-03756,4,Month-to-month,Fiber optic,67.76,333.0,No,No,Yes,Credit card,1,1,No,No,1
CUST-03757,10,Month-to-month,No,28.06,322.38,No,No,No,Electronic check,3,0,Yes,No,1
CUST-03758,13,Month-to-month,Fiber optic,31.38,444.87,No,No,No,Electronic check,1,0,Yes,No,0
CUST-03759,42,Month-to-month,DSL,92.07,3765.27,No,Yes,Yes,Mailed check,1,0,No,No,0
CUST-03760,3,Month-to-month,Fiber optic,57.33,218.93,Yes,No,No,Credit card,1,0,Yes,No,0
CUST-03761,31,One year,DSL,79.62,2409.09,Yes,Yes,Yes,Credit card,3,0,Yes,Yes,0
CUST-03762,18,Month-to-month,Fiber optic,37.7,712.38,No,Yes,No,Electronic check,3,1,Yes,No,1
CUST-03763,8,Two year,No,28.17,231.88,No,Yes,No,Electronic check,1,0,Yes,No,0
CUST-03764,16,Month-to-month,DSL,43.91,704.29,No,No,Yes,Credit card,0,0,No,No,0
CUST-03765,8,Two year,DSL,59.44,521.44,No,Yes,No,Bank transfer,2,0,No,Yes,1
CUST-03766,21,One year,Fiber optic,48.37,1043.16,Yes,No,Yes,Credit card,2,0,Yes,Yes,0
CUST-03767,13,Month-to-month,DSL,97.35,1350.79,Yes,Yes,No,Credit card,1,0,Yes,Yes,0
CUST-03768,4,Month-to-month,DSL,69.49,354.25,No,No,No,Electronic check,0,0,Yes,No,0
CUST-03769,2,Month-to-month,Fiber optic,111.22,308.46,No,No,Yes,Bank transfer,4,0,Yes,No,1
CUST-03770,18,Month-to-month,DSL,75.11,1332.55,Yes,No,Yes,Electronic check,1,0,Yes,No,1
CUST-03771,55,Month-to-month,No,18.0,1039.09,No,No,No,Credit card,0,0,No,No,1
CUST-03772,10,One year,DSL,91.4,1030.21,Yes,No,Yes,Bank transfer,2,1,No,No,0
CUST-03773,31,Month-to-month,No,27.26,892.59,No,No,No,Credit card,2,0,No,No,0
CUST-03774,25,Two year,No,70.76,1713.35,No,Yes,Yes,Credit card,0,0,No,No,0
CUST-03775,64,Month-to-month,No,45.63,2695.27,No,No,No,Electronic check,3,0,No,No,1
CUST-03776,41,Two year,Fiber optic,118.57,4872.93,Yes,No,Yes,Electronic check,2,0,No,No,0
CUST-03777,20,Month-to-month,DSL,100.99,2185.49,Yes,Yes,Yes,Mailed check,3,0,No,No,0
CUST-03778,25,One year,DSL,46.45,1129.96,Yes,No,No,Credit card,0,0,No,Yes,0
CUST-03779,54,Month-to-month,DSL,61.82,3521.25,No,Yes,No,Credit card,1,0,No,No,0
CUST-03780,12,Month-to-month,No,71.11,851.61,Yes,No,Yes,Credit card,1,0,No,Yes,1
CUST-03781,9,Two year,Fiber optic,86.59,818.03,Yes,Yes,Yes,Bank transfer,2,0,Yes,Yes,0
CUST-03782,0,Month-to-month,Fiber optic,65.73,62.1,No,Yes,No,Electronic check,1,0,No,Yes,0
CUST-03783,42,One year,Fiber optic,39.38,1562.39,No,Yes,No,Electronic check,5,0,Yes,No,0
CUST-03784,38,One year,Fiber optic,47.06,1892.08,No,No,No,Electronic check,1,0,No,No,1
CUST-03785,2,Month-to-month,Fiber optic,64.89,187.25,No,Yes,No,Bank transfer,0,0,Yes,No,1
CUST-03786,20,Month-to-month,DSL,95.86,1869.32,No,No,Yes,Credit card,1,0,No,Yes,0
CUST-03787,14,One year,Fiber optic,75.7,1047.03,No,No,No,Electronic check,6,0,No,No,1
CUST-03788,3,Month-to-month,DSL,45.66,175.91,No,No,No,Credit card,2,0,Yes,Yes,0
CUST-03789,72,One year,DSL,81.21,5350.87,Yes,Yes,Yes,Mailed check,6,0,No,No,0
CUST-03790,5,Two year,Fiber optic,55.33,304.81,No,Yes,Yes,Electronic check,3,0,Yes,Yes,1
CUST-03791,1,Month-to-month,Fiber optic,87.26,157.16,No,No,Yes,Mailed check,0,0,Yes,No,1
CUST-03792,21,Month-to-month,DSL,120.0,2385.66,No,Yes,No,Mailed check,2,0,Yes,No,0
CUST-03793,32,One year,DSL,56.03,1940.71,No,No,No,Credit card,0,0,Yes,No,0
CUST-03794,0,Month-to-month,No,85.04,82.26,No,No,No,Mailed check,0,0,No,No,1
CUST-03795,25,Month-to-month,No,46.37,1216.88,Yes,Yes,Yes,Electronic check,2,0,No,No,0
CUST-03796,18,Month-to-month,No,62.19,1194.09,No,No,No,Credit card,3,0,Yes,No,0
CUST-03797,2,Month-to-month,DSL,65.74,203.54,No,No,No,Credit card,3,0,Yes,No,1
CUST-03798,4,Month-to-month,No,60.16,275.4,No,No,Yes,Bank transfer,3,0,Yes,No,1
CUST-03799,20,Month-to-month,No,120.0,2466.7,Yes,No,Yes,Electronic check,1,0,Yes,No,0
CUST-03800,8,One year,No,57.34,489.36,No,No,No,Electronic check,1,0,Yes,No,1
CUST-03801,66,Month-to-month,Fiber optic,79.67,5243.26,Yes,Yes,No,Electronic check,2,0,Yes,Yes,0
CUST-03802,40,Month-to-month,No,18.0,700.97,Yes,No,Yes,Electronic check,1,1,Yes,No,0
CUST-03803,72,Two year,DSL,75.8,5132.5,Yes,No,Yes,Credit card,2,1,No,Yes,0
CUST-03804,7,One year,DSL,93.55,749.09,Yes,No,Yes,Electronic check,2,0,Yes,No,0
CUST-03805,72,Two year,Fiber optic,51.81,3425.72,No,No,Yes,Mailed check,0,0,No,No,0
CUST-03806,13,Month-to-month,Fiber optic,18.0,260.65,No,No,Yes,Bank transfer,0,0,No,Yes,1
CUST-03807,10,One year,Fiber optic,64.03,649.35,No,Yes,Yes,Credit card,0,0,No,No,0
CUST-03808,1,Month-to-month,Fiber optic,65.43,129.85,No,Yes,No,Electronic check,1,0,No,No,1
CUST-03809,1,Month-to-month,Fiber optic,83.1,168.38,No,No,No,Mailed check,0,0,Yes,No,1
CUST-03810,28,Month-to-month,No,115.27,3045.11,No,No,Yes,Electronic check,0,1,No,Yes,0
CUST-03811,14,Month-to-month,Fiber optic,55.5,862.05,No,No,No,Electronic check,0,0,Yes,No,0
CUST-03812,6,Two year,Fiber optic,43.59,290.92,No,Yes,No,Electronic check,1,0,No,Yes,0
CUST-03813,22,Month-to-month,Fiber optic,35.83,864.89,No,No,Yes,Bank transfer,0,0,Yes,No,0
CUST-03814,6,One year,DSL,69.95,445.74,No,Yes,Yes,Electronic check,5,0,Yes,No,1
CUST-03815,20,One year,Fiber optic,76.98,1628.73,No,Yes,No,Mailed check,3,0,Yes,No,0
CUST-03816,10,One year,Fiber optic,51.36,522.08,Yes,No,No,Electronic check,1,0,No,No,0
CUST-03817,41,Month-to-month,DSL,84.47,3407.26,No,No,Yes,Credit card,3,0,Yes,No,0
CUST-03818,41,One year,DSL,76.63,3110.58,No,Yes,Yes,Bank transfer,1,0,No,Yes,0
CUST-03819,15,Month-to-month,Fiber optic,66.08,1015.96,No,No,No,Credit card,2,1,No,Yes,1
CUST-03820,10,Month-to-month,Fiber optic,42.44,443.79,Yes,No,Yes,Electronic check,1,0,No,No,1
CUST-03821,10,Two year,Fiber optic,52.95,591.23,No,No,No,Credit card,4,0,Yes,No,0
CUST-03822,39,Month-to-month,No,18.0,736.55,No,No,No,Mailed check,0,0,No,Yes,0
CUST-03823,9,Month-to-month,Fiber optic,70.89,673.7,No,Yes,Yes,Electronic check,1,0,No,No,0
CUST-03824,5,Two year,DSL,65.66,383.09,Yes,No,Yes,Bank transfer,1,0,No,Yes,0
CUST-03825,2,Month-to-month,Fiber optic,69.71,201.45,Yes,No,Yes,Bank transfer,2,0,Yes,No,0
CUST-03826,15,One year,DSL,77.61,1228.13,No,No,Yes,Credit card,3,0,No,No,0
CUST-03827,15,Month-to-month,Fiber optic,74.65,1101.88,No,No,Yes,Bank transfer,0,0,Yes,No,0
CUST-03828,44,Month-to-month,Fiber optic,62.24,2859.2,Yes,No,No,Electronic check,3,0,No,No,1
CUST-03829,6,Month-to-month,DSL,66.22,472.6,Yes,No,Yes,Electronic check,3,0,No,Yes,0
CUST-03830,11,Month-to-month,Fiber optic,29.89,354.58,No,No,Yes,Mailed check,2,1,Yes,No,0
CUST-03831,39,Month-to-month,Fiber optic,50.41,2040.44,No,No,No,Electronic check,2,0,Yes,No,1
CUST-03832,41,One year,DSL,66.26,2917.27,No,No,No,Bank transfer,2,0,Yes,No,0
CUST-03833,11,Month-to-month,No,46.6,580.66,No,No,No,Mailed check,2,1,No,No,1
CUST-03834,14,Two year,Fiber optic,86.5,1286.75,No,No,Yes,Credit card,2,0,Yes,Yes,0
CUST-03835,8,Month-to-month,DSL,48.53,426.6,Yes,No,Yes,Bank transfer,0,0,No,No,1
CUST-03836,64,Month-to-month,No,70.41,4485.94,No,No,Yes,Mailed check,0,0,Yes,No,0
CUST-03837,3,One year,No,67.91,263.49,Yes,Yes,Yes,Electronic check,0,0,No,No,0
CUST-03838,65,Two year,DSL,83.66,5367.14,No,No,No,Electronic check,1,0,Yes,No,0
CUST-03839,27,Month-to-month,DSL,87.52,2474.59,Yes,No,Yes,Credit card,1,1,No,No,1
CUST-03840,18,One year,Fiber optic,82.35,1641.03,No,Yes,No,Credit card,1,0,Yes,No,0
CUST-03841,0,Two year,DSL,18.0,16.32,No,No,Yes,Mailed check,0,0,Yes,Yes,0
CUST-03842,15,Month-to-month,Fiber optic,94.85,1418.24,Yes,No,Yes,Credit card,1,0,No,No,1
CUST-03843,12,Two year,Fiber optic,103.18,1249.5,Yes,Yes,No,Bank transfer,2,1,No,Yes,0
CUST-03844,4,Month-to-month,Fiber optic,52.95,271.35,Yes,No,Yes,Credit card,0,0,No,No,1
CUST-03845,25,One year,Fiber optic,70.92,1775.62,No,No,Yes,Electronic check,2,0,Yes,No,0
CUST-03846,72,Two year,DSL,42.73,3053.07,Yes,No,Yes,Mailed check,4,1,No,No,0
CUST-03847,19,One year,DSL,18.0,349.33,Yes,Yes,No,Mailed check,2,1,Yes,Yes,0
CUST-03848,30,Month-to-month,DSL,46.53,1482.89,No,Yes,Yes,Mailed check,0,0,No,No,0
CUST-03849,1,Month-to-month,Fiber optic,51.5,100.42,No,Yes,Yes,Electronic check,2,0,Yes,Yes,1
CUST-03850,12,Two year,Fiber optic,56.13,729.82,Yes,Yes,No,Mailed check,1,0,Yes,Yes,1
CUST-03851,2,Month-to-month,DSL,41.03,111.14,No,Yes,No,Bank transfer,5,0,No,No,1
CUST-03852,22,Month-to-month,No,46.66,1070.89,No,No,No,Electronic check,1,1,No,No,1
CUST-03853,66,One year,Fiber optic,64.72,4059.34,No,No,Yes,Bank transfer,2,0,Yes,Yes,0
CUST-03854,26,Month-to-month,Fiber optic,45.74,1272.07,Yes,No,No,Bank transfer,0,0,Yes,No,0
CUST-03855,1,Month-to-month,No,78.59,159.18,No,Yes,No,Credit card,1,0,No,No,0
CUST-03856,10,Month-to-month,Fiber optic,82.04,826.99,No,No,Yes,Mailed check,1,1,No,No,1
CUST-03857,19,Month-to-month,No,120.0,2197.25,No,Yes,Yes,Electronic check,2,0,No,No,0
CUST-03858,12,One year,DSL,93.14,1142.95,No,No,No,Mailed check,3,0,Yes,Yes,1
CUST-03859,43,One year,Fiber optic,71.08,2873.77,No,No,No,Electronic check,2,0,No,No,1
CUST-03860,40,Month-to-month,Fiber optic,49.49,2051.51,No,No,No,Bank transfer,3,0,Yes,No,1
CUST-03861,22,Two year,Fiber optic,72.34,1743.72,No,Yes,No,Electronic check,3,0,No,No,0
CUST-03862,11,Two year,Fiber optic,73.16,876.42,No,No,Yes,Mailed check,0,0,Yes,No,0
CUST-03863,7,One year,No,52.17,391.22,Yes,No,Yes,Electronic check,2,0,No,No,1
CUST-03864,2,Month-to-month,DSL,84.59,249.87,Yes,No,Yes,Electronic check,2,0,No,No,1
CUST-03865,10,One year,DSL,30.05,337.44,No,No,Yes,Credit card,2,0,No,No,0
CUST-03866,12,Month-to-month,DSL,58.89,799.51,No,No,Yes,Credit card,0,0,Yes,No,0
CUST-03867,27,One year,Fiber optic,78.9,1989.96,No,Yes,Yes,Bank transfer,1,1,No,No,0
CUST-03868,25,One year,DSL,57.81,1470.82,No,No,No,Electronic check,1,0,No,No,0
CUST-03869,1,Month-to-month,DSL,59.83,115.83,No,Yes,Yes,Credit card,0,0,No,Yes,0
CUST-03870,12,Two year,DSL,61.56,770.01,Yes,Yes,Yes,Credit card,0,1,No,No,0
CUST-03871,4,Month-to-month,Fiber optic,44.11,215.16,Yes,Yes,No,Credit card,1,0,Yes,No,1
CUST-03872,4,One year,DSL,94.35,453.13,No,No,No,Mailed check,0,0,Yes,No,1
CUST-03873,42,Month-to-month,No,39.55,1618.34,No,Yes,Yes,Electronic check,2,0,No,No,0
CUST-03874,1,Two year,Fiber optic,72.95,133.82,Yes,No,No,Electronic check,1,0,No,No,0
CUST-03875,13,Month-to-month,Fiber optic,75.34,1028.37,No,No,No,Credit card,2,0,Yes,Yes,1
CUST-03876,4,Month-to-month,DSL,41.28,211.18,Yes,No,Yes,Credit card,3,0,No,Yes,0
CUST-03877,50,Month-to-month,Fiber optic,66.83,3121.04,Yes,No,Yes,Mailed check,1,0,Yes,No,0
CUST-03878,19,Month-to-month,DSL,42.26,854.31,Yes,No,Yes,Electronic check,2,0,No,No,1
CUST-03879,6,Month-to-month,No,99.78,656.67,No,Yes,No,Bank transfer,3,0,Yes,No,0
CUST-03880,16,One year,DSL,36.53,594.42,Yes,Yes,Yes,Credit card,2,0,No,No,0
CUST-03881,31,Month-to-month,DSL,48.65,1631.86,Yes,No,Yes,Bank transfer,2,1,No,No,1
CUST-03882,72,Month-to-month,DSL,34.39,2513.69,No,No,No,Bank transfer,4,0,Yes,No,0
CUST-03883,5,Month-to-month,Fiber optic,31.06,187.83,No,Yes,Yes,Electronic check,1,0,No,No,1
CUST-03884,52,Two year,Fiber optic,104.78,5499.8,Yes,No,Yes,Electronic check,0,0,No,No,0
CUST-03885,65,One year,No,78.57,4917.81,No,No,Yes,Bank transfer,4,0,No,No,0
CUST-03886,59,One year,DSL,68.51,4115.81,Yes,No,Yes,Credit card,2,0,Yes,No,0
CUST-03887,24,One year,Fiber optic,48.59,1176.6,No,No,No,Electronic check,2,0,Yes,No,0
CUST-03888,23,Month-to-month,Fiber optic,87.69,2156.78,No,No,No,Electronic check,3,0,No,No,0
CUST-03889,12,Month-to-month,DSL,44.39,568.79,No,No,Yes,Bank transfer,0,0,No,No,0
CUST-03890,33,Month-to-month,DSL,84.84,2929.81,Yes,No,Yes,Mailed check,2,0,Yes,Yes,0
CUST-03891,18,Two year,No,43.19,842.99,No,No,Yes,Bank transfer,2,0,Yes,Yes,0
CUST-03892,27,Two year,Fiber optic,48.89,1400.64,No,Yes,No,Bank transfer,2,0,No,Yes,0
CUST-03893,13,Month-to-month,No,83.96,1128.79,Yes,No,No,Bank transfer,2,0,Yes,No,0
CUST-03894,31,Month-to-month,DSL,86.6,2647.36,Yes,No,Yes,Credit card,5,0,Yes,No,0
CUST-03895,41,Month-to-month,DSL,79.94,3459.41,No,No,Yes,Electronic check,1,0,Yes,No,1
CUST-03896,3,Month-to-month,DSL,38.76,142.86,No,Yes,Yes,Mailed check,4,0,No,No,0
CUST-03897,42,One year,Fiber optic,53.83,2180.23,Yes,Yes,Yes,Electronic check,2,0,Yes,Yes,1
CUST-03898,18,Month-to-month,No,68.92,1202.3,No,Yes,No,Credit card,2,0,Yes,No,0
CUST-03899,44,Two year,Fiber optic,43.77,1785.12,Yes,Yes,No,Credit card,4,0,Yes,No,0
CUST-03900,13,Month-to-month,Fiber optic,99.27,1379.19,Yes,No,No,Electronic check,0,0,No,No,0
CUST-03901,11,Two year,No,18.0,223.59,No,No,Yes,Electronic check,1,0,No,No,0
CUST-03902,59,One year,DSL,45.53,2511.65,Yes,Yes,Yes,Electronic check,1,0,No,No,0
CUST-03903,6,One year,No,52.26,372.9,No,No,Yes,Bank transfer,1,0,No,No,0
CUST-03904,44,One year,DSL,18.0,775.09,Yes,Yes,Yes,Electronic check,0,0,No,No,0
CUST-03905,15,One year,Fiber optic,30.09,477.94,No,No,Yes,Bank transfer,2,0,No,Yes,0
CUST-03906,17,One year,No,80.63,1472.47,No,No,Yes,Bank transfer,2,0,No,No,1
CUST-03907,8,One year,Fiber optic,65.76,595.69,No,No,Yes,Bank transfer,5,0,Yes,No,0
CUST-03908,20,One year,No,104.33,2016.76,Yes,Yes,Yes,Credit card,2,0,Yes,No,0
CUST-03909,9,Two year,Fiber optic,103.63,950.61,No,No,No,Mailed check,2,0,Yes,No,1
CUST-03910,0,One year,No,75.83,78.76,Yes,Yes,No,Credit card,1,0,No,No,0
CUST-03911,7,One year,Fiber optic,72.83,531.32,No,Yes,Yes,Electronic check,1,1,No,No,0
CUST-03912,0,Two year,DSL,66.65,62.17,No,Yes,Yes,Electronic check,1,0,Yes,No,0
CUST-03913,72,Month-to-month,No,18.0,1269.0,Yes,No,Yes,Mailed check,1,1,No,No,0
CUST-03914,72,Month-to-month,DSL,30.14,2251.16,No,Yes,No,Bank transfer,1,0,Yes,No,0
CUST-03915,12,Month-to-month,DSL,67.52,869.33,Yes,No,No,Electronic check,0,0,No,No,1
CUST-03916,31,Month-to-month,No,80.4,2535.95,Yes,No,No,Bank transfer,2,0,Yes,No,0
CUST-03917,10,Two year,DSL,72.24,797.65,Yes,Yes,No,Electronic check,1,0,Yes,No,0
CUST-03918,26,Month-to-month,No,42.69,1176.06,No,Yes,Yes,Credit card,3,0,Yes,No,0
CUST-03919,39,One year,Fiber optic,88.44,3307.23,No,No,Yes,Mailed check,4,0,No,No,1
CUST-03920,70,Month-to-month,Fiber optic,102.06,6542.18,Yes,No,Yes,Bank transfer,1,0,Yes,Yes,0
CUST-03921,12,Month-to-month,Fiber optic,88.45,1056.8,No,No,No,Credit card,1,0,No,No,1
CUST-03922,36,One year,Fiber optic,89.74,3070.6,Yes,No,Yes,Bank transfer,0,0,No,No,0
CUST-03923,7,Two year,Fiber optic,51.02,369.79,Yes,No,No,Mailed check,4,0,No,No,0
CUST-03924,72,Month-to-month,DSL,91.9,6790.06,No,Yes,No,Mailed check,1,0,No,No,0
CUST-03925,0,One year,Fiber optic,68.64,70.89,No,No,Yes,Bank transfer,2,0,Yes,No,1
CUST-03926,22,One year,Fiber optic,77.79,1800.97,Yes,No,No,Electronic check,1,0,No,Yes,0
CUST-03927,25,Month-to-month,Fiber optic,74.14,1789.42,Yes,No,Yes,Electronic check,1,0,No,Yes,1
CUST-03928,27,Month-to-month,No,61.96,1719.21,No,No,No,Electronic check,1,0,No,No,0
CUST-03929,3,Two year,DSL,43.5,170.19,Yes,No,No,Bank transfer,1,0,No,No,0
CUST-03930,66,Month-to-month,Fiber optic,62.95,4314.63,Yes,No,Yes,Electronic check,1,0,No,No,0
CUST-03931,4,Month-to-month,No,89.67,466.89,No,No,Yes,Electronic check,0,1,No,No,1
CUST-03932,23,Month-to-month,Fiber optic,53.96,1309.86,No,No,Yes,Electronic check,0,0,No,No,1
CUST-03933,6,One year,No,87.33,597.18,No,Yes,No,Bank transfer,2,0,No,Yes,0
CUST-03934,8,One year,DSL,83.43,733.34,No,Yes,Yes,Bank transfer,2,0,No,No,0
CUST-03935,18,One year,Fiber optic,57.53,1116.21,Yes,Yes,No,Bank transfer,4,0,No,No,0
CUST-03936,12,Month-to-month,DSL,99.72,1190.55,No,No,Yes,Electronic check,1,0,No,No,0
CUST-03937,4,Two year,DSL,56.11,258.95,Yes,No,No,Credit card,0,0,Yes,Yes,0
CUST-03938,4,Month-to-month,Fiber optic,102.74,488.8,No,No,No,Mailed check,2,0,No,No,1
CUST-03939,12,Month-to-month,No,75.85,997.95,No,No,No,Mailed check,1,0,Yes,Yes,0
CUST-03940,33,Month-to-month,Fiber optic,64.6,1998.5,No,No,Yes,Credit card,1,0,Yes,No,0
CUST-03941,54,Month-to-month,Fiber optic,42.8,2240.18,No,Yes,Yes,Credit card,3,0,No,No,0
CUST-03942,2,Two year,Fiber optic,62.79,178.53,No,No,Yes,Bank transfer,4,0,Yes,No,0
CUST-03943,11,Two year,Fiber optic,59.91,699.41,Yes,No,Yes,Credit card,1,0,Yes,No,0
CUST-03944,2,Month-to-month,Fiber optic,33.54,97.56,No,Yes,Yes,Mailed check,3,0,Yes,No,0
CUST-03945,0,Two year,No,59.56,59.99,No,No,Yes,Electronic check,2,0,Yes,Yes,0
CUST-03946,26,One year,Fiber optic,44.9,1204.83,No,Yes,No,Electronic check,3,0,Yes,No,0
CUST-03947,22,Two year,Fiber optic,79.65,1896.83,Yes,No,Yes,Bank transfer,5,1,Yes,No,0
CUST-03948,4,Month-to-month,DSL,97.66,452.7,Yes,Yes,No,Bank transfer,0,0,No,No,1
CUST-03949,6,One year,No,34.33,231.85,Yes,Yes,Yes,Mailed check,2,0,No,Yes,0
CUST-03950,0,Month-to-month,No,107.81,103.5,Yes,No,Yes,Credit card,2,1,Yes,Yes,0
CUST-03951,43,Two year,DSL,61.79,2492.77,No,No,Yes,Mailed check,0,0,No,No,0
CUST-03952,72,Month-to-month,No,40.62,2742.05,Yes,No,Yes,Electronic check,2,0,Yes,Yes,0
CUST-03953,3,One year,DSL,83.94,319.14,Yes,No,Yes,Electronic check,4,1,Yes,No,0
CUST-03954,6,Month-to-month,No,53.84,380.73,No,No,No,Credit card,2,0,No,No,1
CUST-03955,48,Month-to-month,DSL,62.96,2846.02,No,Yes,No,Credit card,0,0,Yes,No,0
CUST-03956,62,One year,Fiber optic,54.89,3249.89,No,Yes,Yes,Bank transfer,1,1,Yes,No,0
CUST-03957,13,Two year,Fiber optic,44.58,625.03,No,No,Yes,Credit card,3,0,Yes,No,0
CUST-03958,1,One year,DSL,83.1,164.45,Yes,No,Yes,Credit card,3,0,No,Yes,0
CUST-03959,0,Two year,Fiber optic,57.84,52.96,Yes,No,No,Credit card,2,0,Yes,Yes,0
CUST-03960,20,Month-to-month,Fiber optic,29.08,636.06,Yes,Yes,No,Mailed check,1,0,Yes,Yes,0
CUST-03961,11,Month-to-month,DSL,78.78,871.82,No,Yes,No,Bank transfer,2,0,No,Yes,1
CUST-03962,0,Month-to-month,No,34.86,31.7,Yes,No,Yes,Electronic check,2,0,Yes,No,0
CUST-03963,21,Month-to-month,Fiber optic,36.17,752.48,No,Yes,Yes,Credit card,0,0,Yes,No,0
CUST-03964,0,One year,DSL,94.82,85.71,Yes,Yes,Yes,Credit card,1,0,Yes,No,1
CUST-03965,37,One year,DSL,35.09,1206.22,No,No,No,Bank transfer,1,0,No,Yes,0
CUST-03966,8,One year,No,18.0,159.86,No,No,Yes,Mailed check,0,0,No,Yes,0
CUST-03967,0,One year,No,80.57,83.3,No,Yes,No,Mailed check,3,1,No,No,0
CUST-03968,21,One year,DSL,57.4,1212.77,No,Yes,Yes,Mailed check,2,0,Yes,No,0
CUST-03969,12,Month-to-month,DSL,59.56,731.94,No,No,Yes,Electronic check,1,1,No,Yes,1
CUST-03970,72,Month-to-month,Fiber optic,57.14,4326.36,No,No,Yes,Mailed check,0,1,No,No,0
CUST-03971,18,One year,DSL,70.79,1222.91,No,No,No,Electronic check,2,0,Yes,No,0
CUST-03972,7,Month-to-month,DSL,46.18,358.73,No,No,Yes,Credit card,0,1,No,Yes,1
CUST-03973,29,Month-to-month,No,101.9,2867.13,No,No,No,Mailed check,0,0,No,Yes,1
CUST-03974,7,Month-to-month,DSL,28.09,215.11,Yes,No,Yes,Credit card,1,0,No,No,0
CUST-03975,56,One year,Fiber optic,76.12,4172.31,No,No,Yes,Bank transfer,1,0,No,No,0
CUST-03976,11,Month-to-month,DSL,81.05,954.87,Yes,No,Yes,Electronic check,4,0,No,No,0
CUST-03977,19,One year,Fiber optic,46.01,890.74,Yes,Yes,No,Electronic check,1,1,No,No,0
CUST-03978,1,One year,Fiber optic,39.41,82.62,No,No,Yes,Credit card,1,0,No,No,0
CUST-03979,13,Month-to-month,Fiber optic,90.43,1144.26,Yes,No,Yes,Bank transfer,0,0,No,No,1
CUST-03980,42,One year,Fiber optic,40.23,1753.5,Yes,No,Yes,Electronic check,1,0,Yes,No,0
CUST-03981,39,One year,No,49.83,1809.13,Yes,No,Yes,Electronic check,1,0,Yes,Yes,0
CUST-03982,6,One year,Fiber optic,87.18,588.69,No,Yes,No,Bank transfer,2,0,No,No,1
CUST-03983,6,One year,Fiber optic,65.87,428.94,No,No,Yes,Electronic check,1,0,No,No,0
CUST-03984,40,Month-to-month,No,20.07,857.26,No,No,No,Electronic check,4,0,Yes,No,0
CUST-03985,63,One year,Fiber optic,108.68,7013.76,No,No,No,Bank transfer,1,0,No,No,0
CUST-03986,2,Month-to-month,Fiber optic,51.75,150.5,No,No,No,Bank transfer,0,0,No,No,0
CUST-03987,14,Two year,Fiber optic,54.93,859.24,Yes,No,Yes,Mailed check,2,0,Yes,No,0
CUST-03988,9,Two year,Fiber optic,71.39,719.75,Yes,No,Yes,Credit card,1,0,No,No,0
CUST-03989,49,One year,Fiber optic,80.63,4204.01,No,Yes,No,Bank transfer,2,0,No,No,0
CUST-03990,2,Month-to-month,Fiber optic,114.03,344.04,Yes,No,No,Credit card,1,0,Yes,No,0
CUST-03991,5,Month-to-month,DSL,23.5,128.54,Yes,Yes,Yes,Electronic check,0,0,Yes,No,0
CUST-03992,33,Month-to-month,Fiber optic,85.65,2890.1,No,No,Yes,Electronic check,5,0,No,No,0
CUST-03993,1,Month-to-month,Fiber optic,83.58,175.03,No,Yes,No,Electronic check,1,0,No,Yes,1
CUST-03994,16,Month-to-month,No,61.57,975.65,Yes,Yes,Yes,Electronic check,6,1,No,No,0
CUST-03995,14,Month-to-month,Fiber optic,84.68,1294.22,No,Yes,No,Credit card,3,1,Yes,No,1
CUST-03996,9,Month-to-month,No,88.36,819.71,No,No,Yes,Credit card,2,0,Yes,No,1
CUST-03997,12,Two year,DSL,30.45,383.12,No,Yes,Yes,Bank transfer,1,0,No,No,0
CUST-03998,18,Month-to-month,Fiber optic,108.74,1885.69,No,Yes,Yes,Mailed check,2,0,No,Yes,0
CUST-03999,4,Two year,DSL,26.03,123.78,Yes,No,Yes,Bank transfer,1,0,No,No,0
CUST-04000,20,Two year,Fiber optic,36.62,781.66,No,No,Yes,Bank transfer,0,0,Yes,No,0
CUST-04001,39,Month-to-month,Fiber optic,58.46,2120.44,No,No,No,Electronic check,2,0,No,Yes,0
CUST-04002,34,One year,DSL,113.12,3753.44,No,No,No,Mailed check,3,1,No,Yes,0
CUST-04003,4,Month-to-month,DSL,57.29,284.86,No,No,No,Bank transfer,2,1,No,Yes,0
CUST-04004,3,One year,DSL,64.2,267.66,No,No,No,Electronic check,0,1,No,Yes,0
CUST-04005,7,Month-to-month,No,100.8,755.44,No,No,Yes,Electronic check,0,0,No,Yes,1
CUST-04006,10,Month-to-month,Fiber optic,57.49,585.58,Yes,No,Yes,Electronic check,2,0,No,No,0
CUST-04007,12,One year,DSL,35.54,429.93,No,No,No,Bank transfer,2,0,Yes,Yes,0
CUST-04008,27,Month-to-month,DSL,54.57,1429.44,No,Yes,Yes,Electronic check,3,0,Yes,No,1
CUST-04009,1,One year,No,99.27,197.7,No,No,Yes,Bank transfer,0,1,No,Yes,1
CUST-04010,0,Month-to-month,No,66.77,70.1,No,No,No,Mailed check,2,1,Yes,No,1
CUST-04011,11,Month-to-month,No,113.27,1330.07,Yes,Yes,Yes,Mailed check,1,0,No,No,0
CUST-04012,28,Month-to-month,Fiber optic,83.45,2276.58,Yes,Yes,No,Credit card,1,0,No,No,1
CUST-04013,5,Month-to-month,DSL,48.88,296.81,No,Yes,No,Mailed check,2,0,No,No,1
CUST-04014,24,Month-to-month,Fiber optic,66.28,1530.63,Yes,No,Yes,Mailed check,1,0,Yes,Yes,0
CUST-04015,7,Month-to-month,Fiber optic,43.67,316.0,Yes,No,Yes,Credit card,1,0,Yes,No,0
CUST-04016,52,Month-to-month,No,48.29,2535.8,No,No,No,Mailed check,3,1,Yes,No,0
CUST-04017,54,Two year,Fiber optic,120.0,6148.19,No,Yes,Yes,Credit card,0,0,No,No,0
CUST-04018,8,Month-to-month,No,90.47,781.57,No,Yes,Yes,Mailed check,2,1,Yes,No,1
CUST-04019,6,One year,Fiber optic,86.53,566.14,No,No,Yes,Electronic check,1,0,Yes,Yes,1
CUST-04020,12,Month-to-month,No,49.42,666.69,No,Yes,No,Bank transfer,2,0,Yes,No,1
CUST-04021,6,Two year,Fiber optic,104.24,693.71,No,No,No,Electronic check,2,0,No,No,1
CUST-04022,26,Month-to-month,Fiber optic,92.49,2415.72,Yes,No,No,Electronic check,2,1,No,Yes,1
CUST-04023,41,Month-to-month,Fiber optic,112.04,4400.88,Yes,No,No,Electronic check,4,0,Yes,No,1
CUST-04024,26,Month-to-month,DSL,110.83,2731.26,No,No,No,Electronic check,3,0,Yes,No,1
CUST-04025,41,Month-to-month,Fiber optic,28.02,1149.64,No,No,Yes,Bank transfer,1,0,No,Yes,0
CUST-04026,12,One year,DSL,37.25,498.93,Yes,No,No,Credit card,1,1,Yes,No,0
CUST-04027,4,Month-to-month,Fiber optic,39.91,190.12,Yes,No,Yes,Credit card,3,0,Yes,Yes,1
CUST-04028,32,Two year,Fiber optic,41.4,1389.62,No,No,Yes,Electronic check,2,0,Yes,No,1
CUST-04029,10,Month-to-month,Fiber optic,73.09,727.52,No,No,No,Bank transfer,1,0,Yes,No,1
CUST-04030,26,Month-to-month,Fiber optic,50.83,1283.65,No,No,Yes,Electronic check,2,0,Yes,Yes,1
CUST-04031,7,One year,No,116.81,859.46,No,No,No,Bank transfer,2,0,No,Yes,0
CUST-04032,2,Month-to-month,No,112.62,324.49,No,No,Yes,Credit card,0,0,No,No,1
CUST-04033,72,Two year,Fiber optic,64.84,4894.96,No,No,No,Electronic check,1,0,Yes,Yes,0
CUST-04034,4,Month-to-month,DSL,113.88,544.36,Yes,Yes,Yes,Credit card,5,0,No,Yes,1
CUST-04035,72,One year,DSL,102.2,7389.71,No,Yes,Yes,Credit card,0,0,No,No,0
CUST-04036,72,Month-to-month,Fiber optic,53.73,4058.48,No,No,Yes,Bank transfer,1,1,Yes,Yes,0
CUST-04037,37,Two year,Fiber optic,18.0,652.51,Yes,Yes,Yes,Bank transfer,1,1,Yes,Yes,0
CUST-04038,25,One year,DSL,59.55,1478.41,Yes,Yes,Yes,Bank transfer,1,1,No,No,0
CUST-04039,20,Month-to-month,Fiber optic,48.88,937.38,No,Yes,No,Credit card,4,0,No,Yes,0
CUST-04040,48,Month-to-month,Fiber optic,70.16,3274.05,No,No,No,Bank transfer,3,0,Yes,Yes,0
CUST-04041,8,Month-to-month,Fiber optic,67.23,612.28,No,No,Yes,Mailed check,4,0,No,No,1
CUST-04042,15,Two year,DSL,66.58,1093.72,Yes,Yes,Yes,Bank transfer,1,0,No,No,0
CUST-04043,23,Month-to-month,Fiber optic,78.09,1889.93,No,Yes,Yes,Electronic check,4,0,No,No,0
CUST-04044,12,Month-to-month,Fiber optic,34.69,406.34,No,No,Yes,Credit card,2,0,No,No,1
CUST-04045,13,Month-to-month,Fiber optic,75.28,967.02,Yes,No,No,Credit card,2,0,No,No,1
CUST-04046,9,Month-to-month,Fiber optic,54.01,545.31,No,Yes,Yes,Bank transfer,3,0,No,No,1
CUST-04047,19,One year,Fiber optic,70.0,1457.9,Yes,Yes,No,Bank transfer,1,0,No,No,0
CUST-04048,45,Two year,No,88.94,4108.85,No,No,Yes,Credit card,1,0,Yes,No,0
CUST-04049,5,Month-to-month,Fiber optic,34.39,192.7,No,No,Yes,Electronic check,2,0,No,No,1
CUST-04050,65,Two year,DSL,57.97,3505.15,No,No,No,Bank transfer,1,0,Yes,No,0
CUST-04051,28,Month-to-month,Fiber optic,62.04,1855.93,No,No,Yes,Mailed check,0,0,No,No,1
CUST-04052,41,Month-to-month,DSL,52.14,2003.42,No,No,No,Bank transfer,2,0,Yes,No,0
CUST-04053,19,Month-to-month,DSL,87.5,1614.65,No,Yes,No,Mailed check,2,1,Yes,No,0
CUST-04054,36,One year,Fiber optic,46.99,1720.38,No,Yes,No,Bank transfer,2,0,Yes,No,0
CUST-04055,0,Two year,No,51.11,47.46,Yes,No,Yes,Mailed check,5,0,No,No,0
CUST-04056,40,Two year,DSL,47.25,1809.66,No,No,No,Electronic check,2,1,No,No,0
CUST-04057,0,Month-to-month,No,92.3,85.04,Yes,No,No,Electronic check,3,0,Yes,Yes,1
CUST-04058,52,Month-to-month,Fiber optic,52.69,2908.88,Yes,No,Yes,Electronic check,1,0,No,No,0
CUST-04059,72,Month-to-month,No,76.5,5130.7,Yes,No,Yes,Electronic check,4,0,No,Yes,0
CUST-04060,8,Two year,DSL,114.39,1070.38,Yes,No,Yes,Mailed check,2,0,Yes,No,0
CUST-04061,5,Two year,No,63.13,359.44,No,Yes,Yes,Bank transfer,3,0,No,Yes,0
CUST-04062,34,One year,DSL,92.8,3323.46,No,Yes,No,Electronic check,1,0,No,No,0
CUST-04063,7,Month-to-month,DSL,106.78,890.54,Yes,No,Yes,Bank transfer,3,0,Yes,Yes,0
CUST-04064,48,Month-to-month,DSL,90.68,4345.07,No,Yes,No,Bank transfer,5,0,Yes,No,0
CUST-04065,2,Month-to-month,No,64.58,196.75,No,Yes,Yes,Electronic check,1,0,No,No,0
CUST-04066,3,Month-to-month,No,81.05,304.72,No,No,Yes,Mailed check,3,1,No,No,0
CUST-04067,72,Month-to-month,Fiber optic,32.82,2293.9,Yes,No,No,Bank transfer,0,0,Yes,No,0
CUST-04068,26,Month-to-month,DSL,45.5,1207.55,Yes,Yes,Yes,Electronic check,0,0,Yes,No,0
CUST-04069,45,Month-to-month,Fiber optic,49.88,2357.74,Yes,No,Yes,Electronic check,2,0,No,Yes,0
CUST-04070,9,Two year,DSL,120.0,1191.73,Yes,Yes,No,Credit card,2,0,Yes,Yes,0
CUST-04071,27,One year,Fiber optic,44.69,1130.34,No,Yes,No,Bank transfer,1,0,No,No,0
CUST-04072,21,Month-to-month,Fiber optic,44.31,921.9,No,No,No,Mailed check,2,0,Yes,Yes,0
CUST-04073,22,Month-to-month,No,38.9,921.31,Yes,No,No,Bank transfer,2,0,No,No,0
CUST-04074,27,Month-to-month,Fiber optic,79.0,2070.51,Yes,Yes,No,Credit card,3,0,No,Yes,0
CUST-04075,20,One year,DSL,68.57,1375.44,Yes,Yes,Yes,Credit card,1,0,Yes,No,1
CUST-04076,13,One year,DSL,92.17,1236.75,No,Yes,No,Electronic check,1,0,Yes,No,0
CUST-04077,7,One year,Fiber optic,81.78,603.97,Yes,No,No,Mailed check,3,1,Yes,No,1
CUST-04078,35,One year,Fiber optic,30.49,1045.47,No,No,Yes,Bank transfer,1,0,No,Yes,0
CUST-04079,6,Month-to-month,DSL,44.82,320.83,No,No,Yes,Electronic check,2,0,Yes,No,1
CUST-04080,28,Month-to-month,Fiber optic,99.13,2953.44,Yes,Yes,Yes,Credit card,0,1,Yes,No,1
CUST-04081,6,Month-to-month,No,59.92,414.04,No,No,No,Mailed check,5,0,Yes,Yes,0
CUST-04082,23,Month-to-month,No,94.69,2276.68,No,No,Yes,Mailed check,1,0,Yes,Yes,0
CUST-04083,32,One year,Fiber optic,61.26,1981.52,No,No,No,Credit card,2,1,No,No,0
CUST-04084,5,Month-to-month,Fiber optic,40.81,222.0,No,Yes,Yes,Electronic check,0,0,Yes,Yes,1
CUST-04085,1,Month-to-month,DSL,57.42,115.36,No,No,No,Electronic check,1,0,Yes,No,1
CUST-04086,3,Month-to-month,DSL,40.8,171.28,Yes,No,Yes,Bank transfer,2,0,No,No,1
CUST-04087,22,Two year,Fiber optic,50.86,1092.78,Yes,Yes,Yes,Mailed check,1,0,No,No,0
CUST-04088,45,Month-to-month,Fiber optic,70.02,3373.34,No,Yes,No,Bank transfer,2,0,Yes,No,0
CUST-04089,1,One year,DSL,77.79,163.31,No,No,Yes,Electronic check,3,0,Yes,No,0
CUST-04090,31,Month-to-month,No,25.25,744.35,Yes,No,Yes,Mailed check,4,0,No,No,0
CUST-04091,10,Month-to-month,Fiber optic,64.57,737.91,No,No,Yes,Electronic check,2,0,No,No,1
CUST-04092,15,Month-to-month,Fiber optic,50.33,806.35,No,No,Yes,Bank transfer,2,0,Yes,Yes,0
CUST-04093,63,One year,No,48.79,3028.75,Yes,Yes,Yes,Electronic check,1,0,Yes,No,0
CUST-04094,9,Month-to-month,DSL,68.32,650.2,No,Yes,No,Mailed check,4,0,No,Yes,1
CUST-04095,15,Two year,DSL,51.24,815.31,No,No,No,Credit card,1,0,No,Yes,0
CUST-04096,0,Month-to-month,DSL,99.55,102.18,No,No,No,Credit card,1,0,Yes,No,0
CUST-04097,2,Month-to-month,No,94.7,257.14,No,No,Yes,Bank transfer,0,0,No,No,0
CUST-04098,7,Two year,DSL,94.55,741.51,Yes,Yes,Yes,Mailed check,1,0,Yes,No,0
CUST-04099,0,Month-to-month,No,52.63,52.5,No,Yes,Yes,Bank transfer,2,0,Yes,Yes,1
CUST-04100,23,One year,DSL,40.94,888.08,No,No,No,Bank transfer,4,1,No,No,0
CUST-04101,13,One year,DSL,67.05,970.02,No,No,Yes,Credit card,0,0,Yes,No,0
CUST-04102,19,Month-to-month,Fiber optic,61.24,1277.18,Yes,No,No,Credit card,3,0,Yes,No,1
CUST-04103,4,One year,Fiber optic,49.78,246.88,No,Yes,Yes,Credit card,2,0,Yes,Yes,0
CUST-04104,8,Month-to-month,DSL,35.61,294.07,No,Yes,Yes,Credit card,3,0,No,Yes,0
CUST-04105,26,Month-to-month,Fiber optic,63.96,1795.76,Yes,Yes,Yes,Electronic check,1,1,No,No,0
CUST-04106,72,Month-to-month,DSL,54.9,4090.86,No,No,No,Bank transfer,0,0,Yes,No,0
CUST-04107,1,Two year,Fiber optic,82.21,148.68,No,No,Yes,Credit card,4,0,No,No,1
CUST-04108,53,Month-to-month,No,81.63,4350.16,Yes,No,Yes,Credit card,1,0,Yes,No,0
CUST-04109,20,One year,Fiber optic,92.52,1782.01,No,No,No,Credit card,0,1,No,Yes,1
CUST-04110,19,Two year,No,33.52,617.55,Yes,Yes,No,Mailed check,2,0,No,No,0
CUST-04111,16,Month-to-month,DSL,75.03,1184.79,Yes,No,Yes,Bank transfer,1,0,Yes,No,0
CUST-04112,1,Month-to-month,Fiber optic,46.81,89.82,Yes,No,Yes,Electronic check,2,0,Yes,No,0
CUST-04113,2,Month-to-month,DSL,34.49,106.72,Yes,Yes,Yes,Bank transfer,0,0,No,Yes,0
CUST-04114,22,Month-to-month,Fiber optic,54.28,1129.42,Yes,No,Yes,Mailed check,0,0,No,Yes,0
CUST-04115,10,Month-to-month,Fiber optic,91.72,1012.33,No,No,No,Credit card,1,1,Yes,No,1
CUST-04116,59,One year,Fiber optic,55.69,3490.7,Yes,No,Yes,Credit card,2,0,No,No,1
CUST-04117,12,Two year,Fiber optic,104.14,1348.66,No,No,No,Bank transfer,3,0,No,No,0
CUST-04118,3,Two year,No,78.72,321.91,No,No,Yes,Electronic check,2,0,Yes,No,1
CUST-04119,30,Two year,Fiber optic,55.15,1769.94,No,No,Yes,Mailed check,0,1,Yes,No,0
CUST-04120,8,Two year,DSL,94.0,852.11,No,Yes,No,Bank transfer,0,0,No,Yes,0
CUST-04121,17,Month-to-month,Fiber optic,76.13,1368.94,No,Yes,Yes,Electronic check,1,1,No,No,1
CUST-04122,28,One year,DSL,41.69,1091.37,No,Yes,No,Electronic check,1,0,Yes,Yes,1
CUST-04123,55,Two year,Fiber optic,111.47,6103.95,Yes,No,No,Credit card,2,0,Yes,No,0
CUST-04124,37,Month-to-month,DSL,71.49,2636.16,No,No,Yes,Electronic check,0,0,Yes,Yes,0
CUST-04125,27,Two year,DSL,65.47,1793.57,No,No,Yes,Electronic check,2,0,Yes,No,0
CUST-04126,27,Month-to-month,DSL,43.61,1178.19,Yes,No,Yes,Bank transfer,1,0,No,No,1
CUST-04127,70,One year,Fiber optic,94.49,6950.2,No,Yes,No,Credit card,4,0,Yes,No,0
CUST-04128,8,One year,DSL,77.93,724.76,No,No,Yes,Credit card,4,0,No,No,1
CUST-04129,0,Two year,Fiber optic,80.73,74.18,Yes,No,Yes,Credit card,2,0,Yes,No,0
CUST-04130,7,Month-to-month,Fiber optic,52.31,410.08,No,No,Yes,Bank transfer,1,0,No,Yes,0
CUST-04131,5,One year,Fiber optic,85.85,537.73,No,Yes,No,Mailed check,0,0,No,No,0
CUST-04132,26,Month-to-month,Fiber optic,87.8,2346.42,No,No,Yes,Credit card,0,0,Yes,No,0
CUST-04133,24,Month-to-month,DSL,48.28,1231.44,No,No,Yes,Mailed check,1,0,No,No,1
CUST-04134,21,One year,DSL,29.58,622.13,No,Yes,No,Mailed check,3,1,Yes,No,0
CUST-04135,0,One year,Fiber optic,79.53,76.08,Yes,No,Yes,Mailed check,2,0,No,No,1
CUST-04136,31,One year,Fiber optic,25.67,779.43,No,No,Yes,Credit card,4,0,No,No,1
CUST-04137,9,Month-to-month,Fiber optic,68.8,621.45,Yes,Yes,No,Credit card,2,0,No,No,1
CUST-04138,26,Month-to-month,DSL,53.82,1509.42,No,Yes,No,Mailed check,1,0,No,Yes,0
CUST-04139,19,One year,DSL,95.47,1818.6,Yes,Yes,Yes,Mailed check,4,0,Yes,No,0
CUST-04140,10,Month-to-month,Fiber optic,55.18,579.7,Yes,No,Yes,Credit card,4,0,No,Yes,0
CUST-04141,3,Month-to-month,DSL,92.68,375.88,No,No,Yes,Electronic check,0,0,Yes,No,1
CUST-04142,2,Two year,DSL,52.14,153.14,No,Yes,Yes,Bank transfer,3,0,No,No,0
CUST-04143,42,Month-to-month,DSL,90.0,3693.17,Yes,No,No,Mailed check,0,0,Yes,No,0
CUST-04144,60,One year,DSL,116.51,7338.39,No,Yes,Yes,Mailed check,0,0,Yes,No,0
CUST-04145,25,Month-to-month,DSL,38.3,1019.51,No,Yes,No,Mailed check,4,0,No,No,0
CUST-04146,2,Month-to-month,DSL,72.3,226.99,Yes,No,Yes,Mailed check,2,0,Yes,Yes,0
CUST-04147,12,Month-to-month,Fiber optic,120.0,1554.0,Yes,Yes,No,Bank transfer,1,0,Yes,Yes,0
CUST-04148,31,Month-to-month,Fiber optic,66.66,2140.62,No,No,Yes,Credit card,0,0,No,No,0
CUST-04149,36,Month-to-month,Fiber optic,66.54,2335.62,No,No,No,Mailed check,4,0,No,Yes,0
CUST-04150,3,Month-to-month,DSL,84.71,310.02,Yes,Yes,Yes,Credit card,1,0,No,Yes,0
CUST-04151,0,Month-to-month,No,66.03,60.48,No,Yes,No,Bank transfer,2,0,Yes,No,0
CUST-04152,29,Month-to-month,Fiber optic,22.32,667.52,No,Yes,Yes,Electronic check,1,0,No,Yes,0
CUST-04153,10,Month-to-month,Fiber optic,93.31,941.21,Yes,No,Yes,Bank transfer,0,0,Yes,No,1
CUST-04154,7,Month-to-month,DSL,18.0,149.18,Yes,No,No,Bank transfer,0,0,No,No,0
CUST-04155,0,Month-to-month,No,54.58,54.88,Yes,No,Yes,Electronic check,2,0,No,Yes,1
CUST-04156,18,Two year,No,95.19,1689.12,No,No,Yes,Mailed check,1,0,No,No,0
CUST-04157,45,One year,DSL,56.09,2430.19,Yes,No,No,Credit card,0,0,No,No,0
CUST-04158,72,One year,No,47.66,3501.78,Yes,Yes,No,Bank transfer,0,0,No,No,0
CUST-04159,20,Month-to-month,Fiber optic,86.98,1869.72,No,No,Yes,Electronic check,0,0,No,No,1
CUST-04160,17,Two year,Fiber optic,43.72,807.35,Yes,No,Yes,Electronic check,1,0,Yes,Yes,0
CUST-04161,2,One year,Fiber optic,34.44,102.3,No,Yes,Yes,Electronic check,0,0,Yes,No,0
CUST-04162,19,One year,DSL,71.86,1326.94,Yes,No,No,Mailed check,0,0,Yes,No,0
CUST-04163,11,Month-to-month,Fiber optic,60.43,741.66,No,No,Yes,Electronic check,1,1,Yes,No,1
CUST-04164,22,Two year,DSL,33.91,794.55,Yes,Yes,No,Electronic check,0,0,Yes,Yes,0
CUST-04165,11,Two year,DSL,80.92,995.61,Yes,No,Yes,Mailed check,0,0,Yes,No,0
CUST-04166,6,Two year,Fiber optic,76.61,495.33,No,No,Yes,Bank transfer,3,0,No,No,1
CUST-04167,2,Month-to-month,No,56.01,168.48,No,Yes,Yes,Electronic check,1,1,Yes,No,0
CUST-04168,9,Month-to-month,Fiber optic,57.72,602.62,No,Yes,No,Electronic check,1,1,No,Yes,1
CUST-04169,2,Month-to-month,Fiber optic,76.76,216.1,No,No,Yes,Electronic check,2,0,No,Yes,1
CUST-04170,4,Month-to-month,DSL,94.76,477.36,No,No,Yes,Electronic check,2,0,No,No,1
CUST-04171,72,Two year,Fiber optic,57.93,3970.24,No,Yes,Yes,Electronic check,2,0,Yes,No,0
CUST-04172,14,Month-to-month,DSL,81.37,1154.72,No,No,Yes,Mailed check,3,0,Yes,Yes,0
CUST-04173,18,Month-to-month,No,79.13,1462.56,No,No,Yes,Mailed check,4,0,No,No,0
CUST-04174,49,Month-to-month,No,86.98,4497.92,No,No,Yes,Electronic check,0,1,No,No,1
CUST-04175,72,Month-to-month,No,65.98,4362.82,No,Yes,No,Credit card,1,0,No,No,0
CUST-04176,20,Month-to-month,Fiber optic,42.19,928.91,Yes,No,Yes,Mailed check,2,0,No,No,0
CUST-04177,40,One year,DSL,53.44,2225.68,Yes,No,Yes,Electronic check,0,0,Yes,No,0
CUST-04178,9,One year,Fiber optic,73.57,701.83,Yes,Yes,No,Electronic check,1,1,No,Yes,1
CUST-04179,8,Month-to-month,Fiber optic,110.46,947.54,No,No,Yes,Credit card,3,0,No,Yes,1
CUST-04180,12,Month-to-month,Fiber optic,52.9,668.75,No,Yes,No,Credit card,0,0,Yes,No,1
CUST-04181,26,Month-to-month,Fiber optic,85.12,2370.22,No,No,Yes,Electronic check,1,1,Yes,No,1
CUST-04182,27,Month-to-month,No,56.8,1435.63,Yes,No,Yes,Electronic check,3,0,Yes,No,0
CUST-04183,9,One year,Fiber optic,67.76,665.56,Yes,No,Yes,Mailed check,1,0,Yes,No,0
CUST-04184,3,One year,DSL,102.88,373.83,No,No,Yes,Mailed check,1,0,Yes,No,0
CUST-04185,24,One year,Fiber optic,84.11,1928.94,No,No,Yes,Mailed check,1,0,Yes,No,0
CUST-04186,3,One year,DSL,33.97,136.37,Yes,Yes,Yes,Mailed check,2,0,No,No,0
CUST-04187,20,Month-to-month,No,50.69,995.45,No,No,No,Electronic check,0,0,No,No,0
CUST-04188,28,Two year,Fiber optic,96.41,2533.75,No,No,Yes,Electronic check,0,0,Yes,No,0
CUST-04189,28,Two year,DSL,68.55,1838.13,Yes,No,Yes,Bank transfer,0,0,No,No,0
CUST-04190,33,Two year,Fiber optic,36.28,1148.77,No,Yes,Yes,Credit card,2,1,No,Yes,0
CUST-04191,49,Month-to-month,Fiber optic,44.53,2260.94,No,No,No,Electronic check,0,1,Yes,No,0
CUST-04192,16,Two year,DSL,82.59,1395.24,No,No,Yes,Bank transfer,1,0,Yes,No,0
CUST-04193,31,Two year,No,89.86,2905.05,Yes,Yes,Yes,Mailed check,3,1,Yes,No,1
CUST-04194,23,Two year,Fiber optic,65.45,1500.86,Yes,No,No,Electronic check,0,1,No,Yes,0
CUST-04195,4,Month-to-month,Fiber optic,120.0,550.18,Yes,No,No,Credit card,2,0,No,Yes,1
CUST-04196,0,One year,Fiber optic,85.6,87.38,Yes,Yes,Yes,Mailed check,0,0,No,Yes,0
CUST-04197,8,Two year,DSL,58.91,488.34,No,No,No,Bank transfer,3,1,Yes,No,0
CUST-04198,14,One year,DSL,44.61,640.65,Yes,No,Yes,Mailed check,0,1,Yes,No,0
CUST-04199,23,One year,DSL,40.63,915.97,No,Yes,No,Electronic check,0,0,No,No,0
CUST-04200,45,Two year,DSL,73.39,3188.51,Yes,No,No,Bank transfer,1,1,Yes,No,0
CUST-04201,5,Month-to-month,No,52.78,313.6,No,No,No,Mailed check,2,0,No,Yes,1
CUST-04202,3,One year,DSL,106.84,395.16,No,No,No,Electronic check,1,0,Yes,No,1
CUST-04203,72,Month-to-month,No,101.66,7175.4,No,No,Yes,Bank transfer,1,0,Yes,No,0
CUST-04204,2,Two year,No,80.83,241.47,Yes,No,Yes,Electronic check,5,0,Yes,No,0
CUST-04205,15,Month-to-month,DSL,35.53,585.73,Yes,Yes,Yes,Electronic check,3,0,No,No,0
CUST-04206,21,Month-to-month,DSL,48.19,1013.2,Yes,No,Yes,Bank transfer,2,0,Yes,No,1
CUST-04207,18,One year,No,96.39,1735.82,Yes,No,Yes,Electronic check,5,0,Yes,No,1
CUST-04208,2,One year,No,50.92,145.91,Yes,Yes,No,Bank transfer,1,0,No,No,1
CUST-04209,1,One year,Fiber optic,93.05,181.47,Yes,Yes,Yes,Credit card,0,0,Yes,No,1
CUST-04210,2,Two year,Fiber optic,76.87,218.38,No,No,Yes,Electronic check,1,0,No,No,1
CUST-04211,21,Two year,No,66.29,1367.33,No,No,Yes,Mailed check,2,1,No,Yes,0
CUST-04212,18,Month-to-month,Fiber optic,47.43,861.78,Yes,No,No,Bank transfer,1,0,Yes,No,1
CUST-04213,6,Month-to-month,No,62.64,445.79,No,No,Yes,Mailed check,0,0,Yes,No,1
CUST-04214,24,Month-to-month,Fiber optic,69.74,1635.27,Yes,No,Yes,Bank transfer,0,0,No,Yes,0
CUST-04215,41,Month-to-month,Fiber optic,90.81,3915.83,No,No,No,Mailed check,0,1,No,No,0
CUST-04216,1,Month-to-month,Fiber optic,42.86,80.81,No,No,No,Electronic check,0,0,No,Yes,0
CUST-04217,16,Two year,Fiber optic,58.43,983.84,No,No,No,Electronic check,1,0,No,No,0
CUST-04218,28,Two year,Fiber optic,66.12,2005.01,Yes,No,No,Bank transfer,1,0,Yes,No,0
CUST-04219,6,Month-to-month,DSL,81.57,595.41,Yes,No,Yes,Electronic check,1,0,No,No,1
CUST-04220,8,Month-to-month,DSL,42.29,367.36,Yes,No,No,Credit card,1,0,Yes,No,0
CUST-04221,22,One year,No,32.09,671.74,No,No,Yes,Bank transfer,2,0,Yes,No,1
CUST-04222,54,Month-to-month,Fiber optic,81.85,4661.09,No,Yes,Yes,Electronic check,2,0,No,No,0
CUST-04223,39,Month-to-month,DSL,27.05,994.4,No,Yes,Yes,Electronic check,2,0,No,No,0
CUST-04224,20,Two year,DSL,97.12,2118.11,No,Yes,Yes,Electronic check,1,0,No,No,0
CUST-04225,31,Two year,DSL,61.1,1974.55,No,No,Yes,Bank transfer,1,1,No,No,0
CUST-04226,10,Month-to-month,DSL,26.31,301.03,No,No,Yes,Credit card,0,1,Yes,Yes,0
CUST-04227,24,Two year,Fiber optic,52.99,1324.5,No,No,Yes,Electronic check,1,1,Yes,No,0
CUST-04228,15,Month-to-month,Fiber optic,74.48,1250.39,Yes,No,Yes,Electronic check,1,0,Yes,Yes,0
CUST-04229,5,One year,Fiber optic,51.68,300.79,No,No,No,Mailed check,1,0,No,No,0
CUST-04230,29,Month-to-month,Fiber optic,65.5,1865.66,Yes,Yes,Yes,Electronic check,2,0,Yes,No,0
CUST-04231,19,Month-to-month,DSL,83.5,1601.52,Yes,Yes,No,Mailed check,1,0,Yes,Yes,0
CUST-04232,10,Two year,Fiber optic,59.95,628.15,Yes,No,Yes,Mailed check,1,0,Yes,No,0
CUST-04233,58,Month-to-month,No,41.57,2354.82,No,No,No,Electronic check,1,0,No,No,0
CUST-04234,0,One year,No,57.53,59.42,No,No,No,Mailed check,3,0,Yes,No,1
CUST-04235,9,Month-to-month,No,100.37,992.47,Yes,No,No,Mailed check,0,1,Yes,No,0
CUST-04236,1,Month-to-month,No,107.13,216.16,No,Yes,Yes,Electronic check,1,0,Yes,Yes,0
CUST-04237,34,Month-to-month,Fiber optic,18.0,594.2,No,No,Yes,Electronic check,1,0,No,Yes,0
CUST-04238,29,Month-to-month,DSL,92.28,2902.61,No,No,Yes,Mailed check,3,0,No,No,0
CUST-04239,9,One year,Fiber optic,71.25,671.25,No,No,Yes,Mailed check,0,0,Yes,No,1
CUST-04240,27,Month-to-month,No,88.1,2278.96,No,No,Yes,Electronic check,2,0,No,No,0
CUST-04241,12,One year,No,51.24,677.26,No,Yes,No,Electronic check,3,0,Yes,No,1
CUST-04242,33,One year,No,20.79,725.14,Yes,No,Yes,Electronic check,4,0,No,No,0
CUST-04243,14,One year,Fiber optic,79.61,1145.27,Yes,Yes,Yes,Electronic check,2,0,No,No,0
CUST-04244,12,Month-to-month,DSL,41.48,529.08,No,Yes,Yes,Mailed check,4,1,Yes,No,0
CUST-04245,65,Two year,Fiber optic,30.29,1923.41,Yes,No,Yes,Electronic check,5,0,Yes,Yes,0
CUST-04246,6,Month-to-month,Fiber optic,32.04,211.74,Yes,No,No,Mailed check,1,0,No,No,1
CUST-04247,3,Month-to-month,DSL,80.02,327.12,No,No,No,Electronic check,1,1,Yes,Yes,0
CUST-04248,21,Month-to-month,Fiber optic,68.49,1527.21,Yes,No,Yes,Mailed check,0,0,No,No,1
CUST-04249,72,Month-to-month,No,84.56,6004.97,Yes,Yes,Yes,Bank transfer,3,0,No,No,1
CUST-04250,11,Month-to-month,Fiber optic,81.73,949.7,No,Yes,No,Mailed check,3,0,No,No,1
CUST-04251,1,One year,No,54.48,101.01,No,Yes,Yes,Electronic check,3,0,No,No,1
CUST-04252,9,Month-to-month,DSL,63.24,629.61,No,No,No,Electronic check,0,0,Yes,No,1
CUST-04253,16,Month-to-month,No,52.21,921.79,No,Yes,No,Electronic check,0,0,No,Yes,0
CUST-04254,4,One year,No,59.74,301.04,No,No,Yes,Mailed check,1,0,No,Yes,0
CUST-04255,25,Month-to-month,No,40.82,1035.79,Yes,Yes,Yes,Electronic check,2,0,No,Yes,0
CUST-04256,72,Month-to-month,Fiber optic,74.76,4943.38,Yes,No,Yes,Electronic check,0,0,No,No,1
CUST-04257,14,Month-to-month,No,91.88,1432.7,Yes,No,No,Credit card,1,0,No,No,0
CUST-04258,10,One year,Fiber optic,44.58,464.0,No,No,Yes,Electronic check,2,0,No,Yes,0
CUST-04259,12,Month-to-month,Fiber optic,97.03,1192.0,No,Yes,Yes,Credit card,1,0,Yes,No,1
CUST-04260,2,Month-to-month,Fiber optic,67.84,197.5,No,No,No,Credit card,1,0,Yes,No,0
CUST-04261,51,Month-to-month,No,71.03,3561.98,No,No,No,Credit card,1,1,No,No,0
CUST-04262,12,One year,DSL,22.51,305.61,Yes,No,Yes,Credit card,2,0,No,No,0
CUST-04263,11,One year,No,19.82,219.94,No,No,Yes,Electronic check,1,0,No,No,0
CUST-04264,25,Two year,DSL,68.6,1789.61,No,Yes,Yes,Electronic check,0,0,Yes,Yes,0
CUST-04265,14,Month-to-month,Fiber optic,84.74,1164.35,No,No,Yes,Electronic check,0,0,No,No,1
CUST-04266,25,Month-to-month,No,48.22,1180.42,No,No,Yes,Electronic check,1,0,Yes,No,1
CUST-04267,1,Month-to-month,Fiber optic,106.75,215.28,No,No,No,Electronic check,4,0,No,Yes,1
CUST-04268,40,Month-to-month,No,83.37,3488.61,No,No,Yes,Credit card,1,0,Yes,Yes,0
CUST-04269,67,Month-to-month,Fiber optic,42.29,2790.42,No,Yes,Yes,Electronic check,1,0,Yes,No,0
CUST-04270,25,Month-to-month,DSL,65.77,1741.49,Yes,Yes,Yes,Electronic check,2,1,No,No,0
CUST-04271,72,Month-to-month,Fiber optic,120.0,9112.76,Yes,Yes,Yes,Bank transfer,3,0,No,Yes,0
CUST-04272,3,One year,Fiber optic,33.94,141.24,Yes,No,No,Electronic check,1,0,No,Yes,0
CUST-04273,15,Month-to-month,Fiber optic,78.21,1190.51,Yes,Yes,No,Mailed check,2,1,Yes,No,0
CUST-04274,22,One year,Fiber optic,56.93,1239.76,No,No,No,Electronic check,2,0,No,No,1
CUST-04275,20,Month-to-month,Fiber optic,82.67,1751.64,No,No,No,Credit card,0,0,No,No,0
CUST-04276,12,Month-to-month,Fiber optic,96.68,1254.47,No,No,No,Mailed check,1,1,Yes,No,1
CUST-04277,9,Month-to-month,DSL,55.34,530.62,No,Yes,Yes,Bank transfer,0,0,No,No,0
CUST-04278,3,Month-to-month,DSL,92.97,347.45,No,Yes,Yes,Electronic check,0,0,Yes,No,0
CUST-04279,11,Month-to-month,DSL,120.0,1429.58,Yes,No,No,Credit card,0,0,No,No,1
CUST-04280,4,Month-to-month,No,66.66,321.48,No,Yes,Yes,Electronic check,2,1,Yes,Yes,0
CUST-04281,31,Two year,DSL,84.62,2490.72,No,Yes,Yes,Bank transfer,2,0,No,Yes,0
CUST-04282,5,One year,DSL,50.24,300.2,No,Yes,Yes,Credit card,2,0,Yes,Yes,1
CUST-04283,1,Month-to-month,DSL,65.48,131.57,No,No,Yes,Mailed check,3,0,Yes,Yes,0
CUST-04284,19,Two year,Fiber optic,60.58,1156.64,Yes,No,Yes,Mailed check,2,1,Yes,No,0
CUST-04285,21,One year,DSL,84.92,1914.56,No,Yes,No,Electronic check,3,0,No,No,1
CUST-04286,49,One year,Fiber optic,95.12,4332.96,No,Yes,Yes,Mailed check,0,0,Yes,Yes,0
CUST-04287,20,Two year,No,62.26,1273.97,No,Yes,No,Credit card,0,0,Yes,No,0
CUST-04288,10,Month-to-month,DSL,103.34,1186.13,No,No,Yes,Electronic check,1,0,Yes,No,0
CUST-04289,38,Month-to-month,Fiber optic,103.25,3739.12,No,Yes,Yes,Credit card,0,1,No,Yes,1
CUST-04290,18,Month-to-month,DSL,86.17,1515.83,Yes,No,Yes,Bank transfer,4,0,No,No,0
CUST-04291,1,Month-to-month,Fiber optic,52.1,99.7,Yes,Yes,Yes,Mailed check,0,0,No,No,0
CUST-04292,20,Month-to-month,Fiber optic,49.7,981.3,Yes,No,No,Mailed check,2,0,No,Yes,1
CUST-04293,57,One year,Fiber optic,44.69,2418.95,Yes,Yes,Yes,Electronic check,1,0,Yes,No,0
CUST-04294,12,Two year,DSL,88.73,1202.49,No,No,Yes,Electronic check,1,0,No,No,0
CUST-04295,8,Two year,DSL,34.71,297.31,Yes,No,Yes,Electronic check,2,0,No,Yes,0
CUST-04296,3,Two year,No,81.92,297.85,No,No,Yes,Mailed check,3,1,Yes,No,1
CUST-04297,3,Two year,Fiber optic,37.97,157.19,No,No,Yes,Credit card,4,0,No,No,0
CUST-04298,13,Two year,DSL,85.59,1159.0,Yes,Yes,Yes,Mailed check,1,0,No,No,0
CUST-04299,21,Month-to-month,DSL,65.43,1454.42,No,Yes,Yes,Mailed check,1,0,No,No,0
CUST-04300,2,Month-to-month,Fiber optic,98.34,281.77,No,Yes,No,Electronic check,2,0,No,No,1
CUST-04301,67,Month-to-month,DSL,93.54,6616.9,No,Yes,No,Bank transfer,5,0,Yes,No,0
CUST-04302,33,Two year,Fiber optic,100.88,3235.0,No,Yes,Yes,Bank transfer,2,0,Yes,No,0
CUST-04303,21,Month-to-month,Fiber optic,101.52,2232.13,Yes,No,Yes,Mailed check,3,0,No,No,0
CUST-04304,42,One year,DSL,68.59,3019.13,No,Yes,No,Credit card,2,0,Yes,No,0
CUST-04305,2,Month-to-month,DSL,36.03,101.14,No,No,No,Credit card,3,0,Yes,No,1
CUST-04306,15,Month-to-month,Fiber optic,38.69,631.56,No,Yes,Yes,Bank transfer,1,0,No,No,0
CUST-04307,23,One year,Fiber optic,18.0,440.14,No,No,Yes,Credit card,1,0,No,No,0
CUST-04308,42,Month-to-month,Fiber optic,37.91,1702.89,Yes,No,Yes,Bank transfer,3,0,Yes,No,1
CUST-04309,36,Month-to-month,Fiber optic,66.72,2563.49,Yes,No,Yes,Credit card,2,0,No,No,1
CUST-04310,7,Month-to-month,Fiber optic,51.01,391.06,No,No,Yes,Mailed check,2,0,Yes,No,0
CUST-04311,67,Month-to-month,Fiber optic,60.5,4067.02,No,No,Yes,Electronic check,0,0,No,No,0
CUST-04312,3,One year,DSL,77.32,321.28,No,No,No,Credit card,1,0,No,No,0
CUST-04313,49,Month-to-month,Fiber optic,57.4,2584.88,Yes,Yes,Yes,Electronic check,1,0,No,No,0
CUST-04314,72,One year,DSL,36.95,2681.44,Yes,No,Yes,Electronic check,2,0,Yes,Yes,1
CUST-04315,4,Month-to-month,DSL,63.67,296.8,Yes,No,No,Electronic check,1,0,No,No,1
CUST-04316,30,Two year,Fiber optic,42.54,1333.0,Yes,Yes,No,Electronic check,2,0,Yes,Yes,0
CUST-04317,0,Month-to-month,Fiber optic,58.23,59.36,No,No,Yes,Electronic check,1,0,No,No,0
CUST-04318,12,One year,No,98.57,1290.31,No,No,Yes,Bank transfer,0,0,Yes,Yes,0
CUST-04319,17,One year,Fiber optic,58.24,1100.12,Yes,No,Yes,Credit card,6,0,No,No,1
CUST-04320,20,Month-to-month,Fiber optic,109.27,2230.16,Yes,Yes,Yes,Electronic check,1,1,Yes,No,1
CUST-04321,65,Two year,Fiber optic,100.79,6547.05,Yes,No,Yes,Bank transfer,2,0,No,Yes,0
CUST-04322,26,One year,DSL,50.52,1311.32,No,Yes,Yes,Electronic check,0,0,Yes,No,0
CUST-04323,15,Month-to-month,DSL,37.22,622.97,No,No,Yes,Electronic check,5,0,No,No,1
CUST-04324,39,Month-to-month,No,63.69,2645.46,No,Yes,No,Bank transfer,1,0,No,Yes,0
CUST-04325,72,Two year,No,93.83,7178.34,No,No,Yes,Credit card,0,0,Yes,No,0
CUST-04326,0,One year,Fiber optic,52.75,55.27,Yes,No,Yes,Electronic check,1,0,Yes,Yes,0
CUST-04327,72,Month-to-month,Fiber optic,87.7,6621.81,Yes,Yes,Yes,Electronic check,1,0,Yes,Yes,0
CUST-04328,2,Month-to-month,Fiber optic,95.21,296.95,No,No,No,Electronic check,2,0,No,No,1
CUST-04329,40,Two year,Fiber optic,45.65,1718.14,No,Yes,No,Credit card,0,0,No,No,0
CUST-04330,7,One year,Fiber optic,48.1,356.34,No,Yes,No,Electronic check,1,0,No,No,1
CUST-04331,3,One year,Fiber optic,82.82,342.14,No,No,No,Mailed check,2,0,No,Yes,0
CUST-04332,13,Month-to-month,Fiber optic,68.8,971.89,No,No,Yes,Credit card,1,0,No,No,0
CUST-04333,24,One year,Fiber optic,47.85,1233.63,Yes,No,Yes,Bank transfer,1,0,Yes,Yes,0
CUST-04334,11,Month-to-month,Fiber optic,56.2,684.86,No,No,Yes,Credit card,1,0,No,No,1
CUST-04335,1,Month-to-month,No,63.24,116.48,No,Yes,Yes,Credit card,1,0,Yes,No,1
CUST-04336,21,One year,DSL,25.88,590.7,Yes,No,Yes,Mailed check,1,0,No,No,0
CUST-04337,55,Two year,No,84.14,4785.74,No,No,Yes,Bank transfer,1,0,No,No,0
CUST-04338,11,Month-to-month,Fiber optic,53.03,627.21,No,Yes,Yes,Electronic check,1,1,No,No,1
CUST-04339,5,Month-to-month,DSL,18.0,105.82,Yes,No,Yes,Credit card,1,0,Yes,No,1
CUST-04340,14,One year,Fiber optic,64.4,952.54,No,No,No,Electronic check,0,0,No,No,0
CUST-04341,1,Month-to-month,Fiber optic,46.46,89.07,Yes,No,Yes,Bank transfer,2,0,No,Yes,1
CUST-04342,41,Two year,Fiber optic,107.22,4595.48,Yes,No,Yes,Electronic check,1,0,Yes,No,0
CUST-04343,42,One year,No,50.36,2244.2,Yes,Yes,Yes,Electronic check,2,0,Yes,Yes,0
CUST-04344,21,Month-to-month,No,37.56,775.04,Yes,No,No,Electronic check,1,0,No,Yes,0
CUST-04345,10,Two year,Fiber optic,77.7,774.11,Yes,Yes,No,Bank transfer,0,0,Yes,Yes,0
CUST-04346,38,One year,Fiber optic,48.49,1759.56,Yes,No,Yes,Electronic check,1,1,Yes,No,1
CUST-04347,19,Two year,Fiber optic,45.51,922.58,No,No,Yes,Electronic check,0,0,No,No,0
CUST-04348,41,One year,Fiber optic,77.74,3363.88,Yes,Yes,No,Electronic check,2,0,Yes,Yes,0
CUST-04349,23,Two year,Fiber optic,38.99,891.11,No,No,Yes,Electronic check,1,1,Yes,No,0
CUST-04350,36,Month-to-month,Fiber optic,28.57,975.54,Yes,No,No,Mailed check,2,0,No,No,0
CUST-04351,21,Month-to-month,DSL,108.15,2447.78,No,No,Yes,Mailed check,2,0,Yes,No,1
CUST-04352,12,Two year,Fiber optic,79.49,963.3,Yes,No,Yes,Electronic check,2,0,Yes,No,0
CUST-04353,72,Month-to-month,Fiber optic,58.39,3990.87,Yes,Yes,No,Mailed check,5,0,Yes,No,0
CUST-04354,18,Month-to-month,Fiber optic,64.91,1127.09,Yes,No,Yes,Bank transfer,1,0,Yes,No,0
CUST-04355,22,One year,Fiber optic,77.65,1851.22,No,No,Yes,Bank transfer,1,0,Yes,No,0
CUST-04356,5,Two year,No,89.33,508.65,No,No,Yes,Credit card,1,0,Yes,No,0
CUST-04357,23,Month-to-month,Fiber optic,46.1,1024.28,Yes,Yes,No,Electronic check,1,0,Yes,No,0
CUST-04358,20,Two year,No,74.15,1624.18,Yes,No,Yes,Credit card,0,0,No,Yes,0
CUST-04359,4,One year,No,52.33,248.65,Yes,Yes,Yes,Mailed check,3,0,No,Yes,1
CUST-04360,1,Month-to-month,No,60.28,122.02,Yes,Yes,Yes,Mailed check,2,0,No,Yes,1
CUST-04361,22,Two year,DSL,69.02,1483.58,No,No,No,Mailed check,0,0,No,Yes,0
CUST-04362,34,Month-to-month,DSL,64.83,2289.53,No,Yes,Yes,Electronic check,2,0,No,No,0
CUST-04363,17,Month-to-month,No,83.39,1403.19,No,Yes,Yes,Electronic check,3,0,No,No,1
CUST-04364,6,Month-to-month,Fiber optic,77.18,537.92,Yes,No,Yes,Bank transfer,2,0,Yes,No,1
CUST-04365,26,Month-to-month,DSL,27.3,712.13,No,No,No,Electronic check,1,0,Yes,No,0
CUST-04366,2,Month-to-month,No,31.05,95.0,Yes,No,No,Bank transfer,1,0,No,No,1
CUST-04367,13,Two year,DSL,55.76,788.09,Yes,No,Yes,Bank transfer,1,0,Yes,Yes,0
CUST-04368,4,One year,No,110.72,575.92,No,No,No,Mailed check,0,0,Yes,No,0
CUST-04369,4,One year,DSL,43.71,209.04,Yes,Yes,Yes,Electronic check,2,0,No,No,0
CUST-04370,5,One year,No,59.79,363.46,No,Yes,Yes,Electronic check,2,0,No,No,1
CUST-04371,11,Month-to-month,DSL,51.59,647.14,No,No,No,Electronic check,2,0,Yes,No,1
CUST-04372,1,Month-to-month,DSL,51.15,97.23,Yes,Yes,Yes,Electronic check,2,1,Yes,No,0
CUST-04373,12,Two year,DSL,69.46,851.96,No,No,No,Electronic check,0,0,Yes,No,0
CUST-04374,17,Month-to-month,No,100.02,1828.01,Yes,No,No,Electronic check,2,0,Yes,Yes,0
CUST-04375,15,Month-to-month,No,76.4,1181.85,Yes,Yes,Yes,Electronic check,2,0,Yes,No,0
CUST-04376,11,One year,No,44.91,517.25,No,No,Yes,Electronic check,1,0,No,No,0
CUST-04377,43,Month-to-month,DSL,120.0,5184.13,No,No,No,Credit card,2,1,No,No,1
CUST-04378,3,Two year,Fiber optic,66.96,278.64,Yes,Yes,Yes,Credit card,2,0,No,Yes,0
CUST-04379,16,Month-to-month,Fiber optic,50.57,784.53,No,Yes,Yes,Electronic check,4,0,Yes,Yes,0
CUST-04380,1,Month-to-month,No,100.3,194.55,No,No,Yes,Electronic check,1,0,Yes,Yes,1
CUST-04381,1,Month-to-month,DSL,53.27,97.65,Yes,Yes,Yes,Mailed check,4,0,No,No,0
CUST-04382,20,One year,Fiber optic,106.57,2310.79,No,Yes,No,Electronic check,2,1,Yes,No,0
CUST-04383,20,Month-to-month,Fiber optic,43.23,835.66,No,Yes,Yes,Mailed check,3,1,No,No,0
CUST-04384,50,Month-to-month,No,100.75,4693.56,No,No,No,Mailed check,1,0,Yes,No,0
CUST-04385,19,Two year,No,70.03,1463.02,Yes,No,No,Electronic check,0,0,Yes,No,0
CUST-04386,72,Two year,No,97.28,6991.38,No,No,Yes,Credit card,1,0,No,No,0
CUST-04387,1,Month-to-month,DSL,112.54,230.46,Yes,No,Yes,Credit card,3,0,Yes,Yes,1
CUST-04388,2,Month-to-month,Fiber optic,36.68,106.8,No,No,No,Credit card,1,0,No,No,0
CUST-04389,1,Month-to-month,Fiber optic,96.89,187.06,No,No,No,Electronic check,2,0,No,Yes,0
CUST-04390,4,Two year,Fiber optic,29.78,154.37,Yes,No,Yes,Credit card,0,0,No,Yes,0
CUST-04391,18,Two year,No,38.82,773.34,Yes,Yes,Yes,Mailed check,1,1,No,Yes,0
CUST-04392,24,Month-to-month,Fiber optic,44.91,1114.64,No,No,Yes,Bank transfer,3,0,Yes,Yes,1
CUST-04393,1,One year,DSL,77.59,161.03,No,Yes,Yes,Credit card,1,0,Yes,No,0
CUST-04394,70,Month-to-month,DSL,65.83,4811.38,Yes,No,Yes,Credit card,1,0,Yes,No,0
CUST-04395,44,Month-to-month,DSL,60.82,2686.55,No,Yes,No,Bank transfer,1,0,No,No,0
CUST-04396,8,Month-to-month,No,68.66,643.38,No,No,Yes,Electronic check,1,0,No,No,1
CUST-04397,1,Month-to-month,Fiber optic,79.78,148.63,Yes,No,No,Mailed check,3,0,Yes,No,0
CUST-04398,4,Month-to-month,DSL,81.71,421.92,Yes,No,No,Bank transfer,2,0,Yes,Yes,1
CUST-04399,3,Month-to-month,Fiber optic,92.35,349.6,No,Yes,Yes,Credit card,4,1,No,No,0
CUST-04400,3,One year,Fiber optic,110.5,399.82,Yes,Yes,Yes,Bank transfer,1,0,No,No,0
CUST-04401,17,Month-to-month,Fiber optic,64.47,1181.42,Yes,No,No,Mailed check,0,1,Yes,Yes,0
CUST-04402,6,One year,Fiber optic,51.97,378.16,Yes,Yes,No,Mailed check,3,0,No,No,0
CUST-04403,10,Month-to-month,DSL,80.34,824.1,No,No,No,Electronic check,0,0,No,Yes,0
CUST-04404,72,Month-to-month,DSL,36.39,2603.64,Yes,No,Yes,Credit card,1,0,Yes,No,0
CUST-04405,27,Month-to-month,Fiber optic,48.03,1361.52,No,Yes,Yes,Electronic check,2,0,Yes,No,0
CUST-04406,71,Month-to-month,Fiber optic,89.98,6152.97,No,No,No,Bank transfer,3,0,No,Yes,0
CUST-04407,3,Month-to-month,DSL,61.9,228.3,Yes,No,Yes,Credit card,1,0,No,No,1
CUST-04408,11,Month-to-month,No,34.8,400.41,No,Yes,No,Mailed check,0,0,No,No,0
CUST-04409,19,Month-to-month,Fiber optic,27.75,537.51,No,No,Yes,Credit card,2,0,Yes,No,1
CUST-04410,1,Month-to-month,DSL,66.22,133.94,No,No,No,Credit card,1,1,Yes,Yes,1
CUST-04411,0,One year,DSL,93.55,86.98,Yes,Yes,Yes,Electronic check,4,1,Yes,No,0
CUST-04412,26,One year,DSL,93.21,2572.71,No,Yes,No,Mailed check,3,0,No,No,0
CUST-04413,24,Month-to-month,Fiber optic,67.77,1652.45,Yes,No,Yes,Bank transfer,4,0,Yes,No,1
CUST-04414,12,Month-to-month,DSL,115.22,1551.16,Yes,Yes,No,Mailed check,0,0,No,Yes,0
CUST-04415,16,Month-to-month,DSL,62.38,1044.41,No,Yes,Yes,Mailed check,1,0,Yes,No,1
CUST-04416,12,One year,DSL,61.54,773.64,Yes,No,Yes,Bank transfer,0,1,Yes,No,0
CUST-04417,0,Month-to-month,DSL,18.0,16.97,No,Yes,Yes,Electronic check,4,0,Yes,No,1
CUST-04418,9,Month-to-month,No,53.82,492.96,Yes,Yes,No,Mailed check,0,0,No,No,0
CUST-04419,4,Month-to-month,Fiber optic,86.3,412.41,Yes,No,Yes,Electronic check,0,0,Yes,No,0
CUST-04420,2,Two year,No,104.1,300.45,No,Yes,Yes,Electronic check,1,0,No,Yes,0
CUST-04421,72,Month-to-month,DSL,44.24,3181.86,Yes,No,Yes,Mailed check,0,0,No,No,0
CUST-04422,21,One year,DSL,76.56,1733.13,No,Yes,Yes,Bank transfer,1,0,Yes,No,0
CUST-04423,31,Month-to-month,Fiber optic,91.17,2828.67,No,No,Yes,Electronic check,0,0,No,No,0
CUST-04424,9,Two year,Fiber optic,65.28,618.29,Yes,No,Yes,Bank transfer,1,1,Yes,Yes,0
CUST-04425,11,One year,DSL,18.0,222.69,No,Yes,No,Mailed check,3,1,No,Yes,0
CUST-04426,6,Month-to-month,DSL,71.18,503.29,Yes,No,Yes,Credit card,2,0,Yes,Yes,1
CUST-04427,2,Two year,Fiber optic,84.04,238.52,Yes,No,No,Mailed check,1,0,Yes,No,0
CUST-04428,4,Month-to-month,DSL,41.31,191.07,No,Yes,No,Electronic check,1,0,Yes,No,0
CUST-04429,38,Two year,Fiber optic,58.65,2158.47,Yes,No,No,Bank transfer,2,1,No,No,1
CUST-04430,27,Two year,No,36.11,928.72,Yes,No,No,Bank transfer,4,0,Yes,Yes,0
CUST-04431,19,Month-to-month,No,18.0,372.78,No,No,Yes,Mailed check,1,0,No,Yes,0
CUST-04432,15,One year,Fiber optic,90.68,1438.92,No,No,No,Mailed check,2,1,No,No,0
CUST-04433,61,Month-to-month,No,64.91,4143.25,No,Yes,Yes,Electronic check,3,0,Yes,No,0
CUST-04434,1,Month-to-month,No,104.94,214.72,No,Yes,Yes,Electronic check,2,0,Yes,No,1
CUST-04435,7,Month-to-month,Fiber optic,86.43,638.19,No,No,No,Electronic check,2,0,No,Yes,1
CUST-04436,10,One year,DSL,56.14,596.82,No,No,No,Mailed check,0,0,Yes,No,0
CUST-04437,36,Month-to-month,Fiber optic,62.92,2434.69,No,Yes,Yes,Credit card,3,0,Yes,No,0
CUST-04438,72,Month-to-month,DSL,79.15,5402.78,No,No,Yes,Bank transfer,0,0,Yes,No,0
CUST-04439,6,One year,Fiber optic,89.17,566.47,Yes,Yes,Yes,Electronic check,1,0,No,No,1
CUST-04440,49,Month-to-month,Fiber optic,73.07,3477.77,No,No,Yes,Credit card,2,0,Yes,Yes,0
CUST-04441,42,Month-to-month,Fiber optic,92.64,3890.47,No,No,No,Mailed check,1,1,Yes,No,0
CUST-04442,6,Month-to-month,Fiber optic,57.58,366.13,No,No,Yes,Electronic check,1,0,Yes,No,0
CUST-04443,12,Month-to-month,No,40.07,502.16,No,No,Yes,Bank transfer,1,0,No,No,1
CUST-04444,12,Month-to-month,Fiber optic,63.38,772.87,Yes,Yes,Yes,Electronic check,0,0,Yes,No,0
CUST-04445,72,Month-to-month,Fiber optic,70.13,4770.43,Yes,Yes,No,Electronic check,3,0,No,No,0
CUST-04446,4,Two year,No,34.96,164.24,No,No,No,Electronic check,1,0,No,No,0
CUST-04447,38,One year,DSL,31.58,1127.93,Yes,Yes,No,Mailed check,2,0,No,Yes,0
CUST-04448,9,Month-to-month,DSL,76.18,694.38,No,No,Yes,Electronic check,1,0,Yes,No,0
CUST-04449,31,Month-to-month,No,54.84,1736.24,Yes,No,No,Bank transfer,3,0,Yes,No,0
CUST-04450,13,Month-to-month,No,60.85,887.83,No,No,Yes,Mailed check,2,0,Yes,No,0
CUST-04451,20,One year,Fiber optic,56.01,1200.57,No,Yes,No,Mailed check,2,0,Yes,Yes,0
CUST-04452,42,Month-to-month,DSL,103.02,4540.98,Yes,Yes,Yes,Electronic check,1,0,Yes,No,0
CUST-04453,39,Month-to-month,No,96.54,3901.23,No,No,Yes,Credit card,3,0,No,No,0
CUST-04454,48,Two year,Fiber optic,34.07,1741.88,No,Yes,Yes,Mailed check,1,1,No,No,0
CUST-04455,1,Month-to-month,Fiber optic,51.68,107.76,Yes,No,Yes,Mailed check,3,0,No,Yes,0
CUST-04456,28,Month-to-month,Fiber optic,86.25,2543.13,No,No,Yes,Bank transfer,0,0,No,Yes,0
CUST-04457,3,Two year,Fiber optic,80.05,322.57,No,No,No,Electronic check,3,0,No,No,0
CUST-04458,12,One year,DSL,63.96,786.41,Yes,Yes,Yes,Mailed check,2,0,Yes,No,0
CUST-04459,19,Month-to-month,DSL,36.56,668.08,No,No,Yes,Bank transfer,1,0,No,Yes,0
CUST-04460,12,One year,No,47.94,569.58,Yes,No,Yes,Mailed check,1,0,Yes,Yes,0
CUST-04461,17,Month-to-month,DSL,52.08,947.23,Yes,No,Yes,Electronic check,0,0,No,No,0
CUST-04462,72,One year,Fiber optic,71.92,4747.49,No,No,No,Electronic check,1,0,No,No,0
CUST-04463,3,Month-to-month,Fiber optic,107.59,440.03,No,No,Yes,Electronic check,3,0,No,Yes,1
CUST-04464,27,Two year,No,47.83,1278.94,No,No,No,Credit card,4,0,Yes,No,0
CUST-04465,12,Two year,Fiber optic,39.35,475.13,Yes,Yes,Yes,Electronic check,2,0,Yes,No,0
CUST-04466,3,Two year,Fiber optic,62.29,239.48,Yes,No,No,Electronic check,0,0,No,No,0
CUST-04467,4,Two year,No,90.79,456.44,Yes,Yes,Yes,Credit card,2,0,No,Yes,0
CUST-04468,71,Month-to-month,DSL,28.83,1953.84,No,No,No,Mailed check,2,1,No,Yes,0
CUST-04469,50,Month-to-month,Fiber optic,101.34,4786.1,No,No,Yes,Mailed check,2,1,Yes,No,0
CUST-04470,57,Month-to-month,No,60.7,3558.21,No,Yes,No,Mailed check,1,0,No,Yes,0
CUST-04471,72,One year,No,46.64,3514.02,Yes,No,Yes,Bank transfer,0,0,No,No,0
CUST-04472,5,Two year,Fiber optic,25.0,148.17,No,No,Yes,Bank transfer,2,0,Yes,No,0
CUST-04473,10,Month-to-month,No,82.66,889.78,No,Yes,Yes,Electronic check,0,0,No,No,1
CUST-04474,26,Two year,Fiber optic,60.72,1661.13,No,No,No,Credit card,1,0,Yes,No,0
CUST-04475,15,Two year,DSL,69.27,1119.29,Yes,Yes,Yes,Electronic check,1,0,No,Yes,0
CUST-04476,13,Two year,No,42.48,535.81,No,No,Yes,Electronic check,1,0,No,No,0
CUST-04477,10,Two year,No,57.02,591.01,No,Yes,No,Electronic check,1,0,No,No,0
CUST-04478,21,Month-to-month,Fiber optic,52.84,1208.75,No,No,No,Bank transfer,4,0,Yes,No,1
CUST-04479,20,Month-to-month,Fiber optic,62.49,1370.07,Yes,Yes,No,Bank transfer,2,1,No,No,1
CUST-04480,4,Month-to-month,Fiber optic,48.26,235.64,No,Yes,Yes,Bank transfer,2,1,No,No,1
CUST-04481,15,Month-to-month,DSL,26.65,419.58,Yes,No,Yes,Bank transfer,3,0,No,Yes,0
CUST-04482,19,One year,Fiber optic,120.0,2160.24,Yes,No,Yes,Electronic check,0,0,Yes,Yes,1
CUST-04483,20,Two year,Fiber optic,30.91,649.66,No,Yes,No,Electronic check,4,1,No,No,1
CUST-04484,5,Two year,Fiber optic,69.54,388.81,No,No,No,Mailed check,1,0,Yes,No,1
CUST-04485,32,One year,Fiber optic,20.7,627.9,No,Yes,No,Electronic check,4,0,Yes,Yes,0
CUST-04486,0,Month-to-month,Fiber optic,18.0,17.02,Yes,No,No,Electronic check,0,0,Yes,Yes,1
CUST-04487,10,Month-to-month,No,67.45,741.75,No,No,No,Credit card,2,0,No,No,1
CUST-04488,36,Month-to-month,Fiber optic,69.36,2477.65,No,No,No,Bank transfer,2,0,Yes,No,1
CUST-04489,19,Month-to-month,Fiber optic,96.54,1838.81,Yes,Yes,Yes,Electronic check,1,0,No,Yes,0
CUST-04490,7,Month-to-month,No,74.99,605.33,No,No,No,Bank transfer,0,0,No,Yes,1
CUST-04491,28,Month-to-month,DSL,61.25,1815.43,No,No,No,Bank transfer,0,1,No,No,1
CUST-04492,20,Month-to-month,Fiber optic,41.26,892.78,No,Yes,Yes,Electronic check,3,0,No,No,0
CUST-04493,38,Month-to-month,Fiber optic,102.48,3863.68,Yes,Yes,Yes,Mailed check,0,0,No,No,0
CUST-04494,31,One year,DSL,88.22,2844.7,No,Yes,Yes,Electronic check,1,0,No,No,0
CUST-04495,22,Month-to-month,Fiber optic,33.84,803.83,Yes,Yes,No,Electronic check,1,1,Yes,No,0
CUST-04496,16,Month-to-month,DSL,65.95,1161.89,Yes,Yes,No,Electronic check,1,0,Yes,No,1
CUST-04497,3,Month-to-month,Fiber optic,68.6,267.22,Yes,Yes,Yes,Credit card,1,0,Yes,No,1
CUST-04498,7,Two year,Fiber optic,56.36,429.82,Yes,No,No,Mailed check,1,0,No,No,0
CUST-04499,13,Month-to-month,DSL,84.3,1221.54,No,Yes,Yes,Credit card,2,0,No,No,0
CUST-04500,21,Month-to-month,DSL,85.79,1772.65,No,Yes,No,Electronic check,0,0,Yes,No,0
CUST-04501,17,One year,No,60.24,1105.49,No,Yes,No,Electronic check,1,0,No,No,0
CUST-04502,8,One year,Fiber optic,57.98,540.76,Yes,No,No,Credit card,1,0,No,No,0
CUST-04503,0,Two year,DSL,102.47,103.59,No,Yes,Yes,Mailed check,3,0,Yes,No,1
CUST-04504,16,Month-to-month,Fiber optic,88.32,1504.41,No,No,No,Credit card,4,0,Yes,Yes,1
CUST-04505,8,Month-to-month,DSL,66.81,545.73,No,No,Yes,Electronic check,2,1,No,No,1
CUST-04506,31,Month-to-month,No,24.27,722.68,No,No,Yes,Credit card,4,0,Yes,Yes,0
CUST-04507,0,One year,Fiber optic,73.6,73.6,Yes,Yes,Yes,Mailed check,1,0,Yes,No,1
CUST-04508,21,Month-to-month,No,82.45,1846.15,No,No,No,Electronic check,1,0,Yes,No,1
CUST-04509,68,Month-to-month,DSL,18.0,1129.61,Yes,Yes,No,Bank transfer,0,0,No,No,0
CUST-04510,4,Month-to-month,No,71.3,321.87,No,No,Yes,Bank transfer,0,0,No,No,1
CUST-04511,15,Month-to-month,DSL,54.58,826.76,No,No,No,Electronic check,1,0,Yes,No,0
CUST-04512,2,Month-to-month,Fiber optic,59.48,177.86,No,No,Yes,Credit card,0,0,No,Yes,0
CUST-04513,23,One year,Fiber optic,42.32,992.12,No,No,Yes,Bank transfer,1,0,No,No,0
CUST-04514,19,One year,Fiber optic,61.3,1104.94,No,No,Yes,Electronic check,2,0,No,Yes,0
CUST-04515,12,Month-to-month,Fiber optic,99.8,1197.17,Yes,Yes,Yes,Electronic check,2,0,No,No,1
CUST-04516,17,Month-to-month,DSL,53.84,981.55,No,Yes,No,Mailed check,1,0,Yes,No,1
CUST-04517,54,One year,DSL,89.14,4631.33,No,No,No,Electronic check,2,0,Yes,No,0
CUST-04518,5,Month-to-month,No,44.84,246.87,Yes,No,Yes,Mailed check,3,0,Yes,No,0
CUST-04519,0,Month-to-month,Fiber optic,83.97,76.21,Yes,No,No,Bank transfer,2,1,No,No,1
CUST-04520,47,Month-to-month,DSL,65.04,3207.98,Yes,No,Yes,Bank transfer,0,0,No,Yes,0
CUST-04521,20,One year,No,73.8,1504.47,No,No,Yes,Mailed check,6,0,Yes,Yes,0
CUST-04522,53,Two year,No,65.18,3433.67,No,No,Yes,Electronic check,2,1,No,Yes,0
CUST-04523,21,One year,Fiber optic,81.04,1621.0,Yes,No,No,Credit card,1,0,Yes,Yes,1
CUST-04524,39,Month-to-month,DSL,18.0,700.77,No,No,No,Electronic check,0,0,Yes,No,1
CUST-04525,13,Month-to-month,Fiber optic,29.5,411.71,No,No,Yes,Electronic check,0,0,Yes,No,0
CUST-04526,33,Two year,Fiber optic,75.43,2355.4,Yes,No,Yes,Bank transfer,3,0,No,Yes,0
CUST-04527,58,Month-to-month,Fiber optic,18.0,1099.57,No,No,Yes,Bank transfer,1,0,Yes,Yes,0
CUST-04528,20,Two year,No,51.74,1105.56,Yes,No,Yes,Credit card,1,0,Yes,No,0
CUST-04529,4,Two year,DSL,63.64,324.65,No,Yes,No,Credit card,1,0,Yes,No,1
CUST-04530,7,Month-to-month,DSL,44.3,347.48,Yes,Yes,Yes,Credit card,1,0,Yes,Yes,0
CUST-04531,5,Two year,No,47.71,271.97,Yes,No,No,Mailed check,1,0,No,No,0
CUST-04532,6,Month-to-month,Fiber optic,71.79,500.55,Yes,No,Yes,Electronic check,0,0,Yes,No,1
CUST-04533,8,Two year,DSL,90.23,758.32,Yes,No,Yes,Bank transfer,1,1,Yes,Yes,0
CUST-04534,19,Month-to-month,DSL,41.04,755.57,No,No,Yes,Electronic check,4,0,No,No,0
CUST-04535,21,Month-to-month,Fiber optic,50.62,1092.2,Yes,No,Yes,Electronic check,3,0,Yes,No,1
CUST-04536,13,One year,DSL,46.72,635.63,No,No,No,Electronic check,5,0,No,No,0
CUST-04537,22,One year,Fiber optic,18.0,381.93,Yes,No,Yes,Electronic check,5,0,No,No,0
CUST-04538,2,Month-to-month,No,68.54,201.42,No,Yes,Yes,Mailed check,0,1,Yes,No,0
CUST-04539,2,One year,Fiber optic,88.37,260.33,No,No,No,Mailed check,2,0,Yes,No,1
CUST-04540,4,Month-to-month,Fiber optic,90.42,465.99,No,Yes,No,Mailed check,1,0,No,Yes,0
CUST-04541,17,Month-to-month,DSL,43.23,788.94,Yes,No,No,Credit card,2,0,Yes,Yes,0
CUST-04542,5,Month-to-month,Fiber optic,33.71,188.63,No,Yes,Yes,Bank transfer,3,0,Yes,No,0
CUST-04543,7,Month-to-month,Fiber optic,65.54,536.22,Yes,No,Yes,Credit card,2,0,No,No,1
CUST-04544,12,Month-to-month,Fiber optic,85.73,1165.03,Yes,No,No,Mailed check,3,0,Yes,No,1
CUST-04545,40,Month-to-month,Fiber optic,68.87,2844.83,No,No,No,Electronic check,1,0,Yes,No,1
CUST-04546,0,Month-to-month,DSL,72.23,73.53,No,No,Yes,Electronic check,0,1,No,Yes,1
CUST-04547,25,Month-to-month,DSL,93.55,2286.28,No,Yes,Yes,Bank transfer,0,1,No,Yes,0
CUST-04548,26,Month-to-month,DSL,46.52,1317.32,No,No,Yes,Credit card,0,0,No,No,1
CUST-04549,38,Two year,DSL,59.5,2149.85,No,No,Yes,Electronic check,1,0,Yes,No,0
CUST-04550,64,Month-to-month,Fiber optic,105.87,6968.46,No,Yes,Yes,Credit card,3,0,No,No,0
CUST-04551,0,Two year,Fiber optic,60.08,57.63,No,No,Yes,Mailed check,1,0,Yes,Yes,1
CUST-04552,4,One year,DSL,33.32,158.86,No,No,Yes,Electronic check,1,0,Yes,Yes,0
CUST-04553,52,One year,No,48.27,2411.91,No,No,Yes,Bank transfer,1,0,Yes,Yes,0
CUST-04554,14,One year,Fiber optic,41.55,602.16,Yes,No,Yes,Mailed check,4,1,Yes,No,0
CUST-04555,19,Two year,Fiber optic,73.93,1506.15,Yes,No,Yes,Electronic check,4,0,No,Yes,0
CUST-04556,26,Month-to-month,DSL,42.6,1197.53,No,No,Yes,Mailed check,1,1,Yes,No,1
CUST-04557,27,Month-to-month,DSL,71.78,1934.34,Yes,No,No,Bank transfer,0,0,No,No,0
CUST-04558,64,One year,DSL,46.6,3022.19,Yes,No,Yes,Bank transfer,2,0,Yes,No,0
CUST-04559,72,One year,Fiber optic,18.0,1337.96,No,No,No,Electronic check,2,0,Yes,No,0
CUST-04560,30,Two year,DSL,72.67,2061.2,No,No,No,Credit card,3,0,No,No,0
CUST-04561,8,Month-to-month,Fiber optic,68.71,645.65,No,No,Yes,Electronic check,1,1,No,No,1
CUST-04562,50,One year,DSL,77.94,3703.63,Yes,No,Yes,Electronic check,3,0,No,No,0
CUST-04563,1,Month-to-month,No,48.18,99.95,Yes,No,Yes,Mailed check,0,0,No,No,0
CUST-04564,6,Month-to-month,DSL,45.51,333.86,Yes,No,No,Credit card,2,0,Yes,Yes,0
CUST-04565,54,Month-to-month,Fiber optic,75.04,3776.64,No,Yes,Yes,Mailed check,2,0,No,No,0
CUST-04566,7,One year,No,102.98,851.78,No,Yes,Yes,Bank transfer,1,0,Yes,Yes,0
CUST-04567,5,Two year,No,65.28,390.17,No,No,No,Credit card,2,0,No,Yes,0
CUST-04568,3,Month-to-month,DSL,75.61,309.3,Yes,Yes,No,Bank transfer,2,0,No,No,0
CUST-04569,47,Two year,Fiber optic,56.96,2505.41,No,No,Yes,Electronic check,1,0,Yes,No,0
CUST-04570,16,Month-to-month,Fiber optic,26.41,460.26,No,Yes,No,Bank transfer,2,0,Yes,No,1
CUST-04571,26,Month-to-month,No,89.19,2393.45,Yes,Yes,Yes,Bank transfer,0,0,No,No,0
CUST-04572,6,Month-to-month,DSL,87.71,599.6,No,No,No,Electronic check,0,0,No,No,1
CUST-04573,34,Month-to-month,No,82.77,2850.61,No,Yes,Yes,Electronic check,2,0,Yes,No,1
CUST-04574,34,Month-to-month,Fiber optic,60.45,2140.44,No,No,No,Bank transfer,1,0,No,No,0
CUST-04575,8,Month-to-month,Fiber optic,79.93,679.55,No,No,Yes,Electronic check,1,0,Yes,No,1
CUST-04576,12,One year,No,87.34,1182.56,No,No,Yes,Electronic check,1,1,No,No,1
CUST-04577,5,One year,DSL,105.5,598.91,No,No,Yes,Bank transfer,1,0,Yes,No,0
CUST-04578,72,Month-to-month,Fiber optic,89.71,6755.52,No,Yes,No,Credit card,2,0,No,Yes,0
CUST-04579,24,Month-to-month,Fiber optic,66.6,1501.52,No,Yes,Yes,Electronic check,1,1,Yes,No,0
CUST-04580,65,Month-to-month,DSL,32.29,2211.0,Yes,Yes,Yes,Mailed check,0,0,Yes,No,0
CUST-04581,8,Month-to-month,Fiber optic,68.89,637.21,No,Yes,Yes,Bank transfer,0,1,Yes,No,0
CUST-04582,36,Month-to-month,DSL,71.41,2427.17,No,No,Yes,Bank transfer,1,0,No,No,0
CUST-04583,34,Month-to-month,Fiber optic,82.73,2926.06,No,No,No,Credit card,1,0,No,No,0
CUST-04584,28,Two year,DSL,98.85,2740.85,Yes,No,No,Bank transfer,0,0,No,No,0
CUST-04585,72,Two year,Fiber optic,62.62,4443.11,Yes,Yes,No,Bank transfer,2,1,Yes,No,0
CUST-04586,12,Month-to-month,No,117.52,1390.7,Yes,No,No,Credit card,2,0,Yes,No,0
CUST-04587,3,Month-to-month,Fiber optic,21.02,78.35,Yes,Yes,Yes,Electronic check,3,0,No,Yes,1
CUST-04588,26,Month-to-month,DSL,75.48,2125.69,Yes,Yes,Yes,Electronic check,2,0,No,No,0
CUST-04589,31,One year,Fiber optic,45.04,1387.51,No,No,Yes,Bank transfer,2,0,Yes,No,0
CUST-04590,20,Month-to-month,DSL,18.0,341.68,No,No,No,Mailed check,2,0,No,Yes,1
CUST-04591,5,Month-to-month,No,59.96,351.58,No,No,No,Electronic check,4,0,Yes,No,0
CUST-04592,16,One year,No,28.57,509.59,No,No,Yes,Electronic check,1,1,Yes,No,0
CUST-04593,8,Month-to-month,DSL,60.96,521.17,No,No,Yes,Bank transfer,4,0,Yes,Yes,1
CUST-04594,13,Month-to-month,DSL,65.87,849.5,No,No,Yes,Credit card,0,0,No,No,1
CUST-04595,24,Month-to-month,No,92.96,2315.94,Yes,Yes,Yes,Electronic check,3,0,No,No,0
CUST-04596,32,Month-to-month,No,27.31,935.45,Yes,Yes,No,Mailed check,2,0,No,Yes,0
CUST-04597,6,Month-to-month,No,87.71,631.7,No,No,Yes,Electronic check,2,0,Yes,No,1
CUST-04598,12,Month-to-month,Fiber optic,67.45,875.58,Yes,Yes,No,Bank transfer,2,0,No,No,0
CUST-04599,7,Month-to-month,No,90.72,673.23,No,No,No,Mailed check,2,0,Yes,No,1
CUST-04600,5,Month-to-month,Fiber optic,54.21,331.0,Yes,Yes,No,Credit card,1,1,No,No,0
CUST-04601,36,One year,Fiber optic,31.69,1200.06,No,Yes,No,Electronic check,1,0,Yes,Yes,0
CUST-04602,57,Month-to-month,Fiber optic,34.56,2059.47,No,No,Yes,Mailed check,0,1,No,No,0
CUST-04603,11,Month-to-month,Fiber optic,32.7,376.94,No,Yes,No,Electronic check,2,0,No,No,0
CUST-04604,33,One year,DSL,76.95,2515.12,Yes,No,Yes,Mailed check,1,0,No,No,0
CUST-04605,54,One year,No,101.92,5175.5,Yes,Yes,No,Credit card,1,0,Yes,Yes,0
CUST-04606,44,Two year,DSL,50.88,2326.01,No,No,Yes,Credit card,2,1,Yes,No,0
CUST-04607,4,Month-to-month,DSL,80.73,407.92,No,No,Yes,Mailed check,0,0,Yes,No,0
CUST-04608,72,Month-to-month,DSL,26.91,1797.38,No,No,Yes,Credit card,3,0,No,No,0
CUST-04609,11,One year,DSL,69.51,753.23,No,No,Yes,Electronic check,3,0,Yes,No,0
CUST-04610,9,One year,Fiber optic,81.71,852.04,No,Yes,No,Electronic check,0,0,Yes,No,1
CUST-04611,1,Month-to-month,No,28.8,51.99,No,No,No,Credit card,2,0,No,No,0
CUST-04612,15,Two year,DSL,59.9,952.93,No,No,Yes,Electronic check,1,1,Yes,No,0
CUST-04613,2,Month-to-month,DSL,82.9,240.75,Yes,No,Yes,Electronic check,0,0,No,No,0
CUST-04614,6,Two year,DSL,18.0,128.09,Yes,Yes,No,Mailed check,1,0,Yes,No,0
CUST-04615,9,Two year,No,98.39,898.46,No,Yes,Yes,Mailed check,1,0,No,No,0
CUST-04616,39,One year,Fiber optic,73.84,2960.56,No,Yes,No,Electronic check,1,1,Yes,Yes,0
CUST-04617,50,Two year,Fiber optic,82.92,4196.11,No,Yes,Yes,Credit card,1,0,No,No,0
CUST-04618,8,One year,DSL,54.68,505.92,Yes,Yes,No,Mailed check,1,0,No,No,0
CUST-04619,46,Month-to-month,DSL,21.93,1007.81,Yes,Yes,No,Mailed check,2,0,No,Yes,0
CUST-04620,46,Month-to-month,No,78.35,3716.49,No,No,Yes,Electronic check,1,0,Yes,No,0
CUST-04621,34,Month-to-month,Fiber optic,62.94,2127.2,Yes,No,Yes,Mailed check,1,0,No,No,0
CUST-04622,3,Month-to-month,Fiber optic,65.8,275.73,No,Yes,No,Bank transfer,5,0,Yes,No,1
CUST-04623,28,One year,No,92.19,2630.5,Yes,No,No,Credit card,1,0,Yes,No,0
CUST-04624,69,Month-to-month,DSL,84.05,5960.17,No,No,No,Credit card,0,1,Yes,Yes,0
CUST-04625,27,Month-to-month,DSL,113.03,2892.47,No,No,Yes,Mailed check,3,0,No,No,1
CUST-04626,9,One year,Fiber optic,68.85,667.44,Yes,No,Yes,Credit card,1,0,Yes,No,0
CUST-04627,16,Two year,Fiber optic,47.72,737.96,Yes,No,Yes,Electronic check,1,1,Yes,No,0
CUST-04628,24,Month-to-month,DSL,60.29,1384.04,No,No,Yes,Electronic check,0,0,Yes,No,0
CUST-04629,17,Month-to-month,Fiber optic,75.39,1324.34,No,No,No,Bank transfer,1,0,Yes,No,0
CUST-04630,3,Month-to-month,No,90.4,344.55,No,No,Yes,Electronic check,1,0,Yes,No,0
CUST-04631,8,One year,DSL,28.32,246.97,No,No,No,Electronic check,4,1,Yes,No,0
CUST-04632,38,Month-to-month,Fiber optic,65.21,2478.14,Yes,No,No,Credit card,0,0,Yes,No,0
CUST-04633,47,One year,DSL,105.24,4667.42,Yes,Yes,No,Bank transfer,0,0,Yes,No,0
CUST-04634,3,Month-to-month,DSL,58.99,225.31,No,No,Yes,Electronic check,2,0,Yes,Yes,1
CUST-04635,72,Month-to-month,Fiber optic,88.28,6631.91,Yes,No,Yes,Bank transfer,3,0,No,Yes,0
CUST-04636,9,Two year,Fiber optic,77.33,795.33,No,No,No,Credit card,3,1,No,No,1
CUST-04637,26,Month-to-month,Fiber optic,88.9,2336.91,No,Yes,Yes,Credit card,1,0,No,Yes,0
CUST-04638,33,Month-to-month,DSL,44.76,1540.67,Yes,No,No,Mailed check,2,0,No,Yes,0
CUST-04639,40,Month-to-month,DSL,44.86,1863.23,No,Yes,No,Bank transfer,0,0,No,No,0
CUST-04640,69,Month-to-month,DSL,65.51,4157.47,Yes,No,Yes,Bank transfer,0,0,Yes,No,0
CUST-04641,9,Month-to-month,DSL,26.69,264.67,Yes,Yes,Yes,Bank transfer,3,0,No,No,0
CUST-04642,46,Month-to-month,DSL,58.26,2794.84,No,No,Yes,Bank transfer,0,0,Yes,No,0
CUST-04643,3,Month-to-month,DSL,71.32,282.17,No,Yes,No,Mailed check,1,0,No,Yes,0
CUST-04644,29,Month-to-month,DSL,109.62,3226.88,Yes,Yes,Yes,Mailed check,0,0,No,Yes,0
CUST-04645,32,One year,Fiber optic,75.07,2426.98,No,Yes,No,Credit card,3,0,No,Yes,1
CUST-04646,27,One year,No,80.63,2203.89,No,Yes,No,Electronic check,0,1,No,No,0
CUST-04647,6,Month-to-month,DSL,94.11,669.8,Yes,No,Yes,Electronic check,1,0,Yes,No,0
CUST-04648,49,One year,No,40.88,2036.57,No,Yes,No,Bank transfer,2,0,No,No,0
CUST-04649,4,Month-to-month,DSL,60.87,283.75,No,No,No,Electronic check,2,0,Yes,No,1
CUST-04650,1,Month-to-month,Fiber optic,120.0,231.6,No,Yes,No,Mailed check,2,0,No,No,0
CUST-04651,30,Month-to-month,DSL,63.02,1913.17,Yes,No,Yes,Electronic check,0,0,No,No,0
CUST-04652,15,Month-to-month,Fiber optic,92.91,1431.32,No,Yes,Yes,Bank transfer,2,0,Yes,No,1
CUST-04653,45,Month-to-month,DSL,89.09,3834.37,No,No,Yes,Credit card,0,0,No,Yes,0
CUST-04654,11,Month-to-month,DSL,28.05,309.24,Yes,No,Yes,Bank transfer,2,0,No,No,0
CUST-04655,4,One year,No,72.76,333.82,Yes,No,Yes,Electronic check,3,1,Yes,No,0
CUST-04656,43,Two year,DSL,68.67,2853.62,Yes,No,No,Credit card,0,0,No,Yes,0
CUST-04657,19,Month-to-month,DSL,73.25,1406.98,Yes,No,Yes,Electronic check,0,0,Yes,No,0
CUST-04658,5,One year,Fiber optic,46.15,277.57,Yes,Yes,No,Mailed check,3,0,No,No,0
CUST-04659,30,Two year,No,37.08,1204.35,No,No,Yes,Mailed check,1,0,No,No,0
CUST-04660,17,One year,No,53.1,988.87,Yes,No,Yes,Credit card,1,0,No,Yes,0
CUST-04661,22,Month-to-month,DSL,62.56,1470.61,No,No,Yes,Electronic check,1,0,Yes,Yes,0
CUST-04662,14,Month-to-month,Fiber optic,94.62,1450.61,No,Yes,No,Bank transfer,0,0,No,Yes,0
CUST-04663,42,Month-to-month,DSL,110.43,4698.2,No,No,Yes,Mailed check,1,0,No,No,1
CUST-04664,42,Month-to-month,Fiber optic,99.91,4029.4,No,No,Yes,Electronic check,3,0,No,No,1
CUST-04665,29,One year,DSL,86.5,2519.2,Yes,No,No,Credit card,0,0,Yes,Yes,0
CUST-04666,2,Month-to-month,Fiber optic,39.89,110.26,No,No,Yes,Bank transfer,1,0,No,Yes,1
CUST-04667,43,Month-to-month,DSL,54.78,2374.08,No,No,No,Bank transfer,1,0,No,No,0
CUST-04668,26,One year,DSL,70.25,1713.62,Yes,No,Yes,Electronic check,1,0,No,No,0
CUST-04669,28,One year,Fiber optic,49.19,1324.4,Yes,No,Yes,Bank transfer,2,0,Yes,No,0
CUST-04670,10,Month-to-month,DSL,79.43,879.71,Yes,No,Yes,Credit card,1,0,Yes,No,1
CUST-04671,50,One year,No,83.01,3985.99,Yes,No,No,Mailed check,2,0,No,No,0
CUST-04672,31,Month-to-month,Fiber optic,78.41,2416.27,Yes,No,No,Bank transfer,0,0,Yes,Yes,0
CUST-04673,2,Month-to-month,DSL,90.63,278.64,Yes,Yes,Yes,Credit card,0,0,No,Yes,0
CUST-04674,12,Month-to-month,Fiber optic,42.39,499.65,Yes,No,Yes,Credit card,0,0,Yes,No,1
CUST-04675,52,One year,Fiber optic,88.32,4228.83,No,No,Yes,Mailed check,2,0,No,No,0
CUST-04676,1,Two year,Fiber optic,47.61,88.97,Yes,Yes,Yes,Bank transfer,1,0,No,No,0
CUST-04677,72,Month-to-month,DSL,41.48,3036.11,No,No,Yes,Bank transfer,1,0,No,No,0
CUST-04678,27,Month-to-month,Fiber optic,78.3,2050.81,No,Yes,Yes,Electronic check,0,0,No,No,1
CUST-04679,23,Month-to-month,No,95.4,2357.27,No,Yes,Yes,Bank transfer,2,0,No,No,0
CUST-04680,7,Month-to-month,DSL,77.2,588.44,Yes,No,Yes,Credit card,2,0,No,Yes,1
CUST-04681,6,Month-to-month,Fiber optic,65.52,432.28,No,No,No,Credit card,2,0,Yes,Yes,1
CUST-04682,68,Month-to-month,DSL,72.75,4693.15,Yes,Yes,No,Credit card,2,0,No,No,0
CUST-04683,8,Two year,Fiber optic,68.41,607.13,No,Yes,Yes,Electronic check,2,0,Yes,Yes,0
CUST-04684,35,One year,DSL,36.85,1364.34,No,No,No,Credit card,1,0,Yes,Yes,0
CUST-04685,11,Month-to-month,Fiber optic,33.93,391.24,Yes,Yes,Yes,Bank transfer,3,0,No,No,1
CUST-04686,3,Month-to-month,Fiber optic,63.03,236.46,Yes,Yes,Yes,Electronic check,3,0,No,No,1
CUST-04687,0,Month-to-month,DSL,67.0,64.53,Yes,No,No,Bank transfer,1,0,No,Yes,0
CUST-04688,18,Month-to-month,No,65.28,1284.62,Yes,Yes,No,Credit card,4,0,No,No,1
CUST-04689,72,Two year,Fiber optic,81.9,5680.84,Yes,No,Yes,Electronic check,0,0,No,No,0
CUST-04690,11,Two year,No,59.61,714.15,No,Yes,Yes,Credit card,2,0,No,No,0
CUST-04691,10,Month-to-month,Fiber optic,79.07,825.81,Yes,No,No,Credit card,0,0,Yes,No,1
CUST-04692,10,Month-to-month,No,61.39,676.11,No,No,No,Electronic check,1,0,No,No,1
CUST-04693,17,Two year,DSL,110.58,2054.44,No,No,No,Credit card,2,0,Yes,No,0
CUST-04694,13,Month-to-month,Fiber optic,67.02,928.69,No,No,No,Credit card,2,0,Yes,No,0
CUST-04695,50,One year,Fiber optic,120.0,6377.75,No,No,Yes,Electronic check,2,0,Yes,No,1
CUST-04696,16,Month-to-month,Fiber optic,73.8,1242.34,No,No,Yes,Electronic check,2,0,Yes,Yes,1
CUST-04697,17,One year,Fiber optic,59.66,1123.53,No,No,No,Mailed check,0,0,No,No,0
CUST-04698,3,Month-to-month,Fiber optic,42.51,171.5,No,Yes,Yes,Electronic check,0,0,No,No,1
CUST-04699,72,Two year,DSL,28.93,2107.49,Yes,No,Yes,Bank transfer,1,0,Yes,No,0
CUST-04700,6,One year,No,40.21,288.36,No,No,No,Mailed check,2,0,Yes,No,0
CUST-04701,1,Month-to-month,Fiber optic,43.01,77.56,No,No,Yes,Credit card,1,0,Yes,Yes,1
CUST-04702,26,One year,DSL,74.87,1897.35,No,No,Yes,Credit card,0,0,Yes,No,0
CUST-04703,21,Two year,DSL,51.85,1063.6,No,No,Yes,Electronic check,2,0,Yes,No,0
CUST-04704,12,Month-to-month,No,69.67,830.21,Yes,Yes,Yes,Mailed check,0,0,Yes,No,0
CUST-04705,13,Month-to-month,DSL,97.05,1413.96,No,No,No,Bank transfer,2,0,No,No,0
CUST-04706,36,Month-to-month,DSL,62.8,2136.9,No,No,Yes,Bank transfer,3,1,No,No,0
CUST-04707,5,Month-to-month,DSL,116.98,659.36,Yes,Yes,Yes,Mailed check,1,0,Yes,Yes,0
CUST-04708,41,Month-to-month,Fiber optic,35.6,1420.85,No,No,Yes,Electronic check,1,0,Yes,Yes,0
CUST-04709,25,One year,Fiber optic,61.24,1582.2,Yes,No,Yes,Electronic check,1,0,No,No,0
CUST-04710,13,Month-to-month,Fiber optic,51.52,732.19,No,No,Yes,Electronic check,2,0,No,Yes,1
CUST-04711,14,Two year,Fiber optic,88.41,1313.82,No,No,Yes,Credit card,2,0,Yes,No,1
CUST-04712,7,Month-to-month,DSL,18.0,145.78,Yes,No,No,Electronic check,5,0,No,No,0
CUST-04713,33,Month-to-month,Fiber optic,28.92,944.26,Yes,No,No,Electronic check,2,0,Yes,No,0
CUST-04714,17,Month-to-month,DSL,62.32,1177.14,Yes,Yes,Yes,Bank transfer,1,0,No,No,0
CUST-04715,9,Month-to-month,Fiber optic,103.78,960.5,No,No,Yes,Electronic check,1,0,Yes,No,1
CUST-04716,21,Month-to-month,No,70.65,1492.07,No,Yes,Yes,Electronic check,1,0,No,Yes,0
CUST-04717,72,Month-to-month,No,31.21,2334.9,Yes,No,Yes,Bank transfer,2,0,Yes,Yes,0
CUST-04718,13,Month-to-month,Fiber optic,35.07,460.06,Yes,No,Yes,Bank transfer,4,0,No,No,1
CUST-04719,60,One year,Fiber optic,106.82,6598.29,No,No,Yes,Electronic check,2,0,Yes,Yes,0
CUST-04720,10,One year,DSL,49.47,519.49,No,No,Yes,Mailed check,0,1,Yes,No,0
CUST-04721,1,Month-to-month,Fiber optic,41.43,76.78,Yes,No,No,Mailed check,2,1,No,No,1
CUST-04722,5,One year,Fiber optic,101.93,587.42,Yes,Yes,No,Mailed check,1,0,No,No,0
CUST-04723,13,One year,Fiber optic,90.28,1286.31,No,No,No,Bank transfer,1,0,No,Yes,0
CUST-04724,5,Month-to-month,No,96.85,532.75,No,No,Yes,Electronic check,0,1,No,No,1
CUST-04725,0,Two year,No,41.25,40.32,No,Yes,Yes,Mailed check,2,0,No,No,1
CUST-04726,59,Two year,DSL,26.87,1630.26,No,No,Yes,Bank transfer,1,0,No,Yes,0
CUST-04727,44,Month-to-month,DSL,68.33,3114.01,No,Yes,No,Credit card,0,1,Yes,No,0
CUST-04728,32,Month-to-month,No,73.38,2320.9,No,No,Yes,Credit card,3,0,Yes,No,0
CUST-04729,4,Month-to-month,No,74.12,359.47,No,No,Yes,Mailed check,1,0,Yes,Yes,0
CUST-04730,3,Month-to-month,No,101.95,419.43,Yes,No,Yes,Mailed check,0,0,No,No,1
CUST-04731,1,One year,Fiber optic,21.66,40.34,Yes,Yes,No,Mailed check,2,0,No,Yes,0
CUST-04732,30,Month-to-month,Fiber optic,86.49,2812.27,Yes,Yes,Yes,Credit card,2,0,No,No,1
CUST-04733,63,One year,DSL,37.58,2315.86,No,No,Yes,Credit card,2,0,No,No,0
CUST-04734,13,One year,DSL,86.39,1138.49,No,No,No,Electronic check,4,0,No,Yes,1
CUST-04735,3,One year,Fiber optic,53.13,191.35,Yes,No,Yes,Electronic check,2,1,No,Yes,1
CUST-04736,17,One year,Fiber optic,44.65,738.4,No,No,Yes,Mailed check,4,0,No,No,0
CUST-04737,10,Month-to-month,No,49.75,554.62,Yes,No,Yes,Electronic check,4,1,No,No,1
CUST-04738,11,Month-to-month,No,28.86,345.41,Yes,No,No,Credit card,0,0,Yes,Yes,1
CUST-04739,23,One year,Fiber optic,66.01,1484.39,Yes,No,Yes,Electronic check,3,0,No,Yes,1
CUST-04740,30,Month-to-month,No,45.68,1471.38,No,No,Yes,Electronic check,1,0,Yes,No,1
CUST-04741,2,Month-to-month,DSL,84.66,260.42,No,No,No,Credit card,2,0,Yes,No,0
CUST-04742,0,Two year,No,81.0,76.17,No,Yes,Yes,Electronic check,3,0,Yes,Yes,1
CUST-04743,72,One year,Fiber optic,107.2,7430.51,No,No,No,Electronic check,2,0,No,Yes,0
CUST-04744,6,Month-to-month,Fiber optic,74.16,481.59,No,No,No,Mailed check,2,0,Yes,No,1
CUST-04745,1,One year,Fiber optic,78.02,155.48,No,No,Yes,Bank transfer,1,0,No,No,0
CUST-04746,5,One year,DSL,100.0,603.1,Yes,Yes,Yes,Electronic check,1,0,Yes,No,1
CUST-04747,0,Month-to-month,DSL,49.31,47.31,Yes,No,No,Mailed check,1,1,No,Yes,1
CUST-04748,11,Month-to-month,Fiber optic,27.79,337.01,Yes,Yes,No,Electronic check,0,0,No,No,0
CUST-04749,38,Two year,No,70.0,2863.05,No,No,No,Bank transfer,2,0,Yes,No,0
CUST-04750,10,Month-to-month,Fiber optic,29.43,321.07,Yes,No,Yes,Mailed check,1,0,Yes,No,0
CUST-04751,14,Month-to-month,Fiber optic,120.0,1795.31,Yes,Yes,No,Credit card,4,0,No,No,1
CUST-04752,27,Month-to-month,DSL,101.39,2714.22,No,No,Yes,Mailed check,1,1,No,No,1
CUST-04753,17,One year,DSL,119.1,1932.82,Yes,No,Yes,Mailed check,1,0,No,No,0
CUST-04754,47,Month-to-month,Fiber optic,66.56,3332.54,No,No,No,Bank transfer,1,0,No,No,0
CUST-04755,48,Month-to-month,DSL,78.76,3920.42,No,No,No,Electronic check,0,0,No,No,1
CUST-04756,0,Month-to-month,DSL,53.51,53.74,Yes,No,Yes,Electronic check,1,0,No,No,0
CUST-04757,36,Two year,DSL,87.07,2913.84,Yes,No,No,Bank transfer,1,0,No,No,0
CUST-04758,14,Month-to-month,DSL,34.61,526.34,Yes,No,Yes,Electronic check,3,0,Yes,No,0
CUST-04759,72,One year,Fiber optic,18.0,1314.67,Yes,Yes,Yes,Bank transfer,1,0,No,No,0
CUST-04760,15,Two year,DSL,45.23,713.07,No,Yes,No,Electronic check,1,0,No,Yes,0
CUST-04761,72,Month-to-month,No,28.61,2075.04,No,No,Yes,Credit card,2,0,No,No,0
CUST-04762,33,Two year,Fiber optic,101.95,3597.17,Yes,No,No,Credit card,1,1,Yes,No,0
CUST-04763,6,Two year,Fiber optic,110.39,696.23,Yes,No,No,Mailed check,1,0,No,No,1
CUST-04764,18,Two year,No,29.93,525.19,No,Yes,Yes,Mailed check,0,0,No,No,0
CUST-04765,72,Month-to-month,Fiber optic,97.29,7345.16,Yes,No,No,Mailed check,0,0,Yes,No,0
CUST-04766,46,One year,DSL,88.78,3760.53,Yes,No,Yes,Credit card,1,1,No,No,0
CUST-04767,2,One year,No,25.76,80.03,No,No,Yes,Electronic check,1,1,Yes,No,1
CUST-04768,29,Two year,Fiber optic,55.24,1498.85,No,No,No,Bank transfer,1,0,No,Yes,0
CUST-04769,10,Month-to-month,Fiber optic,50.5,564.89,No,No,No,Bank transfer,3,0,Yes,Yes,1
CUST-04770,0,One year,No,83.7,86.52,No,No,Yes,Mailed check,0,0,Yes,Yes,0
CUST-04771,12,Month-to-month,No,34.28,442.02,Yes,No,Yes,Electronic check,3,0,Yes,No,1
CUST-04772,6,Month-to-month,DSL,62.53,436.05,No,Yes,Yes,Electronic check,0,0,No,Yes,1
CUST-04773,41,Month-to-month,DSL,47.85,1823.97,Yes,No,Yes,Credit card,1,1,No,Yes,0
CUST-04774,9,One year,No,76.83,715.77,No,No,Yes,Electronic check,1,0,Yes,No,1
CUST-04775,42,Month-to-month,DSL,59.58,2651.4,No,Yes,Yes,Bank transfer,2,1,Yes,No,0
CUST-04776,0,Month-to-month,Fiber optic,51.62,52.84,Yes,No,Yes,Electronic check,3,0,No,No,1
CUST-04777,8,Two year,Fiber optic,59.67,488.12,Yes,Yes,No,Electronic check,0,1,No,No,0
CUST-04778,6,Month-to-month,DSL,115.9,829.11,Yes,No,Yes,Mailed check,0,0,Yes,No,0
CUST-04779,6,One year,No,54.58,368.12,Yes,No,Yes,Credit card,1,0,Yes,No,0
CUST-04780,1,Month-to-month,No,38.97,76.7,Yes,No,No,Bank transfer,2,1,Yes,Yes,0
CUST-04781,4,Month-to-month,No,79.59,364.63,No,Yes,Yes,Bank transfer,3,0,No,No,1
CUST-04782,19,One year,No,61.41,1178.82,No,No,No,Bank transfer,2,0,Yes,No,0
CUST-04783,8,Two year,DSL,29.62,257.31,Yes,Yes,Yes,Bank transfer,0,0,Yes,Yes,0
CUST-04784,12,Month-to-month,Fiber optic,120.0,1560.66,Yes,No,Yes,Mailed check,1,0,Yes,Yes,0
CUST-04785,11,One year,DSL,56.19,673.36,Yes,Yes,Yes,Credit card,2,0,No,No,0
CUST-04786,50,Month-to-month,DSL,55.55,2782.99,Yes,No,Yes,Mailed check,2,0,No,No,0
CUST-04787,56,Month-to-month,DSL,69.0,3558.25,Yes,Yes,Yes,Bank transfer,3,0,No,No,0
CUST-04788,16,Month-to-month,Fiber optic,108.25,1700.81,No,Yes,Yes,Mailed check,0,0,No,No,1
CUST-04789,9,Month-to-month,No,23.01,212.62,Yes,Yes,Yes,Electronic check,0,0,No,No,0
CUST-04790,2,Month-to-month,DSL,71.9,222.85,No,No,Yes,Electronic check,2,1,No,No,1
CUST-04791,72,Month-to-month,Fiber optic,117.18,8855.73,No,No,Yes,Electronic check,2,0,Yes,No,0
CUST-04792,1,Month-to-month,DSL,68.22,139.3,No,Yes,No,Bank transfer,1,0,No,Yes,1
CUST-04793,8,Month-to-month,DSL,34.12,284.43,Yes,No,No,Electronic check,2,0,No,No,0
CUST-04794,8,Month-to-month,Fiber optic,49.54,457.46,No,No,No,Mailed check,2,1,No,No,0
CUST-04795,9,One year,No,70.17,651.28,No,Yes,No,Credit card,3,0,Yes,Yes,0
CUST-04796,4,Two year,Fiber optic,98.27,483.09,Yes,No,Yes,Bank transfer,0,0,Yes,No,0
CUST-04797,36,One year,Fiber optic,56.52,2112.32,Yes,No,Yes,Electronic check,0,0,No,Yes,0
CUST-04798,3,Month-to-month,Fiber optic,85.67,311.06,No,Yes,No,Bank transfer,2,0,No,No,0
CUST-04799,24,Two year,DSL,29.12,720.49,Yes,No,Yes,Electronic check,2,0,No,No,0
CUST-04800,3,One year,No,28.91,108.43,No,No,Yes,Bank transfer,2,0,No,No,0
CUST-04801,1,Month-to-month,No,52.93,103.18,Yes,No,Yes,Mailed check,0,0,Yes,No,1
CUST-04802,57,Month-to-month,No,100.95,5606.76,Yes,Yes,Yes,Electronic check,0,0,Yes,No,0
CUST-04803,5,One year,Fiber optic,66.72,401.52,Yes,No,Yes,Electronic check,3,1,Yes,No,1
CUST-04804,41,One year,Fiber optic,72.25,2953.72,Yes,No,No,Electronic check,1,0,Yes,No,1
CUST-04805,18,One year,DSL,71.95,1292.2,No,No,No,Electronic check,0,0,No,No,1
CUST-04806,1,One year,Fiber optic,92.73,192.24,No,Yes,Yes,Electronic check,2,0,Yes,No,0
CUST-04807,72,One year,No,49.74,3790.27,No,Yes,No,Credit card,1,1,Yes,No,0
CUST-04808,6,Two year,DSL,82.21,587.14,No,No,Yes,Mailed check,1,0,Yes,No,0
CUST-04809,47,Month-to-month,No,44.23,2095.68,Yes,No,No,Credit card,1,0,Yes,Yes,0
CUST-04810,4,Month-to-month,Fiber optic,114.58,591.61,No,No,No,Mailed check,3,0,Yes,No,1
CUST-04811,46,Two year,DSL,44.99,2093.92,No,No,Yes,Bank transfer,2,0,Yes,No,0
CUST-04812,0,Month-to-month,DSL,42.94,39.6,No,Yes,No,Electronic check,2,0,Yes,No,0
CUST-04813,17,One year,Fiber optic,78.74,1279.29,No,No,Yes,Electronic check,0,0,Yes,Yes,1
CUST-04814,35,Two year,DSL,66.99,2433.07,No,Yes,Yes,Mailed check,1,0,Yes,Yes,0
CUST-04815,65,One year,Fiber optic,73.17,4891.39,Yes,No,No,Credit card,0,0,No,Yes,0
CUST-04816,57,One year,Fiber optic,70.68,4258.8,No,No,No,Electronic check,1,0,Yes,Yes,0
CUST-04817,41,Month-to-month,Fiber optic,37.74,1622.54,Yes,No,No,Mailed check,1,0,Yes,No,0
CUST-04818,52,Month-to-month,Fiber optic,105.33,5559.81,No,No,No,Electronic check,2,0,Yes,No,0
CUST-04819,5,Month-to-month,DSL,87.34,486.59,Yes,No,No,Mailed check,1,0,No,Yes,0
CUST-04820,8,One year,Fiber optic,98.97,881.03,No,No,No,Bank transfer,1,0,Yes,No,1
CUST-04821,8,One year,Fiber optic,51.79,449.89,No,Yes,No,Bank transfer,3,0,No,Yes,1
CUST-04822,11,One year,Fiber optic,75.41,845.93,No,No,Yes,Electronic check,0,0,Yes,Yes,0
CUST-04823,11,Month-to-month,Fiber optic,69.93,855.83,No,Yes,Yes,Electronic check,0,0,Yes,Yes,0
CUST-04824,18,Month-to-month,Fiber optic,93.2,1633.45,No,No,Yes,Mailed check,2,0,Yes,No,0
CUST-04825,4,One year,Fiber optic,94.01,467.49,No,No,Yes,Credit card,1,0,Yes,Yes,1
CUST-04826,28,Month-to-month,DSL,69.83,2008.09,Yes,No,No,Mailed check,3,0,No,No,0
CUST-04827,4,Month-to-month,DSL,27.05,127.88,No,No,Yes,Mailed check,0,0,Yes,No,1
CUST-04828,8,One year,DSL,109.49,950.32,No,No,Yes,Mailed check,1,0,No,Yes,1
CUST-04829,16,One year,No,78.9,1230.62,No,No,No,Electronic check,1,0,No,No,0
CUST-04830,38,Month-to-month,DSL,49.79,1755.07,No,Yes,Yes,Bank transfer,0,1,Yes,No,0
CUST-04831,32,Two year,DSL,75.16,2237.1,Yes,No,Yes,Electronic check,2,0,No,Yes,0
CUST-04832,24,Month-to-month,No,27.22,630.24,Yes,No,Yes,Bank transfer,1,0,No,No,1
CUST-04833,4,Two year,Fiber optic,91.38,470.63,No,Yes,No,Mailed check,2,1,Yes,No,1
CUST-04834,19,Month-to-month,DSL,28.22,552.2,No,No,Yes,Bank transfer,3,0,Yes,No,1
CUST-04835,2,Month-to-month,Fiber optic,59.48,163.73,No,No,No,Electronic check,1,0,Yes,Yes,0
CUST-04836,11,Two year,Fiber optic,71.11,883.89,No,No,Yes,Credit card,2,0,Yes,No,0
CUST-04837,12,Month-to-month,DSL,90.97,1165.27,No,No,No,Electronic check,2,0,Yes,No,0
CUST-04838,0,One year,Fiber optic,67.66,61.18,No,Yes,Yes,Bank transfer,0,0,No,Yes,0
CUST-04839,7,Two year,Fiber optic,80.87,656.28,No,No,Yes,Bank transfer,2,1,No,No,1
CUST-04840,72,Two year,Fiber optic,64.3,4557.85,Yes,Yes,Yes,Mailed check,3,0,Yes,No,0
CUST-04841,72,Two year,Fiber optic,64.2,4592.54,No,No,Yes,Electronic check,2,0,Yes,No,0
CUST-04842,10,Month-to-month,Fiber optic,67.14,732.62,No,No,Yes,Credit card,5,0,Yes,Yes,1
CUST-04843,1,One year,DSL,60.27,110.19,No,Yes,Yes,Electronic check,1,1,Yes,No,1
CUST-04844,4,Month-to-month,DSL,22.84,119.01,Yes,No,Yes,Credit card,0,1,Yes,Yes,1
CUST-04845,11,Month-to-month,DSL,45.79,515.58,Yes,Yes,No,Electronic check,0,0,Yes,No,0
CUST-04846,70,Two year,Fiber optic,71.12,5015.56,No,Yes,Yes,Mailed check,2,0,Yes,No,0
CUST-04847,3,Month-to-month,No,58.77,241.74,Yes,No,No,Electronic check,2,0,Yes,No,0
CUST-04848,34,One year,DSL,61.1,2031.12,Yes,No,No,Electronic check,3,0,Yes,No,0
CUST-04849,2,Month-to-month,Fiber optic,56.92,169.76,Yes,Yes,Yes,Electronic check,1,0,Yes,No,0
CUST-04850,72,One year,No,43.41,3322.09,No,Yes,Yes,Electronic check,0,0,Yes,No,1
CUST-04851,11,Two year,DSL,52.67,649.59,No,Yes,No,Credit card,2,1,Yes,Yes,0
CUST-04852,35,Month-to-month,DSL,57.33,2098.74,No,Yes,No,Bank transfer,1,0,Yes,No,1
CUST-04853,10,One year,Fiber optic,65.13,692.0,Yes,No,No,Electronic check,4,1,No,No,0
CUST-04854,23,Two year,DSL,74.83,1737.89,No,No,No,Electronic check,1,1,No,No,0
CUST-04855,5,Month-to-month,No,60.49,353.08,No,Yes,Yes,Bank transfer,1,0,Yes,No,0
CUST-04856,3,Month-to-month,DSL,39.26,157.6,Yes,No,Yes,Mailed check,2,0,Yes,No,0
CUST-04857,66,One year,DSL,30.05,1855.61,Yes,Yes,No,Credit card,1,0,Yes,No,0
CUST-04858,59,Month-to-month,DSL,120.0,7409.91,No,No,No,Mailed check,4,1,Yes,Yes,0
CUST-04859,52,Month-to-month,No,36.75,1758.26,No,Yes,No,Bank transfer,0,0,Yes,Yes,0
CUST-04860,23,Two year,Fiber optic,52.03,1155.69,No,No,No,Bank transfer,1,0,Yes,No,1
CUST-04861,39,Month-to-month,DSL,77.93,3030.77,Yes,No,Yes,Bank transfer,2,1,Yes,Yes,0
CUST-04862,1,Two year,Fiber optic,74.02,138.83,No,No,No,Electronic check,4,0,No,Yes,0
CUST-04863,9,Two year,DSL,78.02,744.96,No,No,No,Mailed check,2,0,No,No,0
CUST-04864,9,One year,DSL,53.93,512.27,No,Yes,Yes,Electronic check,1,1,No,No,0
CUST-04865,24,Month-to-month,Fiber optic,70.96,1668.17,No,No,Yes,Bank transfer,1,0,No,Yes,0
CUST-04866,10,Month-to-month,DSL,66.53,700.39,No,Yes,Yes,Mailed check,5,1,Yes,No,1
CUST-04867,3,Month-to-month,Fiber optic,57.2,223.26,No,Yes,No,Bank transfer,0,0,No,No,1
CUST-04868,21,Two year,Fiber optic,71.14,1520.4,Yes,Yes,Yes,Electronic check,2,0,Yes,No,0
CUST-04869,40,Month-to-month,Fiber optic,91.38,3828.21,No,Yes,Yes,Mailed check,1,0,No,No,0
CUST-04870,11,Month-to-month,Fiber optic,64.44,731.69,Yes,Yes,Yes,Electronic check,1,0,No,No,0
CUST-04871,3,Month-to-month,Fiber optic,64.61,243.52,No,No,Yes,Bank transfer,2,0,Yes,Yes,0
CUST-04872,5,Month-to-month,Fiber optic,91.7,536.81,Yes,Yes,Yes,Credit card,5,0,No,No,1
CUST-04873,6,Month-to-month,DSL,89.03,565.37,No,No,No,Bank transfer,0,1,Yes,Yes,0
CUST-04874,8,One year,DSL,104.6,863.05,Yes,Yes,No,Credit card,3,0,Yes,No,0
CUST-04875,24,Month-to-month,DSL,21.09,538.04,No,No,Yes,Credit card,1,0,No,No,1
CUST-04876,22,Month-to-month,Fiber optic,87.63,1963.2,Yes,Yes,No,Bank transfer,0,0,Yes,No,0
CUST-04877,28,Month-to-month,No,80.04,2112.21,No,No,No,Electronic check,1,0,No,No,0
CUST-04878,10,One year,DSL,42.86,455.46,No,No,Yes,Electronic check,2,1,Yes,Yes,0
CUST-04879,41,One year,Fiber optic,71.29,2873.63,No,Yes,Yes,Mailed check,2,0,Yes,No,0
CUST-04880,5,Month-to-month,No,91.28,513.13,Yes,Yes,Yes,Credit card,2,0,No,No,1
CUST-04881,15,One year,Fiber optic,44.27,677.02,No,Yes,Yes,Mailed check,2,0,No,No,0
CUST-04882,38,Month-to-month,DSL,76.06,2753.51,Yes,Yes,No,Electronic check,0,0,Yes,No,0
CUST-04883,4,Two year,DSL,86.78,419.74,No,Yes,No,Credit card,2,0,Yes,No,0
CUST-04884,2,Month-to-month,Fiber optic,38.22,110.22,No,No,Yes,Mailed check,0,1,No,No,0
CUST-04885,51,One year,No,61.44,3166.53,No,No,No,Bank transfer,0,0,No,No,0
CUST-04886,10,Two year,Fiber optic,72.52,830.68,Yes,No,No,Bank transfer,1,0,Yes,No,0
CUST-04887,27,Two year,Fiber optic,45.1,1171.65,Yes,Yes,No,Credit card,0,1,No,Yes,0
CUST-04888,0,Month-to-month,No,43.02,41.41,No,No,Yes,Credit card,4,0,No,Yes,1
CUST-04889,28,Month-to-month,No,61.62,1758.98,Yes,Yes,No,Credit card,2,0,Yes,Yes,0
CUST-04890,9,One year,DSL,85.04,835.13,No,No,No,Bank transfer,1,0,Yes,No,0
CUST-04891,1,Month-to-month,DSL,81.09,162.05,No,Yes,No,Mailed check,0,1,Yes,No,0
CUST-04892,22,Two year,Fiber optic,43.46,939.79,No,Yes,Yes,Bank transfer,0,0,No,Yes,0
CUST-04893,6,One year,DSL,81.3,566.36,No,No,No,Credit card,3,0,No,Yes,1
CUST-04894,11,One year,Fiber optic,44.1,492.25,Yes,No,Yes,Mailed check,0,0,No,No,1
CUST-04895,2,Month-to-month,Fiber optic,24.75,68.22,No,No,No,Electronic check,2,1,No,No,0
CUST-04896,3,One year,DSL,55.82,228.81,No,No,No,Electronic check,0,0,No,No,0
CUST-04897,8,One year,Fiber optic,93.07,813.39,Yes,No,Yes,Bank transfer,2,0,Yes,No,0
CUST-04898,2,Two year,Fiber optic,81.4,234.33,Yes,No,Yes,Electronic check,1,0,Yes,Yes,0
CUST-04899,58,Month-to-month,Fiber optic,64.96,3983.18,No,No,No,Bank transfer,0,0,Yes,No,0
CUST-04900,0,Month-to-month,Fiber optic,54.58,54.93,Yes,Yes,Yes,Electronic check,3,1,No,No,0
CUST-04901,15,Month-to-month,Fiber optic,55.26,885.55,No,Yes,Yes,Electronic check,1,0,No,Yes,0
CUST-04902,3,Month-to-month,Fiber optic,67.72,251.69,Yes,No,No,Electronic check,0,0,No,No,1
CUST-04903,8,One year,Fiber optic,38.29,320.97,Yes,Yes,No,Bank transfer,4,0,Yes,No,0
CUST-04904,62,Two year,DSL,56.3,3449.24,Yes,No,Yes,Electronic check,2,0,No,No,0
CUST-04905,4,Month-to-month,No,59.61,297.41,Yes,Yes,Yes,Mailed check,1,0,Yes,No,1
CUST-04906,72,Two year,DSL,31.22,2186.28,No,No,No,Credit card,1,0,No,No,0
CUST-04907,5,Month-to-month,DSL,44.04,240.36,Yes,No,No,Credit card,0,0,Yes,No,0
CUST-04908,32,Month-to-month,Fiber optic,75.26,2489.68,No,Yes,Yes,Credit card,0,0,Yes,No,0
CUST-04909,18,Month-to-month,Fiber optic,65.24,1259.47,No,No,Yes,Bank transfer,1,0,Yes,No,0
CUST-04910,51,Month-to-month,Fiber optic,57.28,3102.6,No,No,Yes,Credit card,0,1,No,Yes,1
CUST-04911,19,Two year,DSL,42.21,811.54,Yes,No,No,Bank transfer,0,0,No,Yes,0
CUST-04912,18,Month-to-month,DSL,104.42,1862.38,No,Yes,Yes,Credit card,0,0,Yes,Yes,0
CUST-04913,5,One year,DSL,44.05,274.57,Yes,No,Yes,Electronic check,2,0,No,No,0
CUST-04914,4,Month-to-month,Fiber optic,71.29,359.04,No,Yes,Yes,Electronic check,0,0,No,No,0
CUST-04915,59,Two year,Fiber optic,52.8,2881.61,No,No,Yes,Electronic check,4,0,No,No,0
CUST-04916,9,Month-to-month,DSL,65.91,650.53,Yes,No,No,Credit card,2,1,No,No,0
CUST-04917,11,Month-to-month,Fiber optic,76.44,829.48,No,No,Yes,Bank transfer,2,0,Yes,No,1
CUST-04918,34,Month-to-month,DSL,30.74,1004.87,Yes,Yes,Yes,Mailed check,0,0,No,No,0
CUST-04919,9,Month-to-month,DSL,64.83,590.37,No,No,Yes,Mailed check,1,0,Yes,Yes,0
CUST-04920,72,Month-to-month,DSL,94.77,6439.01,Yes,No,Yes,Credit card,0,0,Yes,No,0
CUST-04921,32,Two year,No,109.04,3502.92,No,Yes,No,Credit card,1,0,No,No,0
CUST-04922,21,One year,No,61.75,1283.55,No,No,Yes,Bank transfer,3,0,Yes,No,0
CUST-04923,51,One year,DSL,66.04,3136.01,Yes,No,No,Bank transfer,0,0,No,No,0
CUST-04924,1,Month-to-month,DSL,120.0,233.35,No,No,Yes,Electronic check,2,0,Yes,No,0
CUST-04925,7,Month-to-month,Fiber optic,93.37,751.65,No,No,Yes,Mailed check,2,0,Yes,No,1
CUST-04926,15,Month-to-month,No,49.57,720.13,No,Yes,Yes,Credit card,1,0,No,No,0
CUST-04927,6,Two year,DSL,49.53,357.93,No,Yes,No,Bank transfer,2,0,No,No,0
CUST-04928,32,Two year,Fiber optic,88.91,2928.05,No,Yes,Yes,Bank transfer,3,0,No,No,0
CUST-04929,60,Two year,Fiber optic,39.72,2369.41,Yes,Yes,No,Electronic check,4,0,Yes,Yes,0
CUST-04930,13,Two year,Fiber optic,92.19,1238.32,No,No,Yes,Electronic check,1,0,No,No,0
CUST-04931,10,Month-to-month,DSL,73.36,773.87,No,Yes,Yes,Electronic check,1,0,Yes,No,1
CUST-04932,72,Month-to-month,DSL,77.94,5407.04,No,Yes,Yes,Bank transfer,2,0,Yes,No,0
CUST-04933,14,Month-to-month,Fiber optic,58.58,806.08,No,No,No,Mailed check,2,0,No,No,0
CUST-04934,16,Month-to-month,Fiber optic,49.25,763.48,Yes,No,Yes,Credit card,0,0,No,No,0
CUST-04935,10,Month-to-month,No,101.55,1057.09,Yes,No,No,Bank transfer,0,0,Yes,No,1
CUST-04936,57,Month-to-month,DSL,58.83,3412.34,Yes,No,No,Electronic check,1,1,Yes,No,0
CUST-04937,20,One year,No,54.73,1084.12,Yes,No,Yes,Electronic check,0,1,No,No,0
CUST-04938,34,Two year,Fiber optic,63.0,2253.16,Yes,Yes,Yes,Credit card,2,0,No,No,0
CUST-04939,40,One year,DSL,69.83,2740.04,No,No,Yes,Mailed check,3,1,Yes,No,0
CUST-04940,10,Two year,DSL,39.23,429.23,Yes,No,Yes,Bank transfer,1,1,No,Yes,0
CUST-04941,13,Month-to-month,Fiber optic,50.88,687.24,No,No,Yes,Bank transfer,1,0,Yes,No,0
CUST-04942,45,Month-to-month,Fiber optic,49.55,2221.57,Yes,No,No,Electronic check,0,1,Yes,No,0
CUST-04943,10,One year,Fiber optic,86.13,888.24,No,No,No,Electronic check,2,0,Yes,No,1
CUST-04944,37,Month-to-month,Fiber optic,42.85,1590.98,No,No,No,Mailed check,1,0,Yes,No,0
CUST-04945,67,Month-to-month,No,21.11,1315.76,Yes,Yes,No,Mailed check,1,1,Yes,Yes,0
CUST-04946,23,Month-to-month,Fiber optic,18.0,413.86,No,No,Yes,Bank transfer,1,0,Yes,No,0
CUST-04947,32,Month-to-month,Fiber optic,28.24,901.4,No,No,Yes,Bank transfer,1,0,Yes,Yes,0
CUST-04948,39,Month-to-month,DSL,99.04,3983.78,No,No,Yes,Credit card,0,1,No,No,0
CUST-04949,44,Month-to-month,Fiber optic,65.41,2825.81,Yes,No,Yes,Credit card,4,0,No,No,1
CUST-04950,12,Month-to-month,DSL,77.53,1007.7,No,Yes,Yes,Mailed check,1,0,Yes,No,1
CUST-04951,1,One year,Fiber optic,78.41,145.25,No,Yes,Yes,Mailed check,3,0,Yes,Yes,1
CUST-04952,12,Month-to-month,DSL,66.4,780.15,Yes,Yes,No,Bank transfer,0,0,Yes,No,1
CUST-04953,26,Month-to-month,Fiber optic,63.13,1663.42,No,Yes,No,Electronic check,1,0,No,No,0
CUST-04954,14,Month-to-month,DSL,91.11,1327.13,Yes,No,Yes,Credit card,0,1,No,No,0
CUST-04955,33,Month-to-month,DSL,68.65,2335.18,Yes,Yes,No,Mailed check,1,0,No,No,0
CUST-04956,10,One year,No,99.98,1041.53,No,No,No,Credit card,2,0,Yes,No,0
CUST-04957,24,One year,No,80.52,1820.72,No,No,Yes,Credit card,0,0,Yes,No,0
CUST-04958,4,One year,DSL,49.56,249.92,Yes,No,Yes,Bank transfer,1,0,Yes,No,1
CUST-04959,33,Month-to-month,Fiber optic,52.57,1861.26,No,Yes,No,Electronic check,0,0,Yes,No,0
CUST-04960,18,One year,DSL,46.81,853.05,Yes,No,No,Bank transfer,1,0,No,No,0
CUST-04961,5,One year,DSL,95.44,567.87,Yes,Yes,No,Bank transfer,2,0,No,No,0
CUST-04962,8,Month-to-month,No,54.87,484.79,No,No,Yes,Bank transfer,1,1,No,No,1
CUST-04963,33,Month-to-month,Fiber optic,45.04,1508.24,No,No,Yes,Electronic check,2,1,No,No,0
CUST-04964,15,Month-to-month,Fiber optic,72.99,1203.0,Yes,No,Yes,Mailed check,3,0,Yes,Yes,1
CUST-04965,5,One year,DSL,62.57,379.34,Yes,Yes,No,Credit card,0,0,No,No,1
CUST-04966,72,One year,Fiber optic,72.36,5363.99,No,No,Yes,Credit card,0,0,No,Yes,0
CUST-04967,30,Month-to-month,Fiber optic,112.25,3178.77,No,Yes,Yes,Electronic check,1,1,Yes,No,1
CUST-04968,72,One year,Fiber optic,87.83,5911.53,No,Yes,Yes,Credit card,3,1,No,Yes,0
CUST-04969,13,Month-to-month,DSL,65.68,919.06,Yes,No,Yes,Electronic check,1,0,No,No,1
CUST-04970,15,Month-to-month,No,29.79,467.62,No,No,Yes,Credit card,1,0,Yes,Yes,0
CUST-04971,54,Two year,DSL,52.5,2934.11,No,Yes,No,Electronic check,1,0,Yes,Yes,0
CUST-04972,17,Two year,Fiber optic,82.78,1361.84,No,No,Yes,Credit card,2,0,Yes,Yes,0
CUST-04973,29,Month-to-month,Fiber optic,35.72,1055.5,No,Yes,Yes,Bank transfer,1,1,Yes,No,0
CUST-04974,6,Month-to-month,Fiber optic,118.52,807.17,No,Yes,Yes,Mailed check,0,0,Yes,No,1
CUST-04975,14,Month-to-month,DSL,65.36,1008.05,Yes,No,Yes,Electronic check,5,0,No,Yes,0
CUST-04976,3,Month-to-month,DSL,66.22,245.83,Yes,Yes,Yes,Electronic check,1,0,No,Yes,1
CUST-04977,5,Two year,Fiber optic,48.33,276.15,Yes,Yes,Yes,Bank transfer,0,0,Yes,Yes,0
CUST-04978,0,Two year,DSL,77.42,71.43,Yes,Yes,No,Credit card,2,0,Yes,No,0
CUST-04979,0,One year,DSL,36.05,34.89,No,Yes,Yes,Bank transfer,1,0,No,Yes,1
CUST-04980,72,Month-to-month,Fiber optic,119.12,8975.86,No,Yes,Yes,Credit card,1,0,Yes,No,0
CUST-04981,6,One year,Fiber optic,97.93,685.89,Yes,No,Yes,Bank transfer,0,0,Yes,Yes,0
CUST-04982,26,Month-to-month,No,89.61,2447.64,No,No,Yes,Credit card,2,0,No,No,1
CUST-04983,43,Two year,Fiber optic,30.24,1216.13,No,No,Yes,Bank transfer,2,0,Yes,No,0
CUST-04984,19,Two year,DSL,70.14,1357.64,Yes,No,No,Electronic check,4,0,No,No,0
CUST-04985,3,One year,DSL,95.23,390.75,No,No,No,Bank transfer,0,0,Yes,No,0
CUST-04986,31,Month-to-month,DSL,79.83,2620.01,No,No,No,Electronic check,3,0,No,No,1
CUST-04987,22,Month-to-month,DSL,39.95,963.14,Yes,No,Yes,Credit card,3,1,No,No,0
CUST-04988,31,Month-to-month,DSL,48.75,1527.09,Yes,Yes,Yes,Mailed check,0,1,No,No,0
CUST-04989,35,Two year,No,53.7,1740.48,Yes,Yes,No,Electronic check,3,0,No,Yes,0
CUST-04990,72,Month-to-month,No,49.91,3770.44,Yes,No,Yes,Electronic check,1,0,Yes,Yes,0
CUST-04991,20,Month-to-month,DSL,103.22,2261.76,Yes,Yes,Yes,Bank transfer,4,1,Yes,No,1
CUST-04992,10,Month-to-month,Fiber optic,18.0,205.75,No,No,No,Electronic check,3,1,Yes,No,1
CUST-04993,25,Two year,Fiber optic,81.4,2149.81,No,No,Yes,Credit card,2,0,No,No,0
CUST-04994,1,Month-to-month,DSL,32.69,60.92,No,Yes,No,Electronic check,1,0,No,No,1
CUST-04995,54,Two year,DSL,40.97,2075.02,Yes,No,Yes,Electronic check,1,0,No,No,0
CUST-04996,3,Two year,Fiber optic,18.0,72.37,Yes,Yes,Yes,Electronic check,3,0,Yes,No,0
CUST-04997,9,Two year,Fiber optic,51.27,472.23,No,No,No,Electronic check,0,0,Yes,Yes,0
CUST-04998,40,Month-to-month,DSL,102.77,4394.74,No,No,Yes,Mailed check,1,0,Yes,No,0
CUST-04999,21,Month-to-month,Fiber optic,71.62,1523.45,Yes,No,Yes,Mailed check,3,0,No,Yes,0
